LAT,LON,YEAR,MO,DY,TEMPERATURE,RADIATION
8.25,74.25,2020,3,31,29.39,6.44
8.25,74.75,2020,3,31,29.19,6.44
8.25,75.25,2020,3,31,28.99,6.59
8.25,75.75,2020,3,31,28.94,6.59
8.25,76.25,2020,3,31,29.15,6.94
8.25,76.75,2020,3,31,29.94,6.94
8.25,77.25,2020,3,31,29.9,6.66
8.75,74.25,2020,3,31,29.4,6.44
8.75,74.75,2020,3,31,29.26,6.44
8.75,75.25,2020,3,31,29.1,6.59
8.75,75.75,2020,3,31,29.14,6.59
8.75,76.25,2020,3,31,29.56,6.94
8.75,76.75,2020,3,31,30.11,6.94
8.75,77.25,2020,3,31,30,6.66
9.25,74.25,2020,3,31,29.39,6.66
9.25,74.75,2020,3,31,29.3,6.66
9.25,75.25,2020,3,31,29.19,6.61
9.25,75.75,2020,3,31,29.33,6.61
9.25,76.25,2020,3,31,30.18,7.06
9.25,76.75,2020,3,31,29.29,7.06
9.25,77.25,2020,3,31,29.31,7.19
9.75,74.25,2020,3,31,29.43,6.66
9.75,74.75,2020,3,31,29.34,6.66
9.75,75.25,2020,3,31,29.24,6.61
9.75,75.75,2020,3,31,29.49,6.61
9.75,76.25,2020,3,31,30.79,7.06
9.75,76.75,2020,3,31,28.21,7.06
9.75,77.25,2020,3,31,27.92,7.19
10.25,74.25,2020,3,31,29.42,6.68
10.25,74.75,2020,3,31,29.37,6.68
10.25,75.25,2020,3,31,29.39,7
10.25,75.75,2020,3,31,29.85,7
10.25,76.25,2020,3,31,31.39,7.1
10.25,76.75,2020,3,31,28.53,7.1
10.25,77.25,2020,3,31,28.05,7.26
10.75,74.25,2020,3,31,29.42,6.68
10.75,74.75,2020,3,31,29.4,6.68
10.75,75.25,2020,3,31,29.66,7
10.75,75.75,2020,3,31,30.26,7
10.75,76.25,2020,3,31,30.99,7.1
10.75,76.75,2020,3,31,29.47,7.1
10.75,77.25,2020,3,31,29.64,7.26
11.25,74.25,2020,3,31,29.4,6.75
11.25,74.75,2020,3,31,29.48,6.75
11.25,75.25,2020,3,31,29.87,7.28
11.25,75.75,2020,3,31,30.17,7.28
11.25,76.25,2020,3,31,29.35,7.31
11.25,76.75,2020,3,31,28.68,7.31
11.25,77.25,2020,3,31,29.75,7.46
11.75,74.25,2020,3,31,29.36,6.75
11.75,74.75,2020,3,31,29.63,6.75
11.75,75.25,2020,3,31,29.87,7.28
11.75,75.75,2020,3,31,29.67,7.28
11.75,76.25,2020,3,31,28.53,7.31
11.75,76.75,2020,3,31,28.12,7.31
11.75,77.25,2020,3,31,28.87,7.46
12.25,74.25,2020,3,31,29.33,7.07
12.25,74.75,2020,3,31,29.88,7.07
12.25,75.25,2020,3,31,29.86,7.28
12.25,75.75,2020,3,31,29.14,7.28
12.25,76.25,2020,3,31,28.42,7.44
12.25,76.75,2020,3,31,28.63,7.44
12.25,77.25,2020,3,31,28.57,7.51
12.75,74.25,2020,3,31,29.38,7.07
12.75,74.75,2020,3,31,30.11,7.07
12.75,75.25,2020,3,31,29.89,7.28
12.75,75.75,2020,3,31,28.71,7.28
12.75,76.25,2020,3,31,28.03,7.44
12.75,76.75,2020,3,31,28.63,7.44
12.75,77.25,2020,3,31,28.28,7.51
8.25,74.25,2020,4,1,29.28,6.1
8.25,74.75,2020,4,1,29.22,6.1
8.25,75.25,2020,4,1,29.24,6.12
8.25,75.75,2020,4,1,29.4,6.12
8.25,76.25,2020,4,1,29.69,6.96
8.25,76.75,2020,4,1,30.12,6.96
8.25,77.25,2020,4,1,29.75,7.17
8.75,74.25,2020,4,1,29.25,6.1
8.75,74.75,2020,4,1,29.21,6.1
8.75,75.25,2020,4,1,29.23,6.12
8.75,75.75,2020,4,1,29.48,6.12
8.75,76.25,2020,4,1,30.15,6.96
8.75,76.75,2020,4,1,30.33,6.96
8.75,77.25,2020,4,1,29.8,7.17
9.25,74.25,2020,4,1,29.3,6.68
9.25,74.75,2020,4,1,29.22,6.68
9.25,75.25,2020,4,1,29.19,6.6
9.25,75.75,2020,4,1,29.51,6.6
9.25,76.25,2020,4,1,30.71,7.27
9.25,76.75,2020,4,1,29.62,7.27
9.25,77.25,2020,4,1,29.26,7.4
9.75,74.25,2020,4,1,29.35,6.68
9.75,74.75,2020,4,1,29.28,6.68
9.75,75.25,2020,4,1,29.23,6.6
9.75,75.75,2020,4,1,29.64,6.6
9.75,76.25,2020,4,1,31.32,7.27
9.75,76.75,2020,4,1,28.74,7.27
9.75,77.25,2020,4,1,28.08,7.4
10.25,74.25,2020,4,1,29.36,6.9
10.25,74.75,2020,4,1,29.33,6.9
10.25,75.25,2020,4,1,29.42,7.15
10.25,75.75,2020,4,1,30.03,7.15
10.25,76.25,2020,4,1,31.87,7.39
10.25,76.75,2020,4,1,29.12,7.39
10.25,77.25,2020,4,1,28.36,7.56
10.75,74.25,2020,4,1,29.38,6.9
10.75,74.75,2020,4,1,29.38,6.9
10.75,75.25,2020,4,1,29.75,7.15
10.75,75.75,2020,4,1,30.49,7.15
10.75,76.25,2020,4,1,31.29,7.39
10.75,76.75,2020,4,1,29.79,7.39
10.75,77.25,2020,4,1,29.86,7.56
11.25,74.25,2020,4,1,29.41,6.95
11.25,74.75,2020,4,1,29.51,6.95
11.25,75.25,2020,4,1,30.05,7.42
11.25,75.75,2020,4,1,30.49,7.42
11.25,76.25,2020,4,1,29.51,7.63
11.25,76.75,2020,4,1,28.7,7.63
11.25,77.25,2020,4,1,29.81,7.56
11.75,74.25,2020,4,1,29.45,6.95
11.75,74.75,2020,4,1,29.77,6.95
11.75,75.25,2020,4,1,30.12,7.42
11.75,75.75,2020,4,1,30,7.42
11.75,76.25,2020,4,1,28.63,7.63
11.75,76.75,2020,4,1,28.09,7.63
11.75,77.25,2020,4,1,28.96,7.56
12.25,74.25,2020,4,1,29.51,7.13
12.25,74.75,2020,4,1,30.14,7.13
12.25,75.25,2020,4,1,30.18,7.5
12.25,75.75,2020,4,1,29.42,7.5
12.25,76.25,2020,4,1,28.5,7.64
12.25,76.75,2020,4,1,28.77,7.64
12.25,77.25,2020,4,1,28.85,7.65
12.75,74.25,2020,4,1,29.65,7.13
12.75,74.75,2020,4,1,30.46,7.13
12.75,75.25,2020,4,1,30.25,7.5
12.75,75.75,2020,4,1,29.03,7.5
12.75,76.25,2020,4,1,28.28,7.64
12.75,76.75,2020,4,1,29,7.64
12.75,77.25,2020,4,1,28.79,7.65
8.25,74.25,2020,4,2,29.26,6.85
8.25,74.75,2020,4,2,29.43,6.85
8.25,75.25,2020,4,2,29.54,6.79
8.25,75.75,2020,4,2,29.55,6.79
8.25,76.25,2020,4,2,29.5,6.99
8.25,76.75,2020,4,2,29.91,6.99
8.25,77.25,2020,4,2,29.76,6.76
8.75,74.25,2020,4,2,29.23,6.85
8.75,74.75,2020,4,2,29.38,6.85
8.75,75.25,2020,4,2,29.58,6.79
8.75,75.75,2020,4,2,29.82,6.79
8.75,76.25,2020,4,2,30.12,6.99
8.75,76.75,2020,4,2,30.31,6.99
8.75,77.25,2020,4,2,29.98,6.76
9.25,74.25,2020,4,2,29.22,6.74
9.25,74.75,2020,4,2,29.3,6.74
9.25,75.25,2020,4,2,29.47,6.87
9.25,75.75,2020,4,2,29.91,6.87
9.25,76.25,2020,4,2,30.94,7.24
9.25,76.75,2020,4,2,29.83,7.24
9.25,77.25,2020,4,2,29.48,7.19
9.75,74.25,2020,4,2,29.26,6.74
9.75,74.75,2020,4,2,29.29,6.74
9.75,75.25,2020,4,2,29.38,6.87
9.75,75.75,2020,4,2,29.9,6.87
9.75,76.25,2020,4,2,31.58,7.24
9.75,76.75,2020,4,2,29.01,7.24
9.75,77.25,2020,4,2,28.35,7.19
10.25,74.25,2020,4,2,29.32,6.68
10.25,74.75,2020,4,2,29.32,6.68
10.25,75.25,2020,4,2,29.42,6.79
10.25,75.75,2020,4,2,30.05,6.79
10.25,76.25,2020,4,2,31.97,7.11
10.25,76.75,2020,4,2,29.47,7.11
10.25,77.25,2020,4,2,28.86,7.32
10.75,74.25,2020,4,2,29.37,6.68
10.75,74.75,2020,4,2,29.35,6.68
10.75,75.25,2020,4,2,29.6,6.79
10.75,75.75,2020,4,2,30.29,6.79
10.75,76.25,2020,4,2,31.43,7.11
10.75,76.75,2020,4,2,30.46,7.11
10.75,77.25,2020,4,2,30.71,7.32
11.25,74.25,2020,4,2,29.39,6.83
11.25,74.75,2020,4,2,29.45,6.83
11.25,75.25,2020,4,2,29.78,7.22
11.25,75.75,2020,4,2,30.14,7.22
11.25,76.25,2020,4,2,29.85,7.11
11.25,76.75,2020,4,2,29.78,7.11
11.25,77.25,2020,4,2,30.91,7.24
11.75,74.25,2020,4,2,29.42,6.83
11.75,74.75,2020,4,2,29.64,6.83
11.75,75.25,2020,4,2,29.76,7.22
11.75,75.75,2020,4,2,29.62,7.22
11.75,76.25,2020,4,2,29.14,7.11
11.75,76.75,2020,4,2,29.26,7.11
11.75,77.25,2020,4,2,30.02,7.24
12.25,74.25,2020,4,2,29.48,6.89
12.25,74.75,2020,4,2,29.84,6.89
12.25,75.25,2020,4,2,29.73,6.99
12.25,75.75,2020,4,2,29.22,6.99
12.25,76.25,2020,4,2,29.25,7.19
12.25,76.75,2020,4,2,29.88,7.19
12.25,77.25,2020,4,2,29.86,7.26
12.75,74.25,2020,4,2,29.58,6.89
12.75,74.75,2020,4,2,30,6.89
12.75,75.25,2020,4,2,29.73,6.99
12.75,75.75,2020,4,2,29,6.99
12.75,76.25,2020,4,2,29.21,7.19
12.75,76.75,2020,4,2,30.13,7.19
12.75,77.25,2020,4,2,29.82,7.26
8.25,74.25,2020,4,3,29.11,6.07
8.25,74.75,2020,4,3,29.04,6.07
8.25,75.25,2020,4,3,28.89,6.1
8.25,75.75,2020,4,3,28.71,6.1
8.25,76.25,2020,4,3,28.67,6.92
8.25,76.75,2020,4,3,29.32,6.92
8.25,77.25,2020,4,3,29.43,6.53
8.75,74.25,2020,4,3,29.15,6.07
8.75,74.75,2020,4,3,29.16,6.07
8.75,75.25,2020,4,3,29.11,6.1
8.75,75.75,2020,4,3,29.11,6.1
8.75,76.25,2020,4,3,29.42,6.92
8.75,76.75,2020,4,3,30.06,6.92
8.75,77.25,2020,4,3,30.05,6.53
9.25,74.25,2020,4,3,29.25,6.46
9.25,74.75,2020,4,3,29.27,6.46
9.25,75.25,2020,4,3,29.27,6.25
9.25,75.75,2020,4,3,29.45,6.25
9.25,76.25,2020,4,3,30.23,6.88
9.25,76.75,2020,4,3,29.85,6.88
9.25,77.25,2020,4,3,29.74,6.99
9.75,74.25,2020,4,3,29.47,6.46
9.75,74.75,2020,4,3,29.47,6.46
9.75,75.25,2020,4,3,29.45,6.25
9.75,75.75,2020,4,3,29.72,6.25
9.75,76.25,2020,4,3,30.86,6.88
9.75,76.75,2020,4,3,28.99,6.88
9.75,77.25,2020,4,3,28.59,6.99
10.25,74.25,2020,4,3,29.6,6.69
10.25,74.75,2020,4,3,29.6,6.69
10.25,75.25,2020,4,3,29.64,6.82
10.25,75.75,2020,4,3,30.06,6.82
10.25,76.25,2020,4,3,31.41,6.87
10.25,76.75,2020,4,3,29.33,6.87
10.25,77.25,2020,4,3,28.94,7.21
10.75,74.25,2020,4,3,29.52,6.69
10.75,74.75,2020,4,3,29.56,6.69
10.75,75.25,2020,4,3,29.78,6.82
10.75,75.75,2020,4,3,30.28,6.82
10.75,76.25,2020,4,3,31.09,6.87
10.75,76.75,2020,4,3,30.32,6.87
10.75,77.25,2020,4,3,30.6,7.21
11.25,74.25,2020,4,3,29.35,6.54
11.25,74.75,2020,4,3,29.51,6.54
11.25,75.25,2020,4,3,29.8,6.82
11.25,75.75,2020,4,3,30.03,6.82
11.25,76.25,2020,4,3,29.67,7.1
11.25,76.75,2020,4,3,29.59,7.1
11.25,77.25,2020,4,3,30.62,7.24
11.75,74.25,2020,4,3,29.24,6.54
11.75,74.75,2020,4,3,29.55,6.54
11.75,75.25,2020,4,3,29.72,6.82
11.75,75.75,2020,4,3,29.59,6.82
11.75,76.25,2020,4,3,29.19,7.1
11.75,76.75,2020,4,3,29.16,7.1
11.75,77.25,2020,4,3,29.75,7.24
12.25,74.25,2020,4,3,29.21,6.66
12.25,74.75,2020,4,3,29.68,6.66
12.25,75.25,2020,4,3,29.73,6.67
12.25,75.75,2020,4,3,29.44,6.67
12.25,76.25,2020,4,3,29.62,7.23
12.25,76.75,2020,4,3,29.97,7.23
12.25,77.25,2020,4,3,29.68,7.29
12.75,74.25,2020,4,3,29.32,6.66
12.75,74.75,2020,4,3,29.89,6.66
12.75,75.25,2020,4,3,29.88,6.67
12.75,75.75,2020,4,3,29.48,6.67
12.75,76.25,2020,4,3,29.89,7.23
12.75,76.75,2020,4,3,30.36,7.23
12.75,77.25,2020,4,3,29.67,7.29
8.25,74.25,2020,4,4,28.86,6.51
8.25,74.75,2020,4,4,28.83,6.51
8.25,75.25,2020,4,4,28.83,6.61
8.25,75.75,2020,4,4,28.86,6.61
8.25,76.25,2020,4,4,28.83,7.01
8.25,76.75,2020,4,4,29.49,7.01
8.25,77.25,2020,4,4,29.9,6.49
8.75,74.25,2020,4,4,28.91,6.51
8.75,74.75,2020,4,4,28.83,6.51
8.75,75.25,2020,4,4,28.81,6.61
8.75,75.75,2020,4,4,28.9,6.61
8.75,76.25,2020,4,4,29.11,7.01
8.75,76.75,2020,4,4,30.12,7.01
8.75,77.25,2020,4,4,30.55,6.49
9.25,74.25,2020,4,4,29.04,6.41
9.25,74.75,2020,4,4,28.96,6.41
9.25,75.25,2020,4,4,28.88,6.55
9.25,75.75,2020,4,4,29.02,6.55
9.25,76.25,2020,4,4,29.74,7.16
9.25,76.75,2020,4,4,29.88,7.16
9.25,77.25,2020,4,4,30.25,7.19
9.75,74.25,2020,4,4,29.18,6.41
9.75,74.75,2020,4,4,29.17,6.41
9.75,75.25,2020,4,4,29.1,6.55
9.75,75.75,2020,4,4,29.28,6.55
9.75,76.25,2020,4,4,30.31,7.16
9.75,76.75,2020,4,4,28.86,7.16
9.75,77.25,2020,4,4,28.99,7.19
10.25,74.25,2020,4,4,29.22,6.73
10.25,74.75,2020,4,4,29.28,6.73
10.25,75.25,2020,4,4,29.34,7.05
10.25,75.75,2020,4,4,29.7,7.05
10.25,76.25,2020,4,4,30.92,6.93
10.25,76.75,2020,4,4,29.17,6.93
10.25,77.25,2020,4,4,29.17,7.21
10.75,74.25,2020,4,4,29.23,6.73
10.75,74.75,2020,4,4,29.3,6.73
10.75,75.25,2020,4,4,29.54,7.05
10.75,75.75,2020,4,4,30.01,7.05
10.75,76.25,2020,4,4,30.73,6.93
10.75,76.75,2020,4,4,30.19,6.93
10.75,77.25,2020,4,4,30.56,7.21
11.25,74.25,2020,4,4,29.22,6.75
11.25,74.75,2020,4,4,29.36,6.75
11.25,75.25,2020,4,4,29.65,7.21
11.25,75.75,2020,4,4,29.87,7.21
11.25,76.25,2020,4,4,29.44,7.44
11.25,76.75,2020,4,4,29.36,7.44
11.25,77.25,2020,4,4,30.35,7.49
11.75,74.25,2020,4,4,29.23,6.75
11.75,74.75,2020,4,4,29.47,6.75
11.75,75.25,2020,4,4,29.63,7.21
11.75,75.75,2020,4,4,29.49,7.21
11.75,76.25,2020,4,4,28.96,7.44
11.75,76.75,2020,4,4,28.82,7.44
11.75,77.25,2020,4,4,29.33,7.49
12.25,74.25,2020,4,4,29.28,6.77
12.25,74.75,2020,4,4,29.67,6.77
12.25,75.25,2020,4,4,29.65,6.87
12.25,75.75,2020,4,4,29.23,6.87
12.25,76.25,2020,4,4,29.15,7.52
12.25,76.75,2020,4,4,29.45,7.52
12.25,77.25,2020,4,4,29.14,7.6
12.75,74.25,2020,4,4,29.43,6.77
12.75,74.75,2020,4,4,29.96,6.77
12.75,75.25,2020,4,4,29.84,6.87
12.75,75.75,2020,4,4,29.17,6.87
12.75,76.25,2020,4,4,29.1,7.52
12.75,76.75,2020,4,4,29.56,7.52
12.75,77.25,2020,4,4,28.99,7.6
8.25,74.25,2020,4,5,29.02,3.77
8.25,74.75,2020,4,5,29.1,3.77
8.25,75.25,2020,4,5,29.1,5.31
8.25,75.75,2020,4,5,29.01,5.31
8.25,76.25,2020,4,5,28.91,6.26
8.25,76.75,2020,4,5,29.22,6.26
8.25,77.25,2020,4,5,29.39,4.82
8.75,74.25,2020,4,5,29.03,3.77
8.75,74.75,2020,4,5,29.1,3.77
8.75,75.25,2020,4,5,29.13,5.31
8.75,75.75,2020,4,5,29.12,5.31
8.75,76.25,2020,4,5,29.16,6.26
8.75,76.75,2020,4,5,29.28,6.26
8.75,77.25,2020,4,5,29.24,4.82
9.25,74.25,2020,4,5,29.23,4.79
9.25,74.75,2020,4,5,29.21,4.79
9.25,75.25,2020,4,5,29.2,5.17
9.25,75.75,2020,4,5,29.35,5.17
9.25,76.25,2020,4,5,29.99,5.39
9.25,76.75,2020,4,5,28.67,5.39
9.25,77.25,2020,4,5,27.93,4.45
9.75,74.25,2020,4,5,29.47,4.79
9.75,74.75,2020,4,5,29.38,4.79
9.75,75.25,2020,4,5,29.29,5.17
9.75,75.75,2020,4,5,29.5,5.17
9.75,76.25,2020,4,5,30.62,5.39
9.75,76.75,2020,4,5,27.81,5.39
9.75,77.25,2020,4,5,26.54,4.45
10.25,74.25,2020,4,5,29.6,6.32
10.25,74.75,2020,4,5,29.5,6.32
10.25,75.25,2020,4,5,29.44,6.35
10.25,75.75,2020,4,5,29.71,6.35
10.25,76.25,2020,4,5,30.83,5.58
10.25,76.75,2020,4,5,28.49,5.58
10.25,77.25,2020,4,5,27.41,5.41
10.75,74.25,2020,4,5,29.6,6.32
10.75,74.75,2020,4,5,29.53,6.32
10.75,75.25,2020,4,5,29.62,6.35
10.75,75.75,2020,4,5,29.93,6.35
10.75,76.25,2020,4,5,30.28,5.58
10.75,76.75,2020,4,5,29.94,5.58
10.75,77.25,2020,4,5,29.9,5.41
11.25,74.25,2020,4,5,29.48,6.72
11.25,74.75,2020,4,5,29.54,6.72
11.25,75.25,2020,4,5,29.71,6.6
11.25,75.75,2020,4,5,29.74,6.6
11.25,76.25,2020,4,5,28.98,6.47
11.25,76.75,2020,4,5,29.59,6.47
11.25,77.25,2020,4,5,30.66,6.69
11.75,74.25,2020,4,5,29.36,6.72
11.75,74.75,2020,4,5,29.59,6.72
11.75,75.25,2020,4,5,29.6,6.6
11.75,75.75,2020,4,5,29.26,6.6
11.75,76.25,2020,4,5,28.77,6.47
11.75,76.75,2020,4,5,29.44,6.47
11.75,77.25,2020,4,5,30.19,6.69
12.25,74.25,2020,4,5,29.36,6.82
12.25,74.75,2020,4,5,29.72,6.82
12.25,75.25,2020,4,5,29.51,6.42
12.25,75.75,2020,4,5,28.93,6.42
12.25,76.25,2020,4,5,29.26,6.99
12.25,76.75,2020,4,5,30.23,6.99
12.25,77.25,2020,4,5,30.18,7.18
12.75,74.25,2020,4,5,29.47,6.82
12.75,74.75,2020,4,5,29.88,6.82
12.75,75.25,2020,4,5,29.53,6.42
12.75,75.75,2020,4,5,28.79,6.42
12.75,76.25,2020,4,5,29.29,6.99
12.75,76.75,2020,4,5,30.24,6.99
12.75,77.25,2020,4,5,29.93,7.18
8.25,74.25,2020,4,6,29.15,7.08
8.25,74.75,2020,4,6,29.16,7.08
8.25,75.25,2020,4,6,29.08,7.15
8.25,75.75,2020,4,6,28.97,7.15
8.25,76.25,2020,4,6,28.88,7.1
8.25,76.75,2020,4,6,29.03,7.1
8.25,77.25,2020,4,6,29.29,6.19
8.75,74.25,2020,4,6,29.15,7.08
8.75,74.75,2020,4,6,29.16,7.08
8.75,75.25,2020,4,6,29.13,7.15
8.75,75.75,2020,4,6,29.09,7.15
8.75,76.25,2020,4,6,29.09,7.1
8.75,76.75,2020,4,6,28.96,7.1
8.75,77.25,2020,4,6,29.35,6.19
9.25,74.25,2020,4,6,29.12,6.73
9.25,74.75,2020,4,6,29.15,6.73
9.25,75.25,2020,4,6,29.17,6.74
9.25,75.75,2020,4,6,29.25,6.74
9.25,76.25,2020,4,6,29.54,6.77
9.25,76.75,2020,4,6,28.49,6.77
9.25,77.25,2020,4,6,28.84,6.36
9.75,74.25,2020,4,6,29.17,6.73
9.75,74.75,2020,4,6,29.16,6.73
9.75,75.25,2020,4,6,29.18,6.74
9.75,75.75,2020,4,6,29.29,6.74
9.75,76.25,2020,4,6,29.67,6.77
9.75,76.75,2020,4,6,27.61,6.77
9.75,77.25,2020,4,6,27.8,6.36
10.25,74.25,2020,4,6,29.24,4.45
10.25,74.75,2020,4,6,29.21,4.45
10.25,75.25,2020,4,6,29.26,5.43
10.25,75.75,2020,4,6,29.43,5.43
10.25,76.25,2020,4,6,29.73,5.86
10.25,76.75,2020,4,6,27.79,5.86
10.25,77.25,2020,4,6,28.4,6.1
10.75,74.25,2020,4,6,29.27,4.45
10.75,74.75,2020,4,6,29.25,4.45
10.75,75.25,2020,4,6,29.37,5.43
10.75,75.75,2020,4,6,29.5,5.43
10.75,76.25,2020,4,6,29.23,5.86
10.75,76.75,2020,4,6,28.77,5.86
10.75,77.25,2020,4,6,30.31,6.1
11.25,74.25,2020,4,6,29.27,5.08
11.25,74.75,2020,4,6,29.31,5.08
11.25,75.25,2020,4,6,29.34,5.58
11.25,75.75,2020,4,6,29.03,5.58
11.25,76.25,2020,4,6,27.74,5.4
11.25,76.75,2020,4,6,28.28,5.4
11.25,77.25,2020,4,6,30.55,5.65
11.75,74.25,2020,4,6,29.26,5.08
11.75,74.75,2020,4,6,29.35,5.08
11.75,75.25,2020,4,6,29.06,5.58
11.75,75.75,2020,4,6,28.23,5.58
11.75,76.25,2020,4,6,27.03,5.4
11.75,76.75,2020,4,6,27.89,5.4
11.75,77.25,2020,4,6,29.55,5.65
12.25,74.25,2020,4,6,29.23,6.19
12.25,74.75,2020,4,6,29.35,6.19
12.25,75.25,2020,4,6,28.7,6.09
12.25,75.75,2020,4,6,27.55,6.09
12.25,76.25,2020,4,6,27.25,6.13
12.25,76.75,2020,4,6,28.54,6.13
12.25,77.25,2020,4,6,29.22,5.9
12.75,74.25,2020,4,6,29.2,6.19
12.75,74.75,2020,4,6,29.38,6.19
12.75,75.25,2020,4,6,28.57,6.09
12.75,75.75,2020,4,6,27.27,6.09
12.75,76.25,2020,4,6,27.45,6.13
12.75,76.75,2020,4,6,28.89,6.13
12.75,77.25,2020,4,6,29.03,5.9
8.25,74.25,2020,4,7,29.03,5.54
8.25,74.75,2020,4,7,29.01,5.54
8.25,75.25,2020,4,7,28.99,5.08
8.25,75.75,2020,4,7,28.96,5.08
8.25,76.25,2020,4,7,28.91,4.85
8.25,76.75,2020,4,7,28.79,4.85
8.25,77.25,2020,4,7,28.73,5.53
8.75,74.25,2020,4,7,28.97,5.54
8.75,74.75,2020,4,7,28.92,5.54
8.75,75.25,2020,4,7,28.93,5.08
8.75,75.75,2020,4,7,28.96,5.08
8.75,76.25,2020,4,7,28.94,4.85
8.75,76.75,2020,4,7,28.23,4.85
8.75,77.25,2020,4,7,28.16,5.53
9.25,74.25,2020,4,7,28.96,2.69
9.25,74.75,2020,4,7,28.96,2.69
9.25,75.25,2020,4,7,29.01,3.53
9.25,75.75,2020,4,7,29.04,3.53
9.25,76.25,2020,4,7,28.97,4.8
9.25,76.75,2020,4,7,27.23,4.8
9.25,77.25,2020,4,7,27.22,5.28
9.75,74.25,2020,4,7,28.99,2.69
9.75,74.75,2020,4,7,28.99,2.69
9.75,75.25,2020,4,7,29.02,3.53
9.75,75.75,2020,4,7,28.98,3.53
9.75,76.25,2020,4,7,28.71,4.8
9.75,76.75,2020,4,7,25.91,4.8
9.75,77.25,2020,4,7,25.97,5.28
10.25,74.25,2020,4,7,28.94,1.7
10.25,74.75,2020,4,7,28.93,1.7
10.25,75.25,2020,4,7,28.93,2.41
10.25,75.75,2020,4,7,28.8,2.41
10.25,76.25,2020,4,7,28.28,3.27
10.25,76.75,2020,4,7,25.73,3.27
10.25,77.25,2020,4,7,26.18,4.16
10.75,74.25,2020,4,7,28.9,1.7
10.75,74.75,2020,4,7,28.94,1.7
10.75,75.25,2020,4,7,28.87,2.41
10.75,75.75,2020,4,7,28.45,2.41
10.75,76.25,2020,4,7,27.26,3.27
10.75,76.75,2020,4,7,26.07,3.27
10.75,77.25,2020,4,7,27.38,4.16
11.25,74.25,2020,4,7,28.93,4.75
11.25,74.75,2020,4,7,29.06,4.75
11.25,75.25,2020,4,7,28.81,3.27
11.25,75.75,2020,4,7,27.77,3.27
11.25,76.25,2020,4,7,25.54,3.52
11.25,76.75,2020,4,7,25.05,3.52
11.25,77.25,2020,4,7,27.19,3.6
11.75,74.25,2020,4,7,28.98,4.75
11.75,74.75,2020,4,7,29.17,4.75
11.75,75.25,2020,4,7,28.56,3.27
11.75,75.75,2020,4,7,26.89,3.27
11.75,76.25,2020,4,7,24.56,3.52
11.75,76.75,2020,4,7,24.25,3.52
11.75,77.25,2020,4,7,26,3.6
12.25,74.25,2020,4,7,29.02,5.59
12.25,74.75,2020,4,7,29.2,5.59
12.25,75.25,2020,4,7,28.25,5.08
12.25,75.75,2020,4,7,26.25,5.08
12.25,76.25,2020,4,7,24.64,4.14
12.25,76.75,2020,4,7,24.75,4.14
12.25,77.25,2020,4,7,25.36,4.25
12.75,74.25,2020,4,7,29.09,5.59
12.75,74.75,2020,4,7,29.24,5.59
12.75,75.25,2020,4,7,28.05,5.08
12.75,75.75,2020,4,7,25.86,5.08
12.75,76.25,2020,4,7,24.6,4.14
12.75,76.75,2020,4,7,25.01,4.14
12.75,77.25,2020,4,7,25.02,4.25
8.25,74.25,2020,4,8,28.99,6.95
8.25,74.75,2020,4,8,28.97,6.95
8.25,75.25,2020,4,8,28.98,6.97
8.25,75.75,2020,4,8,28.93,6.97
8.25,76.25,2020,4,8,28.82,6.89
8.25,76.75,2020,4,8,28.75,6.89
8.25,77.25,2020,4,8,29,6.05
8.75,74.25,2020,4,8,29.05,6.95
8.75,74.75,2020,4,8,29.03,6.95
8.75,75.25,2020,4,8,29.02,6.97
8.75,75.75,2020,4,8,28.94,6.97
8.75,76.25,2020,4,8,28.84,6.89
8.75,76.75,2020,4,8,28.28,6.89
8.75,77.25,2020,4,8,28.45,6.05
9.25,74.25,2020,4,8,29.04,6.48
9.25,74.75,2020,4,8,29.02,6.48
9.25,75.25,2020,4,8,29.04,6.62
9.25,75.75,2020,4,8,29.05,6.62
9.25,76.25,2020,4,8,29.06,6.62
9.25,76.75,2020,4,8,27.6,6.62
9.25,77.25,2020,4,8,27.68,5.22
9.75,74.25,2020,4,8,29.09,6.48
9.75,74.75,2020,4,8,29.06,6.48
9.75,75.25,2020,4,8,29.06,6.62
9.75,75.75,2020,4,8,29.04,6.62
9.75,76.25,2020,4,8,28.98,6.62
9.75,76.75,2020,4,8,26.46,6.62
9.75,77.25,2020,4,8,26.56,5.22
10.25,74.25,2020,4,8,29.18,6.52
10.25,74.75,2020,4,8,29.14,6.52
10.25,75.25,2020,4,8,29.14,6.42
10.25,75.75,2020,4,8,29.12,6.42
10.25,76.25,2020,4,8,28.98,5.91
10.25,76.75,2020,4,8,26.61,5.91
10.25,77.25,2020,4,8,26.94,5.59
10.75,74.25,2020,4,8,29.29,6.52
10.75,74.75,2020,4,8,29.26,6.52
10.75,75.25,2020,4,8,29.3,6.42
10.75,75.75,2020,4,8,29.24,6.42
10.75,76.25,2020,4,8,28.59,5.91
10.75,76.75,2020,4,8,27.75,5.91
10.75,77.25,2020,4,8,28.79,5.59
11.25,74.25,2020,4,8,29.37,6.15
11.25,74.75,2020,4,8,29.4,6.15
11.25,75.25,2020,4,8,29.36,6.54
11.25,75.75,2020,4,8,28.91,6.54
11.25,76.25,2020,4,8,27.43,5.51
11.25,76.75,2020,4,8,27.47,5.51
11.25,77.25,2020,4,8,29.28,5.61
11.75,74.25,2020,4,8,29.41,6.15
11.75,74.75,2020,4,8,29.52,6.15
11.75,75.25,2020,4,8,29.2,6.54
11.75,75.75,2020,4,8,28.32,6.54
11.75,76.25,2020,4,8,27.1,5.51
11.75,76.75,2020,4,8,27.21,5.51
11.75,77.25,2020,4,8,28.49,5.61
12.25,74.25,2020,4,8,29.44,6.58
12.25,74.75,2020,4,8,29.63,6.58
12.25,75.25,2020,4,8,29.07,6.06
12.25,75.75,2020,4,8,27.94,6.06
12.25,76.25,2020,4,8,27.4,5.62
12.25,76.75,2020,4,8,27.83,5.62
12.25,77.25,2020,4,8,28.13,6.04
12.75,74.25,2020,4,8,29.52,6.58
12.75,74.75,2020,4,8,29.81,6.58
12.75,75.25,2020,4,8,29.14,6.06
12.75,75.75,2020,4,8,27.78,6.06
12.75,76.25,2020,4,8,27.25,5.62
12.75,76.75,2020,4,8,27.89,5.62
12.75,77.25,2020,4,8,27.9,6.04
8.25,74.25,2020,4,9,29.31,6.76
8.25,74.75,2020,4,9,29.32,6.76
8.25,75.25,2020,4,9,29.33,6.77
8.25,75.75,2020,4,9,29.3,6.77
8.25,76.25,2020,4,9,29.23,6.86
8.25,76.75,2020,4,9,29.34,6.86
8.25,77.25,2020,4,9,29.69,6.12
8.75,74.25,2020,4,9,29.4,6.76
8.75,74.75,2020,4,9,29.43,6.76
8.75,75.25,2020,4,9,29.43,6.77
8.75,75.75,2020,4,9,29.41,6.77
8.75,76.25,2020,4,9,29.47,6.86
8.75,76.75,2020,4,9,29.36,6.86
8.75,77.25,2020,4,9,29.63,6.12
9.25,74.25,2020,4,9,29.47,6.77
9.25,74.75,2020,4,9,29.5,6.77
9.25,75.25,2020,4,9,29.51,6.53
9.25,75.75,2020,4,9,29.55,6.53
9.25,76.25,2020,4,9,29.8,6.71
9.25,76.75,2020,4,9,28.66,6.71
9.25,77.25,2020,4,9,28.83,5.7
9.75,74.25,2020,4,9,29.55,6.77
9.75,74.75,2020,4,9,29.57,6.77
9.75,75.25,2020,4,9,29.57,6.53
9.75,75.75,2020,4,9,29.62,6.53
9.75,76.25,2020,4,9,29.85,6.71
9.75,76.75,2020,4,9,27.51,6.71
9.75,77.25,2020,4,9,27.47,5.7
10.25,74.25,2020,4,9,29.61,6.62
10.25,74.75,2020,4,9,29.61,6.62
10.25,75.25,2020,4,9,29.63,6.62
10.25,75.75,2020,4,9,29.73,6.62
10.25,76.25,2020,4,9,29.96,6.1
10.25,76.75,2020,4,9,27.7,6.1
10.25,77.25,2020,4,9,27.81,5.89
10.75,74.25,2020,4,9,29.66,6.62
10.75,74.75,2020,4,9,29.65,6.62
10.75,75.25,2020,4,9,29.69,6.62
10.75,75.75,2020,4,9,29.72,6.62
10.75,76.25,2020,4,9,29.43,6.1
10.75,76.75,2020,4,9,28.59,6.1
10.75,77.25,2020,4,9,29.44,5.89
11.25,74.25,2020,4,9,29.72,6.85
11.25,74.75,2020,4,9,29.72,6.85
11.25,75.25,2020,4,9,29.65,6.99
11.25,75.75,2020,4,9,29.21,6.99
11.25,76.25,2020,4,9,27.82,6.03
11.25,76.75,2020,4,9,27.77,6.03
11.25,77.25,2020,4,9,29.23,6.22
11.75,74.25,2020,4,9,29.78,6.85
11.75,74.75,2020,4,9,29.88,6.85
11.75,75.25,2020,4,9,29.49,6.99
11.75,75.75,2020,4,9,28.48,6.99
11.75,76.25,2020,4,9,27.05,6.03
11.75,76.75,2020,4,9,27.15,6.03
11.75,77.25,2020,4,9,27.99,6.22
12.25,74.25,2020,4,9,29.87,7.15
12.25,74.75,2020,4,9,30.18,7.15
12.25,75.25,2020,4,9,29.49,7.22
12.25,75.75,2020,4,9,27.98,7.22
12.25,76.25,2020,4,9,27.09,6.49
12.25,76.75,2020,4,9,27.65,6.49
12.25,77.25,2020,4,9,27.66,6.32
12.75,74.25,2020,4,9,30.03,7.15
12.75,74.75,2020,4,9,30.57,7.15
12.75,75.25,2020,4,9,29.76,7.22
12.75,75.75,2020,4,9,27.87,7.22
12.75,76.25,2020,4,9,26.97,6.49
12.75,76.75,2020,4,9,27.65,6.49
12.75,77.25,2020,4,9,27.39,6.32
8.25,74.25,2020,4,10,29.56,7
8.25,74.75,2020,4,10,29.57,7
8.25,75.25,2020,4,10,29.56,7.03
8.25,75.75,2020,4,10,29.52,7.03
8.25,76.25,2020,4,10,29.48,6.97
8.25,76.75,2020,4,10,29.83,6.97
8.25,77.25,2020,4,10,29.73,6.65
8.75,74.25,2020,4,10,29.73,7
8.75,74.75,2020,4,10,29.69,7
8.75,75.25,2020,4,10,29.65,7.03
8.75,75.75,2020,4,10,29.7,7.03
8.75,76.25,2020,4,10,29.94,6.97
8.75,76.75,2020,4,10,29.88,6.97
8.75,77.25,2020,4,10,29.56,6.65
9.25,74.25,2020,4,10,29.83,6.96
9.25,74.75,2020,4,10,29.72,6.96
9.25,75.25,2020,4,10,29.68,6.9
9.25,75.75,2020,4,10,29.89,6.9
9.25,76.25,2020,4,10,30.64,7.14
9.25,76.75,2020,4,10,29.14,7.14
9.25,77.25,2020,4,10,28.68,6.51
9.75,74.25,2020,4,10,29.77,6.96
9.75,74.75,2020,4,10,29.62,6.96
9.75,75.25,2020,4,10,29.58,6.9
9.75,75.75,2020,4,10,29.88,6.9
9.75,76.25,2020,4,10,30.87,7.14
9.75,76.75,2020,4,10,28.04,7.14
9.75,77.25,2020,4,10,27.34,6.51
10.25,74.25,2020,4,10,29.62,7
10.25,74.75,2020,4,10,29.43,7
10.25,75.25,2020,4,10,29.46,6.99
10.25,75.75,2020,4,10,29.88,6.99
10.25,76.25,2020,4,10,30.86,6.57
10.25,76.75,2020,4,10,28.2,6.57
10.25,77.25,2020,4,10,27.63,6.26
10.75,74.25,2020,4,10,29.46,7
10.75,74.75,2020,4,10,29.25,7
10.75,75.25,2020,4,10,29.43,6.99
10.75,75.75,2020,4,10,29.89,6.99
10.75,76.25,2020,4,10,30.1,6.57
10.75,76.75,2020,4,10,28.94,6.57
10.75,77.25,2020,4,10,29.16,6.26
11.25,74.25,2020,4,10,29.31,6.83
11.25,74.75,2020,4,10,29.13,6.83
11.25,75.25,2020,4,10,29.3,6.95
11.25,75.75,2020,4,10,29.39,6.95
11.25,76.25,2020,4,10,28.3,6.33
11.25,76.75,2020,4,10,27.8,6.33
11.25,77.25,2020,4,10,28.85,5.15
11.75,74.25,2020,4,10,29.21,6.83
11.75,74.75,2020,4,10,29.09,6.83
11.75,75.25,2020,4,10,28.92,6.95
11.75,75.75,2020,4,10,28.39,6.95
11.75,76.25,2020,4,10,27.19,6.33
11.75,76.75,2020,4,10,26.78,6.33
11.75,77.25,2020,4,10,27.62,5.15
12.25,74.25,2020,4,10,29.29,6.97
12.25,74.75,2020,4,10,29.32,6.97
12.25,75.25,2020,4,10,28.73,6.97
12.25,75.75,2020,4,10,27.57,6.97
12.25,76.25,2020,4,10,26.81,6.5
12.25,76.75,2020,4,10,26.96,6.5
12.25,77.25,2020,4,10,27.25,5.92
12.75,74.25,2020,4,10,29.61,6.97
12.75,74.75,2020,4,10,29.78,6.97
12.75,75.25,2020,4,10,28.99,6.97
12.75,75.75,2020,4,10,27.41,6.97
12.75,76.25,2020,4,10,26.55,6.5
12.75,76.75,2020,4,10,27.04,6.5
12.75,77.25,2020,4,10,27.12,5.92
8.25,74.25,2020,4,11,29.32,7.03
8.25,74.75,2020,4,11,29.28,7.03
8.25,75.25,2020,4,11,29.28,7.01
8.25,75.75,2020,4,11,29.31,7.01
8.25,76.25,2020,4,11,29.37,7.04
8.25,76.75,2020,4,11,29.71,7.04
8.25,77.25,2020,4,11,29.36,6.35
8.75,74.25,2020,4,11,29.46,7.03
8.75,74.75,2020,4,11,29.35,7.03
8.75,75.25,2020,4,11,29.33,7.01
8.75,75.75,2020,4,11,29.47,7.01
8.75,76.25,2020,4,11,29.87,7.04
8.75,76.75,2020,4,11,29.73,7.04
8.75,77.25,2020,4,11,29.05,6.35
9.25,74.25,2020,4,11,29.47,6.73
9.25,74.75,2020,4,11,29.35,6.73
9.25,75.25,2020,4,11,29.37,7.15
9.25,75.75,2020,4,11,29.69,7.15
9.25,76.25,2020,4,11,30.54,7.27
9.25,76.75,2020,4,11,29.19,7.27
9.25,77.25,2020,4,11,28.56,6.54
9.75,74.25,2020,4,11,29.4,6.73
9.75,74.75,2020,4,11,29.32,6.73
9.75,75.25,2020,4,11,29.4,7.15
9.75,75.75,2020,4,11,29.86,7.15
9.75,76.25,2020,4,11,30.94,7.27
9.75,76.75,2020,4,11,28.32,7.27
9.75,77.25,2020,4,11,27.46,6.54
10.25,74.25,2020,4,11,29.36,6.87
10.25,74.75,2020,4,11,29.27,6.87
10.25,75.25,2020,4,11,29.43,6.97
10.25,75.75,2020,4,11,30,6.97
10.25,76.25,2020,4,11,31.14,6.73
10.25,76.75,2020,4,11,28.53,6.73
10.25,77.25,2020,4,11,27.83,6.96
10.75,74.25,2020,4,11,29.38,6.87
10.75,74.75,2020,4,11,29.31,6.87
10.75,75.25,2020,4,11,29.58,6.97
10.75,75.75,2020,4,11,30.09,6.97
10.75,76.25,2020,4,11,30.42,6.73
10.75,76.75,2020,4,11,29.17,6.73
10.75,77.25,2020,4,11,29.4,6.96
11.25,74.25,2020,4,11,29.45,6.9
11.25,74.75,2020,4,11,29.48,6.9
11.25,75.25,2020,4,11,29.74,7.14
11.25,75.75,2020,4,11,29.8,7.14
11.25,76.25,2020,4,11,28.62,6.83
11.25,76.75,2020,4,11,27.95,6.83
11.25,77.25,2020,4,11,29.13,6.89
11.75,74.25,2020,4,11,29.55,6.9
11.75,74.75,2020,4,11,29.71,6.9
11.75,75.25,2020,4,11,29.66,7.14
11.75,75.75,2020,4,11,29.07,7.14
11.75,76.25,2020,4,11,27.59,6.83
11.75,76.75,2020,4,11,26.91,6.83
11.75,77.25,2020,4,11,27.79,6.89
12.25,74.25,2020,4,11,29.68,7.1
12.25,74.75,2020,4,11,29.96,7.1
12.25,75.25,2020,4,11,29.5,7.05
12.25,75.75,2020,4,11,28.26,7.05
12.25,76.25,2020,4,11,27.13,7.03
12.25,76.75,2020,4,11,26.96,7.03
12.25,77.25,2020,4,11,27.2,6.99
12.75,74.25,2020,4,11,29.83,7.1
12.75,74.75,2020,4,11,30.14,7.1
12.75,75.25,2020,4,11,29.39,7.05
12.75,75.75,2020,4,11,27.73,7.05
12.75,76.25,2020,4,11,26.62,7.03
12.75,76.75,2020,4,11,26.81,7.03
12.75,77.25,2020,4,11,26.86,6.99
8.25,74.25,2020,4,12,29.2,6.86
8.25,74.75,2020,4,12,29.21,6.86
8.25,75.25,2020,4,12,29.31,6.81
8.25,75.75,2020,4,12,29.5,6.81
8.25,76.25,2020,4,12,29.78,7.16
8.25,76.75,2020,4,12,30.34,7.16
8.25,77.25,2020,4,12,30.1,6.44
8.75,74.25,2020,4,12,29.25,6.86
8.75,74.75,2020,4,12,29.23,6.86
8.75,75.25,2020,4,12,29.36,6.81
8.75,75.75,2020,4,12,29.67,6.81
8.75,76.25,2020,4,12,30.17,7.16
8.75,76.75,2020,4,12,30.53,7.16
8.75,77.25,2020,4,12,30.07,6.44
9.25,74.25,2020,4,12,29.45,6.86
9.25,74.75,2020,4,12,29.32,6.86
9.25,75.25,2020,4,12,29.36,6.69
9.25,75.75,2020,4,12,29.71,6.69
9.25,76.25,2020,4,12,30.54,7.02
9.25,76.75,2020,4,12,29.83,7.02
9.25,77.25,2020,4,12,29.53,6.9
9.75,74.25,2020,4,12,29.67,6.86
9.75,74.75,2020,4,12,29.51,6.86
9.75,75.25,2020,4,12,29.47,6.69
9.75,75.75,2020,4,12,29.77,6.69
9.75,76.25,2020,4,12,30.65,7.02
9.75,76.75,2020,4,12,28.59,7.02
9.75,77.25,2020,4,12,28.19,6.9
10.25,74.25,2020,4,12,29.7,6.78
10.25,74.75,2020,4,12,29.59,6.78
10.25,75.25,2020,4,12,29.59,6.72
10.25,75.75,2020,4,12,29.92,6.72
10.25,76.25,2020,4,12,30.78,6.99
10.25,76.75,2020,4,12,28.55,6.99
10.25,77.25,2020,4,12,28.21,7.19
10.75,74.25,2020,4,12,29.63,6.78
10.75,74.75,2020,4,12,29.57,6.78
10.75,75.25,2020,4,12,29.76,6.72
10.75,75.75,2020,4,12,30.09,6.72
10.75,76.25,2020,4,12,30.15,6.99
10.75,76.75,2020,4,12,29.06,6.99
10.75,77.25,2020,4,12,29.52,7.19
11.25,74.25,2020,4,12,29.59,6.7
11.25,74.75,2020,4,12,29.65,6.7
11.25,75.25,2020,4,12,29.9,6.92
11.25,75.75,2020,4,12,29.86,6.92
11.25,76.25,2020,4,12,28.43,6.79
11.25,76.75,2020,4,12,27.89,6.79
11.25,77.25,2020,4,12,29.21,7.26
11.75,74.25,2020,4,12,29.63,6.7
11.75,74.75,2020,4,12,29.81,6.7
11.75,75.25,2020,4,12,29.78,6.92
11.75,75.75,2020,4,12,29.14,6.92
11.75,76.25,2020,4,12,27.47,6.79
11.75,76.75,2020,4,12,26.94,6.79
11.75,77.25,2020,4,12,27.96,7.26
12.25,74.25,2020,4,12,29.71,6.72
12.25,74.75,2020,4,12,30.01,6.72
12.25,75.25,2020,4,12,29.55,6.47
12.25,75.75,2020,4,12,28.27,6.47
12.25,76.25,2020,4,12,27.03,7.01
12.25,76.75,2020,4,12,27.03,7.01
12.25,77.25,2020,4,12,27.51,7.22
12.75,74.25,2020,4,12,29.85,6.72
12.75,74.75,2020,4,12,30.2,6.72
12.75,75.25,2020,4,12,29.5,6.47
12.75,75.75,2020,4,12,27.83,6.47
12.75,76.25,2020,4,12,26.57,7.01
12.75,76.75,2020,4,12,26.91,7.01
12.75,77.25,2020,4,12,27.29,7.22
8.25,74.25,2020,4,13,29.24,7.12
8.25,74.75,2020,4,13,29.15,7.12
8.25,75.25,2020,4,13,29.06,6.99
8.25,75.75,2020,4,13,29.03,6.99
8.25,76.25,2020,4,13,29.17,7.04
8.25,76.75,2020,4,13,30.05,7.04
8.25,77.25,2020,4,13,29.98,6.57
8.75,74.25,2020,4,13,29.33,7.12
8.75,74.75,2020,4,13,29.26,7.12
8.75,75.25,2020,4,13,29.16,6.99
8.75,75.75,2020,4,13,29.16,6.99
8.75,76.25,2020,4,13,29.47,7.04
8.75,76.75,2020,4,13,30.44,7.04
8.75,77.25,2020,4,13,30.27,6.57
9.25,74.25,2020,4,13,29.41,6.52
9.25,74.75,2020,4,13,29.32,6.52
9.25,75.25,2020,4,13,29.22,6.64
9.25,75.75,2020,4,13,29.31,6.64
9.25,76.25,2020,4,13,29.98,6.97
9.25,76.75,2020,4,13,29.83,6.97
9.25,77.25,2020,4,13,29.81,6.9
9.75,74.25,2020,4,13,29.47,6.52
9.75,74.75,2020,4,13,29.41,6.52
9.75,75.25,2020,4,13,29.36,6.64
9.75,75.75,2020,4,13,29.54,6.64
9.75,76.25,2020,4,13,30.41,6.97
9.75,76.75,2020,4,13,28.72,6.97
9.75,77.25,2020,4,13,28.51,6.9
10.25,74.25,2020,4,13,29.48,6.82
10.25,74.75,2020,4,13,29.46,6.82
10.25,75.25,2020,4,13,29.53,6.78
10.25,75.75,2020,4,13,29.87,6.78
10.25,76.25,2020,4,13,30.82,6.94
10.25,76.75,2020,4,13,28.82,6.94
10.25,77.25,2020,4,13,28.54,7.26
10.75,74.25,2020,4,13,29.51,6.82
10.75,74.75,2020,4,13,29.5,6.82
10.75,75.25,2020,4,13,29.75,6.78
10.75,75.75,2020,4,13,30.15,6.78
10.75,76.25,2020,4,13,30.33,6.94
10.75,76.75,2020,4,13,29.45,6.94
10.75,77.25,2020,4,13,29.93,7.26
11.25,74.25,2020,4,13,29.52,6.73
11.25,74.75,2020,4,13,29.59,6.73
11.25,75.25,2020,4,13,29.93,7.11
11.25,75.75,2020,4,13,30.06,7.11
11.25,76.25,2020,4,13,28.8,7.3
11.25,76.75,2020,4,13,28.41,7.3
11.25,77.25,2020,4,13,29.8,7.46
11.75,74.25,2020,4,13,29.56,6.73
11.75,74.75,2020,4,13,29.79,6.73
11.75,75.25,2020,4,13,29.93,7.11
11.75,75.75,2020,4,13,29.56,7.11
11.75,76.25,2020,4,13,28.1,7.3
11.75,76.75,2020,4,13,27.62,7.3
11.75,77.25,2020,4,13,28.7,7.46
12.25,74.25,2020,4,13,29.7,6.87
12.25,74.75,2020,4,13,30.16,6.87
12.25,75.25,2020,4,13,29.94,7.27
12.25,75.75,2020,4,13,28.9,7.27
12.25,76.25,2020,4,13,27.78,7.49
12.25,76.75,2020,4,13,27.82,7.49
12.25,77.25,2020,4,13,28.3,7.45
12.75,74.25,2020,4,13,29.94,6.87
12.75,74.75,2020,4,13,30.55,6.87
12.75,75.25,2020,4,13,30.11,7.27
12.75,75.75,2020,4,13,28.57,7.27
12.75,76.25,2020,4,13,27.28,7.49
12.75,76.75,2020,4,13,27.69,7.49
12.75,77.25,2020,4,13,28,7.45
8.25,74.25,2020,4,14,29.43,6.61
8.25,74.75,2020,4,14,29.41,6.61
8.25,75.25,2020,4,14,29.4,6.56
8.25,75.75,2020,4,14,29.44,6.56
8.25,76.25,2020,4,14,29.58,6.79
8.25,76.75,2020,4,14,30.26,6.79
8.25,77.25,2020,4,14,30.15,6.16
8.75,74.25,2020,4,14,29.4,6.61
8.75,74.75,2020,4,14,29.41,6.61
8.75,75.25,2020,4,14,29.42,6.56
8.75,75.75,2020,4,14,29.5,6.56
8.75,76.25,2020,4,14,29.81,6.79
8.75,76.75,2020,4,14,30.63,6.79
8.75,77.25,2020,4,14,30.45,6.16
9.25,74.25,2020,4,14,29.43,6.59
9.25,74.75,2020,4,14,29.42,6.59
9.25,75.25,2020,4,14,29.4,6.45
9.25,75.75,2020,4,14,29.57,6.45
9.25,76.25,2020,4,14,30.26,6.97
9.25,76.75,2020,4,14,30.09,6.97
9.25,77.25,2020,4,14,30.07,6.8
9.75,74.25,2020,4,14,29.59,6.59
9.75,74.75,2020,4,14,29.53,6.59
9.75,75.25,2020,4,14,29.5,6.45
9.75,75.75,2020,4,14,29.74,6.45
9.75,76.25,2020,4,14,30.73,6.97
9.75,76.75,2020,4,14,29.12,6.97
9.75,77.25,2020,4,14,28.93,6.8
10.25,74.25,2020,4,14,29.75,6.62
10.25,74.75,2020,4,14,29.69,6.62
10.25,75.25,2020,4,14,29.73,6.84
10.25,75.75,2020,4,14,30.14,6.84
10.25,76.25,2020,4,14,31.35,6.74
10.25,76.75,2020,4,14,29.42,6.74
10.25,77.25,2020,4,14,29.15,7.22
10.75,74.25,2020,4,14,29.81,6.62
10.75,74.75,2020,4,14,29.79,6.62
10.75,75.25,2020,4,14,30.03,6.84
10.75,75.75,2020,4,14,30.53,6.84
10.75,76.25,2020,4,14,31.1,6.74
10.75,76.75,2020,4,14,30.18,6.74
10.75,77.25,2020,4,14,30.52,7.22
11.25,74.25,2020,4,14,29.86,6.64
11.25,74.75,2020,4,14,29.95,6.64
11.25,75.25,2020,4,14,30.33,7.09
11.25,75.75,2020,4,14,30.56,7.09
11.25,76.25,2020,4,14,29.6,7.28
11.25,76.75,2020,4,14,29.06,7.28
11.25,77.25,2020,4,14,30.26,7.46
11.75,74.25,2020,4,14,29.93,6.64
11.75,74.75,2020,4,14,30.2,6.64
11.75,75.25,2020,4,14,30.4,7.09
11.75,75.75,2020,4,14,30.1,7.09
11.75,76.25,2020,4,14,28.74,7.28
11.75,76.75,2020,4,14,28.1,7.28
11.75,77.25,2020,4,14,29.03,7.46
12.25,74.25,2020,4,14,30.03,6.95
12.25,74.75,2020,4,14,30.56,6.95
12.25,75.25,2020,4,14,30.39,7.31
12.25,75.75,2020,4,14,29.35,7.31
12.25,76.25,2020,4,14,28.19,7.56
12.25,76.75,2020,4,14,28.14,7.56
12.25,77.25,2020,4,14,28.4,7.62
12.75,74.25,2020,4,14,30.19,6.95
12.75,74.75,2020,4,14,30.9,6.95
12.75,75.25,2020,4,14,30.46,7.31
12.75,75.75,2020,4,14,28.82,7.31
12.75,76.25,2020,4,14,27.42,7.56
12.75,76.75,2020,4,14,27.77,7.56
12.75,77.25,2020,4,14,27.89,7.62
8.25,74.25,2020,4,15,29.41,6.92
8.25,74.75,2020,4,15,29.38,6.92
8.25,75.25,2020,4,15,29.32,6.75
8.25,75.75,2020,4,15,29.27,6.75
8.25,76.25,2020,4,15,29.33,7.12
8.25,76.75,2020,4,15,29.99,7.12
8.25,77.25,2020,4,15,30.02,6.33
8.75,74.25,2020,4,15,29.36,6.92
8.75,74.75,2020,4,15,29.33,6.92
8.75,75.25,2020,4,15,29.29,6.75
8.75,75.75,2020,4,15,29.31,6.75
8.75,76.25,2020,4,15,29.63,7.12
8.75,76.75,2020,4,15,30.35,7.12
8.75,77.25,2020,4,15,30.35,6.33
9.25,74.25,2020,4,15,29.27,7.12
9.25,74.75,2020,4,15,29.24,7.12
9.25,75.25,2020,4,15,29.22,7.05
9.25,75.75,2020,4,15,29.38,7.05
9.25,76.25,2020,4,15,30.15,7.04
9.25,76.75,2020,4,15,29.82,7.04
9.25,77.25,2020,4,15,29.91,6.47
9.75,74.25,2020,4,15,29.31,7.12
9.75,74.75,2020,4,15,29.24,7.12
9.75,75.25,2020,4,15,29.23,7.05
9.75,75.75,2020,4,15,29.5,7.05
9.75,76.25,2020,4,15,30.56,7.04
9.75,76.75,2020,4,15,28.93,7.04
9.75,77.25,2020,4,15,28.81,6.47
10.25,74.25,2020,4,15,29.45,7
10.25,74.75,2020,4,15,29.37,7
10.25,75.25,2020,4,15,29.4,6.97
10.25,75.75,2020,4,15,29.82,6.97
10.25,76.25,2020,4,15,31.08,6.42
10.25,76.75,2020,4,15,29.44,6.42
10.25,77.25,2020,4,15,29.29,6.93
10.75,74.25,2020,4,15,29.5,7
10.75,74.75,2020,4,15,29.45,7
10.75,75.25,2020,4,15,29.65,6.97
10.75,75.75,2020,4,15,30.14,6.97
10.75,76.25,2020,4,15,30.88,6.42
10.75,76.75,2020,4,15,30.37,6.42
10.75,77.25,2020,4,15,30.8,6.93
11.25,74.25,2020,4,15,29.51,6.83
11.25,74.75,2020,4,15,29.56,6.83
11.25,75.25,2020,4,15,29.85,7.11
11.25,75.75,2020,4,15,30.07,7.11
11.25,76.25,2020,4,15,29.46,7.3
11.25,76.75,2020,4,15,29.29,7.3
11.25,77.25,2020,4,15,30.51,7.53
11.75,74.25,2020,4,15,29.56,6.83
11.75,74.75,2020,4,15,29.78,6.83
11.75,75.25,2020,4,15,29.93,7.11
11.75,75.75,2020,4,15,29.69,7.11
11.75,76.25,2020,4,15,28.69,7.3
11.75,76.75,2020,4,15,28.26,7.3
11.75,77.25,2020,4,15,29.12,7.53
12.25,74.25,2020,4,15,29.67,6.93
12.25,74.75,2020,4,15,30.13,6.93
12.25,75.25,2020,4,15,29.99,7.11
12.25,75.75,2020,4,15,29.13,7.11
12.25,76.25,2020,4,15,28.3,7.63
12.25,76.75,2020,4,15,28.21,7.63
12.25,77.25,2020,4,15,28.33,7.71
12.75,74.25,2020,4,15,29.82,6.93
12.75,74.75,2020,4,15,30.48,6.93
12.75,75.25,2020,4,15,30.1,7.11
12.75,75.75,2020,4,15,28.66,7.11
12.75,76.25,2020,4,15,27.57,7.63
12.75,76.75,2020,4,15,27.73,7.63
12.75,77.25,2020,4,15,27.69,7.71
8.25,74.25,2020,4,16,29.38,6.96
8.25,74.75,2020,4,16,29.29,6.96
8.25,75.25,2020,4,16,29.24,6.99
8.25,75.75,2020,4,16,29.17,6.99
8.25,76.25,2020,4,16,29.04,7.22
8.25,76.75,2020,4,16,29.63,7.22
8.25,77.25,2020,4,16,29.84,6.17
8.75,74.25,2020,4,16,29.45,6.96
8.75,74.75,2020,4,16,29.34,6.96
8.75,75.25,2020,4,16,29.24,6.99
8.75,75.75,2020,4,16,29.19,6.99
8.75,76.25,2020,4,16,29.3,7.22
8.75,76.75,2020,4,16,29.93,7.22
8.75,77.25,2020,4,16,30.41,6.17
9.25,74.25,2020,4,16,29.47,7.01
9.25,74.75,2020,4,16,29.34,7.01
9.25,75.25,2020,4,16,29.21,7
9.25,75.75,2020,4,16,29.25,7
9.25,76.25,2020,4,16,29.8,7.15
9.25,76.75,2020,4,16,29.42,7.15
9.25,77.25,2020,4,16,30.04,6.69
9.75,74.25,2020,4,16,29.48,7.01
9.75,74.75,2020,4,16,29.34,7.01
9.75,75.25,2020,4,16,29.2,7
9.75,75.75,2020,4,16,29.32,7
9.75,76.25,2020,4,16,30.14,7.15
9.75,76.75,2020,4,16,28.59,7.15
9.75,77.25,2020,4,16,28.92,6.69
10.25,74.25,2020,4,16,29.43,6.78
10.25,74.75,2020,4,16,29.28,6.78
10.25,75.25,2020,4,16,29.23,6.72
10.25,75.75,2020,4,16,29.49,6.72
10.25,76.25,2020,4,16,30.44,6.33
10.25,76.75,2020,4,16,29.05,6.33
10.25,77.25,2020,4,16,29.36,6.55
10.75,74.25,2020,4,16,29.36,6.78
10.75,74.75,2020,4,16,29.23,6.78
10.75,75.25,2020,4,16,29.31,6.72
10.75,75.75,2020,4,16,29.66,6.72
10.75,76.25,2020,4,16,30.19,6.33
10.75,76.75,2020,4,16,30.14,6.33
10.75,77.25,2020,4,16,30.94,6.55
11.25,74.25,2020,4,16,29.36,6.44
11.25,74.75,2020,4,16,29.31,6.44
11.25,75.25,2020,4,16,29.41,6.71
11.25,75.75,2020,4,16,29.49,6.71
11.25,76.25,2020,4,16,29.12,6.83
11.25,76.75,2020,4,16,29.57,6.83
11.25,77.25,2020,4,16,30.85,7.19
11.75,74.25,2020,4,16,29.41,6.44
11.75,74.75,2020,4,16,29.48,6.44
11.75,75.25,2020,4,16,29.38,6.71
11.75,75.75,2020,4,16,29.07,6.71
11.75,76.25,2020,4,16,28.78,6.83
11.75,76.75,2020,4,16,29.04,6.83
11.75,77.25,2020,4,16,29.71,7.19
12.25,74.25,2020,4,16,29.46,6.58
12.25,74.75,2020,4,16,29.65,6.58
12.25,75.25,2020,4,16,29.34,6.37
12.25,75.75,2020,4,16,28.72,6.37
12.25,76.25,2020,4,16,28.92,7.14
12.25,76.75,2020,4,16,29.4,7.14
12.25,77.25,2020,4,16,29.27,7.39
12.75,74.25,2020,4,16,29.52,6.58
12.75,74.75,2020,4,16,29.82,6.58
12.75,75.25,2020,4,16,29.43,6.37
12.75,75.75,2020,4,16,28.59,6.37
12.75,76.25,2020,4,16,28.7,7.14
12.75,76.75,2020,4,16,29.23,7.14
12.75,77.25,2020,4,16,28.94,7.39
8.25,74.25,2020,4,17,29.81,6.72
8.25,74.75,2020,4,17,29.77,6.72
8.25,75.25,2020,4,17,29.7,6.49
8.25,75.75,2020,4,17,29.57,6.49
8.25,76.25,2020,4,17,29.33,6.94
8.25,76.75,2020,4,17,29.59,6.94
8.25,77.25,2020,4,17,29.81,6.49
8.75,74.25,2020,4,17,29.81,6.72
8.75,74.75,2020,4,17,29.74,6.72
8.75,75.25,2020,4,17,29.69,6.49
8.75,75.75,2020,4,17,29.63,6.49
8.75,76.25,2020,4,17,29.54,6.94
8.75,76.75,2020,4,17,29.65,6.94
8.75,77.25,2020,4,17,30.26,6.49
9.25,74.25,2020,4,17,29.74,6.63
9.25,74.75,2020,4,17,29.68,6.63
9.25,75.25,2020,4,17,29.63,6.54
9.25,75.75,2020,4,17,29.7,6.54
9.25,76.25,2020,4,17,30.03,6.69
9.25,76.75,2020,4,17,29.4,6.69
9.25,77.25,2020,4,17,30.25,6.44
9.75,74.25,2020,4,17,29.73,6.63
9.75,74.75,2020,4,17,29.69,6.63
9.75,75.25,2020,4,17,29.65,6.54
9.75,75.75,2020,4,17,29.78,6.54
9.75,76.25,2020,4,17,30.38,6.69
9.75,76.75,2020,4,17,28.74,6.69
9.75,77.25,2020,4,17,29.37,6.44
10.25,74.25,2020,4,17,29.77,6.59
10.25,74.75,2020,4,17,29.71,6.59
10.25,75.25,2020,4,17,29.7,6.45
10.25,75.75,2020,4,17,29.94,6.45
10.25,76.25,2020,4,17,30.72,6.21
10.25,76.75,2020,4,17,29.19,6.21
10.25,77.25,2020,4,17,29.76,6.56
10.75,74.25,2020,4,17,29.73,6.59
10.75,74.75,2020,4,17,29.68,6.59
10.75,75.25,2020,4,17,29.78,6.45
10.75,75.75,2020,4,17,30.08,6.45
10.75,76.25,2020,4,17,30.55,6.21
10.75,76.75,2020,4,17,30.4,6.21
10.75,77.25,2020,4,17,31.45,6.56
11.25,74.25,2020,4,17,29.66,6.74
11.25,74.75,2020,4,17,29.7,6.74
11.25,75.25,2020,4,17,29.84,6.66
11.25,75.75,2020,4,17,29.94,6.66
11.25,76.25,2020,4,17,29.6,6.66
11.25,76.75,2020,4,17,30.05,6.66
11.25,77.25,2020,4,17,31.59,6.93
11.75,74.25,2020,4,17,29.66,6.74
11.75,74.75,2020,4,17,29.8,6.74
11.75,75.25,2020,4,17,29.8,6.66
11.75,75.75,2020,4,17,29.61,6.66
11.75,76.25,2020,4,17,29.44,6.66
11.75,76.75,2020,4,17,29.76,6.66
11.75,77.25,2020,4,17,30.61,6.93
12.25,74.25,2020,4,17,29.74,6.62
12.25,74.75,2020,4,17,29.98,6.62
12.25,75.25,2020,4,17,29.81,6.77
12.25,75.75,2020,4,17,29.43,6.77
12.25,76.25,2020,4,17,29.86,6.96
12.25,76.75,2020,4,17,30.41,6.96
12.25,77.25,2020,4,17,30.3,7.05
12.75,74.25,2020,4,17,29.87,6.62
12.75,74.75,2020,4,17,30.23,6.62
12.75,75.25,2020,4,17,30.01,6.77
12.75,75.75,2020,4,17,29.49,6.77
12.75,76.25,2020,4,17,29.96,6.96
12.75,76.75,2020,4,17,30.46,6.96
12.75,77.25,2020,4,17,30.09,7.05
8.25,74.25,2020,4,18,29.93,6.81
8.25,74.75,2020,4,18,29.85,6.81
8.25,75.25,2020,4,18,29.77,6.83
8.25,75.75,2020,4,18,29.7,6.83
8.25,76.25,2020,4,18,29.65,6.99
8.25,76.75,2020,4,18,29.95,6.99
8.25,77.25,2020,4,18,29.99,6.32
8.75,74.25,2020,4,18,29.93,6.81
8.75,74.75,2020,4,18,29.86,6.81
8.75,75.25,2020,4,18,29.81,6.83
8.75,75.75,2020,4,18,29.81,6.83
8.75,76.25,2020,4,18,29.91,6.99
8.75,76.75,2020,4,18,30.31,6.99
8.75,77.25,2020,4,18,30.71,6.32
9.25,74.25,2020,4,18,29.88,6.53
9.25,74.75,2020,4,18,29.84,6.53
9.25,75.25,2020,4,18,29.8,6.34
9.25,75.75,2020,4,18,29.89,6.34
9.25,76.25,2020,4,18,30.32,6.31
9.25,76.75,2020,4,18,29.94,6.31
9.25,77.25,2020,4,18,30.65,6.41
9.75,74.25,2020,4,18,29.93,6.53
9.75,74.75,2020,4,18,29.9,6.53
9.75,75.25,2020,4,18,29.85,6.34
9.75,75.75,2020,4,18,29.94,6.34
9.75,76.25,2020,4,18,30.51,6.31
9.75,76.75,2020,4,18,29.03,6.31
9.75,77.25,2020,4,18,29.61,6.41
10.25,74.25,2020,4,18,30,6.44
10.25,74.75,2020,4,18,29.94,6.44
10.25,75.25,2020,4,18,29.93,6.34
10.25,75.75,2020,4,18,30.12,6.34
10.25,76.25,2020,4,18,30.78,5.83
10.25,76.75,2020,4,18,29.35,5.83
10.25,77.25,2020,4,18,29.98,6.11
10.75,74.25,2020,4,18,29.94,6.44
10.75,74.75,2020,4,18,29.9,6.44
10.75,75.25,2020,4,18,29.97,6.34
10.75,75.75,2020,4,18,30.19,6.34
10.75,76.25,2020,4,18,30.53,5.83
10.75,76.75,2020,4,18,30.49,5.83
10.75,77.25,2020,4,18,31.71,6.11
11.25,74.25,2020,4,18,29.84,6.45
11.25,74.75,2020,4,18,29.85,6.45
11.25,75.25,2020,4,18,29.89,6.51
11.25,75.75,2020,4,18,29.83,6.51
11.25,76.25,2020,4,18,29.47,6.07
11.25,76.75,2020,4,18,30.17,6.07
11.25,77.25,2020,4,18,31.9,6.44
11.75,74.25,2020,4,18,29.81,6.45
11.75,74.75,2020,4,18,29.85,6.45
11.75,75.25,2020,4,18,29.67,6.51
11.75,75.75,2020,4,18,29.36,6.51
11.75,76.25,2020,4,18,29.38,6.07
11.75,76.75,2020,4,18,29.98,6.07
11.75,77.25,2020,4,18,30.97,6.44
12.25,74.25,2020,4,18,29.85,6.46
12.25,74.75,2020,4,18,29.89,6.46
12.25,75.25,2020,4,18,29.55,6.42
12.25,75.75,2020,4,18,29.18,6.42
12.25,76.25,2020,4,18,29.94,6.6
12.25,76.75,2020,4,18,30.72,6.6
12.25,77.25,2020,4,18,30.68,6.67
12.75,74.25,2020,4,18,29.9,6.46
12.75,74.75,2020,4,18,29.99,6.46
12.75,75.25,2020,4,18,29.62,6.42
12.75,75.75,2020,4,18,29.23,6.42
12.75,76.25,2020,4,18,30.08,6.6
12.75,76.75,2020,4,18,30.84,6.6
12.75,77.25,2020,4,18,30.46,6.67
8.25,74.25,2020,4,19,29.94,5.72
8.25,74.75,2020,4,19,29.86,5.72
8.25,75.25,2020,4,19,29.73,5.08
8.25,75.75,2020,4,19,29.6,5.08
8.25,76.25,2020,4,19,29.59,6.03
8.25,76.75,2020,4,19,30.1,6.03
8.25,77.25,2020,4,19,30.23,5.44
8.75,74.25,2020,4,19,29.94,5.72
8.75,74.75,2020,4,19,29.88,5.72
8.75,75.25,2020,4,19,29.78,5.08
8.75,75.75,2020,4,19,29.7,5.08
8.75,76.25,2020,4,19,29.74,6.03
8.75,76.75,2020,4,19,30.17,6.03
8.75,77.25,2020,4,19,30.5,5.44
9.25,74.25,2020,4,19,29.95,6.16
9.25,74.75,2020,4,19,29.92,6.16
9.25,75.25,2020,4,19,29.86,5.37
9.25,75.75,2020,4,19,29.88,5.37
9.25,76.25,2020,4,19,30.17,6.07
9.25,76.75,2020,4,19,29.47,6.07
9.25,77.25,2020,4,19,29.93,5.65
9.75,74.25,2020,4,19,30.11,6.16
9.75,74.75,2020,4,19,30.05,6.16
9.75,75.25,2020,4,19,29.99,5.37
9.75,75.75,2020,4,19,30.07,5.37
9.75,76.25,2020,4,19,30.56,6.07
9.75,76.75,2020,4,19,28.66,6.07
9.75,77.25,2020,4,19,28.75,5.65
10.25,74.25,2020,4,19,30.24,6.59
10.25,74.75,2020,4,19,30.17,6.59
10.25,75.25,2020,4,19,30.18,6.58
10.25,75.75,2020,4,19,30.41,6.58
10.25,76.25,2020,4,19,31.15,6.33
10.25,76.75,2020,4,19,29.24,6.33
10.25,77.25,2020,4,19,29.26,6.18
10.75,74.25,2020,4,19,30.24,6.59
10.75,74.75,2020,4,19,30.2,6.59
10.75,75.25,2020,4,19,30.35,6.58
10.75,75.75,2020,4,19,30.68,6.58
10.75,76.25,2020,4,19,31.1,6.33
10.75,76.75,2020,4,19,30.52,6.33
10.75,77.25,2020,4,19,31.19,6.18
11.25,74.25,2020,4,19,30.19,6.81
11.25,74.75,2020,4,19,30.23,6.81
11.25,75.25,2020,4,19,30.42,6.96
11.25,75.75,2020,4,19,30.52,6.96
11.25,76.25,2020,4,19,30.03,6.3
11.25,76.75,2020,4,19,30.13,6.3
11.25,77.25,2020,4,19,31.55,6.53
11.75,74.25,2020,4,19,30.18,6.81
11.75,74.75,2020,4,19,30.33,6.81
11.75,75.25,2020,4,19,30.38,6.96
11.75,75.75,2020,4,19,30.21,6.96
11.75,76.25,2020,4,19,29.8,6.3
11.75,76.75,2020,4,19,29.91,6.3
11.75,77.25,2020,4,19,30.75,6.53
12.25,74.25,2020,4,19,30.21,6.65
12.25,74.75,2020,4,19,30.5,6.65
12.25,75.25,2020,4,19,30.42,6.72
12.25,75.75,2020,4,19,30.09,6.72
12.25,76.25,2020,4,19,30.29,6.94
12.25,76.75,2020,4,19,30.62,6.94
12.25,77.25,2020,4,19,30.46,6.95
12.75,74.25,2020,4,19,30.32,6.65
12.75,74.75,2020,4,19,30.75,6.65
12.75,75.25,2020,4,19,30.64,6.72
12.75,75.75,2020,4,19,30.17,6.72
12.75,76.25,2020,4,19,30.41,6.94
12.75,76.75,2020,4,19,30.69,6.94
12.75,77.25,2020,4,19,30.15,6.95
8.25,74.25,2020,4,20,29.98,5.32
8.25,74.75,2020,4,20,29.99,5.32
8.25,75.25,2020,4,20,29.94,6.21
8.25,75.75,2020,4,20,29.92,6.21
8.25,76.25,2020,4,20,30.12,6.62
8.25,76.75,2020,4,20,30.5,6.62
8.25,77.25,2020,4,20,30.11,5.55
8.75,74.25,2020,4,20,29.94,5.32
8.75,74.75,2020,4,20,29.9,5.32
8.75,75.25,2020,4,20,29.84,6.21
8.75,75.75,2020,4,20,29.91,6.21
8.75,76.25,2020,4,20,30.43,6.62
8.75,76.75,2020,4,20,30.4,6.62
8.75,77.25,2020,4,20,29.83,5.55
9.25,74.25,2020,4,20,29.94,5.67
9.25,74.75,2020,4,20,29.87,5.67
9.25,75.25,2020,4,20,29.79,6.2
9.25,75.75,2020,4,20,29.95,6.2
9.25,76.25,2020,4,20,30.8,6.41
9.25,76.75,2020,4,20,29.71,6.41
9.25,77.25,2020,4,20,29.43,6.15
9.75,74.25,2020,4,20,29.92,5.67
9.75,74.75,2020,4,20,29.84,5.67
9.75,75.25,2020,4,20,29.79,6.2
9.75,75.75,2020,4,20,30.04,6.2
9.75,76.25,2020,4,20,31.08,6.41
9.75,76.75,2020,4,20,28.91,6.41
9.75,77.25,2020,4,20,28.48,6.15
10.25,74.25,2020,4,20,29.94,6.63
10.25,74.75,2020,4,20,29.84,6.63
10.25,75.25,2020,4,20,29.86,6.86
10.25,75.75,2020,4,20,30.25,6.86
10.25,76.25,2020,4,20,31.43,6.56
10.25,76.75,2020,4,20,29.5,6.56
10.25,77.25,2020,4,20,29.09,6.79
10.75,74.25,2020,4,20,30.02,6.63
10.75,74.75,2020,4,20,29.94,6.63
10.75,75.25,2020,4,20,30.09,6.86
10.75,75.75,2020,4,20,30.54,6.86
10.75,76.25,2020,4,20,31.25,6.56
10.75,76.75,2020,4,20,30.79,6.56
10.75,77.25,2020,4,20,31.1,6.79
11.25,74.25,2020,4,20,30.07,6.87
11.25,74.75,2020,4,20,30.08,6.87
11.25,75.25,2020,4,20,30.29,6.88
11.25,75.75,2020,4,20,30.49,6.88
11.25,76.25,2020,4,20,30.11,7.15
11.25,76.75,2020,4,20,30.26,7.15
11.25,77.25,2020,4,20,31.44,7.22
11.75,74.25,2020,4,20,30.03,6.87
11.75,74.75,2020,4,20,30.14,6.87
11.75,75.25,2020,4,20,30.2,6.88
11.75,75.75,2020,4,20,30.09,6.88
11.75,76.25,2020,4,20,29.69,7.15
11.75,76.75,2020,4,20,29.71,7.15
11.75,77.25,2020,4,20,30.47,7.22
12.25,74.25,2020,4,20,29.93,7.01
12.25,74.75,2020,4,20,30.14,7.01
12.25,75.25,2020,4,20,30.05,6.8
12.25,75.75,2020,4,20,29.74,6.8
12.25,76.25,2020,4,20,29.82,7.19
12.25,76.75,2020,4,20,30.05,7.19
12.25,77.25,2020,4,20,29.94,7.52
12.75,74.25,2020,4,20,29.94,7.01
12.75,74.75,2020,4,20,30.22,7.01
12.75,75.25,2020,4,20,30.1,6.8
12.75,75.75,2020,4,20,29.65,6.8
12.75,76.25,2020,4,20,29.67,7.19
12.75,76.75,2020,4,20,29.96,7.19
12.75,77.25,2020,4,20,29.51,7.52
8.25,74.25,2020,4,21,30.03,5.13
8.25,74.75,2020,4,21,29.97,5.13
8.25,75.25,2020,4,21,29.97,5.82
8.25,75.75,2020,4,21,30.12,5.82
8.25,76.25,2020,4,21,30.45,6.36
8.25,76.75,2020,4,21,30.7,6.36
8.25,77.25,2020,4,21,30.56,5.92
8.75,74.25,2020,4,21,29.92,5.13
8.75,74.75,2020,4,21,29.89,5.13
8.75,75.25,2020,4,21,29.89,5.82
8.75,75.75,2020,4,21,30.06,5.82
8.75,76.25,2020,4,21,30.6,6.36
8.75,76.75,2020,4,21,30.63,6.36
8.75,77.25,2020,4,21,30.67,5.92
9.25,74.25,2020,4,21,29.92,5.98
9.25,74.75,2020,4,21,29.92,5.98
9.25,75.25,2020,4,21,29.88,6.19
9.25,75.75,2020,4,21,29.99,6.19
9.25,76.25,2020,4,21,30.62,6.31
9.25,76.75,2020,4,21,29.79,6.31
9.25,77.25,2020,4,21,30.26,6.2
9.75,74.25,2020,4,21,29.98,5.98
9.75,74.75,2020,4,21,29.98,5.98
9.75,75.25,2020,4,21,29.93,6.19
9.75,75.75,2020,4,21,29.99,6.19
9.75,76.25,2020,4,21,30.51,6.31
9.75,76.75,2020,4,21,28.77,6.31
9.75,77.25,2020,4,21,29.18,6.2
10.25,74.25,2020,4,21,30.06,6.06
10.25,74.75,2020,4,21,30.02,6.06
10.25,75.25,2020,4,21,30.02,6.39
10.25,75.75,2020,4,21,30.2,6.39
10.25,76.25,2020,4,21,30.78,5.97
10.25,76.75,2020,4,21,29.35,5.97
10.25,77.25,2020,4,21,29.73,6.46
10.75,74.25,2020,4,21,30.11,6.06
10.75,74.75,2020,4,21,30.05,6.06
10.75,75.25,2020,4,21,30.18,6.39
10.75,75.75,2020,4,21,30.49,6.39
10.75,76.25,2020,4,21,30.77,5.97
10.75,76.75,2020,4,21,30.71,5.97
10.75,77.25,2020,4,21,31.51,6.46
11.25,74.25,2020,4,21,30.08,6.28
11.25,74.75,2020,4,21,30.09,6.28
11.25,75.25,2020,4,21,30.25,6.35
11.25,75.75,2020,4,21,30.36,6.35
11.25,76.25,2020,4,21,29.87,6.69
11.25,76.75,2020,4,21,30.3,6.69
11.25,77.25,2020,4,21,31.62,7.23
11.75,74.25,2020,4,21,29.96,6.28
11.75,74.75,2020,4,21,30.06,6.28
11.75,75.25,2020,4,21,30.09,6.35
11.75,75.75,2020,4,21,29.96,6.35
11.75,76.25,2020,4,21,29.7,6.69
11.75,76.75,2020,4,21,29.86,6.69
11.75,77.25,2020,4,21,30.55,7.23
12.25,74.25,2020,4,21,29.85,6.7
12.25,74.75,2020,4,21,30.01,6.7
12.25,75.25,2020,4,21,29.91,6
12.25,75.75,2020,4,21,29.7,6
12.25,76.25,2020,4,21,30.03,7.1
12.25,76.75,2020,4,21,30.27,7.1
12.25,77.25,2020,4,21,30.03,7.51
12.75,74.25,2020,4,21,29.88,6.7
12.75,74.75,2020,4,21,30.09,6.7
12.75,75.25,2020,4,21,29.98,6
12.75,75.75,2020,4,21,29.68,6
12.75,76.25,2020,4,21,29.92,7.1
12.75,76.75,2020,4,21,30.12,7.1
12.75,77.25,2020,4,21,29.61,7.51
8.25,74.25,2020,4,22,29.81,5.51
8.25,74.75,2020,4,22,29.79,5.51
8.25,75.25,2020,4,22,29.75,5.89
8.25,75.75,2020,4,22,29.69,5.89
8.25,76.25,2020,4,22,29.65,5.96
8.25,76.75,2020,4,22,29.97,5.96
8.25,77.25,2020,4,22,30.34,5.58
8.75,74.25,2020,4,22,29.83,5.51
8.75,74.75,2020,4,22,29.78,5.51
8.75,75.25,2020,4,22,29.7,5.89
8.75,75.75,2020,4,22,29.63,5.89
8.75,76.25,2020,4,22,29.65,5.96
8.75,76.75,2020,4,22,29.8,5.96
8.75,77.25,2020,4,22,30.63,5.58
9.25,74.25,2020,4,22,29.93,5.65
9.25,74.75,2020,4,22,29.88,5.65
9.25,75.25,2020,4,22,29.76,5.86
9.25,75.75,2020,4,22,29.68,5.86
9.25,76.25,2020,4,22,29.85,5.98
9.25,76.75,2020,4,22,28.97,5.98
9.25,77.25,2020,4,22,30.1,6.17
9.75,74.25,2020,4,22,29.96,5.65
9.75,74.75,2020,4,22,29.92,5.65
9.75,75.25,2020,4,22,29.81,5.86
9.75,75.75,2020,4,22,29.7,5.86
9.75,76.25,2020,4,22,29.78,5.98
9.75,76.75,2020,4,22,27.87,5.98
9.75,77.25,2020,4,22,28.83,6.17
10.25,74.25,2020,4,22,29.92,6.21
10.25,74.75,2020,4,22,29.89,6.21
10.25,75.25,2020,4,22,29.86,6.23
10.25,75.75,2020,4,22,29.83,6.23
10.25,76.25,2020,4,22,29.83,5.92
10.25,76.75,2020,4,22,28.17,5.92
10.25,77.25,2020,4,22,29.32,6.03
10.75,74.25,2020,4,22,29.87,6.21
10.75,74.75,2020,4,22,29.85,6.21
10.75,75.25,2020,4,22,29.92,6.23
10.75,75.75,2020,4,22,29.92,6.23
10.75,76.25,2020,4,22,29.48,5.92
10.75,76.75,2020,4,22,29.51,5.92
10.75,77.25,2020,4,22,31.46,6.03
11.25,74.25,2020,4,22,29.78,6.51
11.25,74.75,2020,4,22,29.79,6.51
11.25,75.25,2020,4,22,29.81,6.3
11.25,75.75,2020,4,22,29.55,6.3
11.25,76.25,2020,4,22,28.5,5.67
11.25,76.75,2020,4,22,29.57,5.67
11.25,77.25,2020,4,22,32.07,6.5
11.75,74.25,2020,4,22,29.69,6.51
11.75,74.75,2020,4,22,29.67,6.51
11.75,75.25,2020,4,22,29.39,6.3
11.75,75.75,2020,4,22,28.85,6.3
11.75,76.25,2020,4,22,28.46,5.67
11.75,76.75,2020,4,22,29.67,5.67
11.75,77.25,2020,4,22,31.35,6.5
12.25,74.25,2020,4,22,29.75,6.73
12.25,74.75,2020,4,22,29.64,6.73
12.25,75.25,2020,4,22,29.01,6.18
12.25,75.75,2020,4,22,28.3,6.18
12.25,76.25,2020,4,22,28.87,6.49
12.25,76.75,2020,4,22,30.5,6.49
12.25,77.25,2020,4,22,31.06,6.66
12.75,74.25,2020,4,22,29.92,6.73
12.75,74.75,2020,4,22,29.8,6.73
12.75,75.25,2020,4,22,29.05,6.18
12.75,75.75,2020,4,22,28.24,6.18
12.75,76.25,2020,4,22,28.92,6.49
12.75,76.75,2020,4,22,30.61,6.49
12.75,77.25,2020,4,22,30.64,6.66
8.25,74.25,2020,4,23,30.11,3.61
8.25,74.75,2020,4,23,30.18,3.61
8.25,75.25,2020,4,23,30.22,3.88
8.25,75.75,2020,4,23,30.21,3.88
8.25,76.25,2020,4,23,30.16,5.72
8.25,76.75,2020,4,23,30.08,5.72
8.25,77.25,2020,4,23,30.25,5.74
8.75,74.25,2020,4,23,30.24,3.61
8.75,74.75,2020,4,23,30.32,3.61
8.75,75.25,2020,4,23,30.36,3.88
8.75,75.75,2020,4,23,30.35,3.88
8.75,76.25,2020,4,23,30.33,5.72
8.75,76.75,2020,4,23,29.85,5.72
8.75,77.25,2020,4,23,30.57,5.74
9.25,74.25,2020,4,23,30.33,5.58
9.25,74.75,2020,4,23,30.38,5.58
9.25,75.25,2020,4,23,30.37,5.61
9.25,75.75,2020,4,23,30.34,5.61
9.25,76.25,2020,4,23,30.42,6.26
9.25,76.75,2020,4,23,29.09,6.26
9.25,77.25,2020,4,23,30.14,6.01
9.75,74.25,2020,4,23,30.33,5.58
9.75,74.75,2020,4,23,30.33,5.58
9.75,75.25,2020,4,23,30.29,5.61
9.75,75.75,2020,4,23,30.22,5.61
9.75,76.25,2020,4,23,30.16,6.26
9.75,76.75,2020,4,23,27.98,6.26
9.75,77.25,2020,4,23,28.98,6.01
10.25,74.25,2020,4,23,30.28,5.71
10.25,74.75,2020,4,23,30.26,5.71
10.25,75.25,2020,4,23,30.27,5.79
10.25,75.75,2020,4,23,30.25,5.79
10.25,76.25,2020,4,23,30.03,6.26
10.25,76.75,2020,4,23,28.19,6.26
10.25,77.25,2020,4,23,29.38,6.31
10.75,74.25,2020,4,23,30.3,5.71
10.75,74.75,2020,4,23,30.28,5.71
10.75,75.25,2020,4,23,30.35,5.79
10.75,75.75,2020,4,23,30.28,5.79
10.75,76.25,2020,4,23,29.52,6.26
10.75,76.75,2020,4,23,29.26,6.26
10.75,77.25,2020,4,23,31.28,6.31
11.25,74.25,2020,4,23,30.4,6.13
11.25,74.75,2020,4,23,30.38,6.13
11.25,75.25,2020,4,23,30.28,5.95
11.25,75.75,2020,4,23,29.77,5.95
11.25,76.25,2020,4,23,28.26,6.22
11.25,76.75,2020,4,23,28.94,6.22
11.25,77.25,2020,4,23,31.63,6.59
11.75,74.25,2020,4,23,30.49,6.13
11.75,74.75,2020,4,23,30.38,6.13
11.75,75.25,2020,4,23,29.78,5.95
11.75,75.75,2020,4,23,28.74,5.95
11.75,76.25,2020,4,23,27.76,6.22
11.75,76.75,2020,4,23,28.64,6.22
11.75,77.25,2020,4,23,30.67,6.59
12.25,74.25,2020,4,23,30.51,6.46
12.25,74.75,2020,4,23,30.26,6.46
12.25,75.25,2020,4,23,29.17,6.09
12.25,75.75,2020,4,23,27.82,6.09
12.25,76.25,2020,4,23,27.95,6.19
12.25,76.75,2020,4,23,29.49,6.19
12.25,77.25,2020,4,23,30.46,6.51
12.75,74.25,2020,4,23,30.5,6.46
12.75,74.75,2020,4,23,30.22,6.46
12.75,75.25,2020,4,23,28.99,6.09
12.75,75.75,2020,4,23,27.55,6.09
12.75,76.25,2020,4,23,28.02,6.19
12.75,76.75,2020,4,23,30.06,6.19
12.75,77.25,2020,4,23,30.52,6.51
8.25,74.25,2020,4,24,29.73,4.08
8.25,74.75,2020,4,24,29.81,4.08
8.25,75.25,2020,4,24,29.91,5.05
8.25,75.75,2020,4,24,30.03,5.05
8.25,76.25,2020,4,24,30.14,5
8.25,76.75,2020,4,24,29.96,5
8.25,77.25,2020,4,24,30.07,5.13
8.75,74.25,2020,4,24,29.84,4.08
8.75,74.75,2020,4,24,29.92,4.08
8.75,75.25,2020,4,24,29.98,5.05
8.75,75.75,2020,4,24,30.01,5.05
8.75,76.25,2020,4,24,29.99,5
8.75,76.75,2020,4,24,29.08,5
8.75,77.25,2020,4,24,29.62,5.13
9.25,74.25,2020,4,24,29.84,4.02
9.25,74.75,2020,4,24,29.88,4.02
9.25,75.25,2020,4,24,29.87,4.92
9.25,75.75,2020,4,24,29.8,4.92
9.25,76.25,2020,4,24,29.65,5.35
9.25,76.75,2020,4,24,27.84,5.35
9.25,77.25,2020,4,24,28.81,5.58
9.75,74.25,2020,4,24,29.72,4.02
9.75,74.75,2020,4,24,29.69,4.02
9.75,75.25,2020,4,24,29.62,4.92
9.75,75.75,2020,4,24,29.45,4.92
9.75,76.25,2020,4,24,29.03,5.35
9.75,76.75,2020,4,24,26.58,5.35
9.75,77.25,2020,4,24,27.79,5.58
10.25,74.25,2020,4,24,29.57,2.91
10.25,74.75,2020,4,24,29.47,2.91
10.25,75.25,2020,4,24,29.37,3.74
10.25,75.75,2020,4,24,29.11,3.74
10.25,76.25,2020,4,24,28.4,4.7
10.25,76.75,2020,4,24,26.66,4.7
10.25,77.25,2020,4,24,28.3,5.38
10.75,74.25,2020,4,24,29.5,2.91
10.75,74.75,2020,4,24,29.29,2.91
10.75,75.25,2020,4,24,29.03,3.74
10.75,75.75,2020,4,24,28.53,3.74
10.75,76.25,2020,4,24,27.49,4.7
10.75,76.75,2020,4,24,27.65,4.7
10.75,77.25,2020,4,24,30.01,5.38
11.25,74.25,2020,4,24,29.61,2.87
11.25,74.75,2020,4,24,29.25,2.87
11.25,75.25,2020,4,24,28.53,2.87
11.25,75.75,2020,4,24,27.42,2.87
11.25,76.25,2020,4,24,26.07,4.64
11.25,76.75,2020,4,24,27.44,4.64
11.25,77.25,2020,4,24,30.23,5.4
11.75,74.25,2020,4,24,29.89,2.87
11.75,74.75,2020,4,24,29.33,2.87
11.75,75.25,2020,4,24,27.92,2.87
11.75,75.75,2020,4,24,26.06,2.87
11.75,76.25,2020,4,24,25.1,4.64
11.75,76.75,2020,4,24,26.91,4.64
11.75,77.25,2020,4,24,29.22,5.4
12.25,74.25,2020,4,24,30.16,5.57
12.25,74.75,2020,4,24,29.44,5.57
12.25,75.25,2020,4,24,27.5,5.14
12.25,75.75,2020,4,24,25.19,5.14
12.25,76.25,2020,4,24,24.81,5
12.25,76.75,2020,4,24,27.01,5
12.25,77.25,2020,4,24,28.81,5.13
12.75,74.25,2020,4,24,30.34,5.57
12.75,74.75,2020,4,24,29.6,5.57
12.75,75.25,2020,4,24,27.66,5.14
12.75,75.75,2020,4,24,25.45,5.14
12.75,76.25,2020,4,24,25.25,5
12.75,76.75,2020,4,24,27.17,5
12.75,77.25,2020,4,24,28.6,5.13
8.25,74.25,2020,4,25,29.96,4.1
8.25,74.75,2020,4,25,30.03,4.1
8.25,75.25,2020,4,25,30.1,5.22
8.25,75.75,2020,4,25,30.23,5.22
8.25,76.25,2020,4,25,30.45,6.5
8.25,76.75,2020,4,25,30.33,6.5
8.25,77.25,2020,4,25,30.41,6.42
8.75,74.25,2020,4,25,30.09,4.1
8.75,74.75,2020,4,25,30.14,4.1
8.75,75.25,2020,4,25,30.23,5.22
8.75,75.75,2020,4,25,30.37,5.22
8.75,76.25,2020,4,25,30.56,6.5
8.75,76.75,2020,4,25,29.58,6.5
8.75,77.25,2020,4,25,29.51,6.42
9.25,74.25,2020,4,25,30.16,2.98
9.25,74.75,2020,4,25,30.22,2.98
9.25,75.25,2020,4,25,30.33,5.52
9.25,75.75,2020,4,25,30.43,5.52
9.25,76.25,2020,4,25,30.45,6.63
9.25,76.75,2020,4,25,28.53,6.63
9.25,77.25,2020,4,25,28.39,5.97
9.75,74.25,2020,4,25,30.2,2.98
9.75,74.75,2020,4,25,30.26,2.98
9.75,75.25,2020,4,25,30.35,5.52
9.75,75.75,2020,4,25,30.37,5.52
9.75,76.25,2020,4,25,30.13,6.63
9.75,76.75,2020,4,25,27.58,6.63
9.75,77.25,2020,4,25,27.61,5.97
10.25,74.25,2020,4,25,30.22,4.52
10.25,74.75,2020,4,25,30.24,4.52
10.25,75.25,2020,4,25,30.33,5.89
10.25,75.75,2020,4,25,30.34,5.89
10.25,76.25,2020,4,25,29.98,5.33
10.25,76.75,2020,4,25,27.85,5.33
10.25,77.25,2020,4,25,28.47,5.49
10.75,74.25,2020,4,25,30.28,4.52
10.75,74.75,2020,4,25,30.26,4.52
10.75,75.25,2020,4,25,30.35,5.89
10.75,75.75,2020,4,25,30.3,5.89
10.75,76.25,2020,4,25,29.56,5.33
10.75,76.75,2020,4,25,29,5.33
10.75,77.25,2020,4,25,30.81,5.49
11.25,74.25,2020,4,25,30.37,5.89
11.25,74.75,2020,4,25,30.32,5.89
11.25,75.25,2020,4,25,30.14,5.65
11.25,75.75,2020,4,25,29.56,5.65
11.25,76.25,2020,4,25,28.15,5.76
11.25,76.75,2020,4,25,28.68,5.76
11.25,77.25,2020,4,25,31.5,6.05
11.75,74.25,2020,4,25,30.45,5.89
11.75,74.75,2020,4,25,30.2,5.89
11.75,75.25,2020,4,25,29.29,5.65
11.75,75.75,2020,4,25,27.87,5.65
11.75,76.25,2020,4,25,26.71,5.76
11.75,76.75,2020,4,25,27.58,5.76
11.75,77.25,2020,4,25,30.16,6.05
12.25,74.25,2020,4,25,30.5,6.12
12.25,74.75,2020,4,25,29.95,6.12
12.25,75.25,2020,4,25,28.24,5.04
12.25,75.75,2020,4,25,26.07,5.04
12.25,76.25,2020,4,25,25.51,4.54
12.25,76.75,2020,4,25,26.8,4.54
12.25,77.25,2020,4,25,28.7,5.45
12.75,74.25,2020,4,25,30.51,6.12
12.75,74.75,2020,4,25,29.74,6.12
12.75,75.25,2020,4,25,27.68,5.04
12.75,75.75,2020,4,25,25.28,5.04
12.75,76.25,2020,4,25,24.95,4.54
12.75,76.75,2020,4,25,26.35,4.54
12.75,77.25,2020,4,25,27.75,5.45
8.25,74.25,2020,4,26,30.16,5.71
8.25,74.75,2020,4,26,30.18,5.71
8.25,75.25,2020,4,26,30.23,5.87
8.25,75.75,2020,4,26,30.32,5.87
8.25,76.25,2020,4,26,30.44,5.84
8.25,76.75,2020,4,26,30.26,5.84
8.25,77.25,2020,4,26,30.06,5.34
8.75,74.25,2020,4,26,30.32,5.71
8.75,74.75,2020,4,26,30.29,5.71
8.75,75.25,2020,4,26,30.32,5.87
8.75,75.75,2020,4,26,30.4,5.87
8.75,76.25,2020,4,26,30.46,5.84
8.75,76.75,2020,4,26,29.56,5.84
8.75,77.25,2020,4,26,29.36,5.34
9.25,74.25,2020,4,26,30.45,4.52
9.25,74.75,2020,4,26,30.41,4.52
9.25,75.25,2020,4,26,30.41,5.34
9.25,75.75,2020,4,26,30.4,5.34
9.25,76.25,2020,4,26,30.31,5.17
9.25,76.75,2020,4,26,28.3,5.17
9.25,77.25,2020,4,26,28.02,5.25
9.75,74.25,2020,4,26,30.29,4.52
9.75,74.75,2020,4,26,30.26,4.52
9.75,75.25,2020,4,26,30.29,5.34
9.75,75.75,2020,4,26,30.29,5.34
9.75,76.25,2020,4,26,30.07,5.17
9.75,76.75,2020,4,26,27.02,5.17
9.75,77.25,2020,4,26,26.4,5.25
10.25,74.25,2020,4,26,29.87,3.5
10.25,74.75,2020,4,26,29.83,3.5
10.25,75.25,2020,4,26,29.94,3.43
10.25,75.75,2020,4,26,30.02,3.43
10.25,76.25,2020,4,26,29.72,3.91
10.25,76.75,2020,4,26,26.91,3.91
10.25,77.25,2020,4,26,26.42,4.38
10.75,74.25,2020,4,26,29.58,3.5
10.75,74.75,2020,4,26,29.48,3.5
10.75,75.25,2020,4,26,29.6,3.43
10.75,75.75,2020,4,26,29.54,3.43
10.75,76.25,2020,4,26,28.68,3.91
10.75,76.75,2020,4,26,27.46,3.91
10.75,77.25,2020,4,26,28.06,4.38
11.25,74.25,2020,4,26,29.8,5.45
11.25,74.75,2020,4,26,29.58,5.45
11.25,75.25,2020,4,26,29.35,4.56
11.25,75.75,2020,4,26,28.65,4.56
11.25,76.25,2020,4,26,26.88,4.23
11.25,76.75,2020,4,26,26.86,4.23
11.25,77.25,2020,4,26,28.5,3.84
11.75,74.25,2020,4,26,30.26,5.45
11.75,74.75,2020,4,26,29.89,5.45
11.75,75.25,2020,4,26,28.97,4.56
11.75,75.75,2020,4,26,27.48,4.56
11.75,76.25,2020,4,26,25.86,4.23
11.75,76.75,2020,4,26,26.48,4.23
11.75,77.25,2020,4,26,27.98,3.84
12.25,74.25,2020,4,26,30.53,6.19
12.25,74.75,2020,4,26,30.07,6.19
12.25,75.25,2020,4,26,28.58,5.44
12.25,75.75,2020,4,26,26.55,5.44
12.25,76.25,2020,4,26,25.64,5.54
12.25,76.75,2020,4,26,26.97,5.54
12.25,77.25,2020,4,26,28.12,5.58
12.75,74.25,2020,4,26,30.63,6.19
12.75,74.75,2020,4,26,30.1,6.19
12.75,75.25,2020,4,26,28.49,5.44
12.75,75.75,2020,4,26,26.43,5.44
12.75,76.25,2020,4,26,25.8,5.54
12.75,76.75,2020,4,26,27.19,5.54
12.75,77.25,2020,4,26,28.2,5.58
8.25,74.25,2020,4,27,30.31,6.21
8.25,74.75,2020,4,27,30.29,6.21
8.25,75.25,2020,4,27,30.29,6.66
8.25,75.75,2020,4,27,30.3,6.66
8.25,76.25,2020,4,27,30.31,6.92
8.25,76.75,2020,4,27,30.15,6.92
8.25,77.25,2020,4,27,30.39,6.61
8.75,74.25,2020,4,27,30.29,6.21
8.75,74.75,2020,4,27,30.24,6.21
8.75,75.25,2020,4,27,30.22,6.66
8.75,75.75,2020,4,27,30.21,6.66
8.75,76.25,2020,4,27,30.23,6.92
8.75,76.75,2020,4,27,29.5,6.92
8.75,77.25,2020,4,27,29.76,6.61
9.25,74.25,2020,4,27,30.22,6.27
9.25,74.75,2020,4,27,30.16,6.27
9.25,75.25,2020,4,27,30.12,6.58
9.25,75.75,2020,4,27,30.1,6.58
9.25,76.25,2020,4,27,30.08,6.93
9.25,76.75,2020,4,27,28.51,6.93
9.25,77.25,2020,4,27,28.73,6.21
9.75,74.25,2020,4,27,30.18,6.27
9.75,74.75,2020,4,27,30.09,6.27
9.75,75.25,2020,4,27,30.04,6.58
9.75,75.75,2020,4,27,29.97,6.58
9.75,76.25,2020,4,27,29.73,6.93
9.75,76.75,2020,4,27,27.39,6.93
9.75,77.25,2020,4,27,27.41,6.21
10.25,74.25,2020,4,27,30.23,6.32
10.25,74.75,2020,4,27,30.11,6.32
10.25,75.25,2020,4,27,30.04,6.49
10.25,75.75,2020,4,27,29.87,6.49
10.25,76.25,2020,4,27,29.39,6.37
10.25,76.75,2020,4,27,27.36,6.37
10.25,77.25,2020,4,27,27.6,6.72
10.75,74.25,2020,4,27,30.37,6.32
10.75,74.75,2020,4,27,30.24,6.32
10.75,75.25,2020,4,27,30.09,6.49
10.75,75.75,2020,4,27,29.7,6.49
10.75,76.25,2020,4,27,28.68,6.37
10.75,76.75,2020,4,27,28.18,6.37
10.75,77.25,2020,4,27,29.38,6.72
11.25,74.25,2020,4,27,30.5,5.93
11.25,74.75,2020,4,27,30.38,5.93
11.25,75.25,2020,4,27,30.05,6.34
11.25,75.75,2020,4,27,29.21,6.34
11.25,76.25,2020,4,27,27.38,5.52
11.25,76.75,2020,4,27,27.84,5.52
11.25,77.25,2020,4,27,29.91,6.11
11.75,74.25,2020,4,27,30.59,5.93
11.75,74.75,2020,4,27,30.39,5.93
11.75,75.25,2020,4,27,29.68,6.34
11.75,75.75,2020,4,27,28.38,6.34
11.75,76.25,2020,4,27,26.72,5.52
11.75,76.75,2020,4,27,27.32,5.52
11.75,77.25,2020,4,27,28.87,6.11
12.25,74.25,2020,4,27,30.64,5.93
12.25,74.75,2020,4,27,30.31,5.93
12.25,75.25,2020,4,27,29.14,5.77
12.25,75.75,2020,4,27,27.49,5.77
12.25,76.25,2020,4,27,26.63,5.22
12.25,76.75,2020,4,27,27.56,5.22
12.25,77.25,2020,4,27,28.14,5.48
12.75,74.25,2020,4,27,30.67,5.93
12.75,74.75,2020,4,27,30.29,5.93
12.75,75.25,2020,4,27,28.91,5.77
12.75,75.75,2020,4,27,27.11,5.77
12.75,76.25,2020,4,27,26.54,5.22
12.75,76.75,2020,4,27,27.54,5.22
12.75,77.25,2020,4,27,27.77,5.48
8.25,74.25,2020,4,28,29.81,5.36
8.25,74.75,2020,4,28,29.79,5.36
8.25,75.25,2020,4,28,29.81,5.22
8.25,75.75,2020,4,28,29.88,5.22
8.25,76.25,2020,4,28,29.92,5.28
8.25,76.75,2020,4,28,29.61,5.28
8.25,77.25,2020,4,28,29.75,5.34
8.75,74.25,2020,4,28,30.04,5.36
8.75,74.75,2020,4,28,29.91,5.36
8.75,75.25,2020,4,28,29.83,5.22
8.75,75.75,2020,4,28,29.81,5.22
8.75,76.25,2020,4,28,29.83,5.28
8.75,76.75,2020,4,28,28.81,5.28
8.75,77.25,2020,4,28,29,5.34
9.25,74.25,2020,4,28,30.38,5.63
9.25,74.75,2020,4,28,30.2,5.63
9.25,75.25,2020,4,28,29.98,5.62
9.25,75.75,2020,4,28,29.77,5.62
9.25,76.25,2020,4,28,29.7,5.63
9.25,76.75,2020,4,28,27.88,5.63
9.25,77.25,2020,4,28,27.88,5.31
9.75,74.25,2020,4,28,30.61,5.63
9.75,74.75,2020,4,28,30.5,5.63
9.75,75.25,2020,4,28,30.23,5.62
9.75,75.75,2020,4,28,29.79,5.62
9.75,76.25,2020,4,28,29.28,5.63
9.75,76.75,2020,4,28,26.8,5.63
9.75,77.25,2020,4,28,26.41,5.31
10.25,74.25,2020,4,28,30.67,5.68
10.25,74.75,2020,4,28,30.64,5.68
10.25,75.25,2020,4,28,30.42,5.94
10.25,75.75,2020,4,28,29.89,5.94
10.25,76.25,2020,4,28,28.9,5.65
10.25,76.75,2020,4,28,26.75,5.65
10.25,77.25,2020,4,28,26.58,5.53
10.75,74.25,2020,4,28,30.62,5.68
10.75,74.75,2020,4,28,30.65,5.68
10.75,75.25,2020,4,28,30.47,5.94
10.75,75.75,2020,4,28,29.82,5.94
10.75,76.25,2020,4,28,28.26,5.65
10.75,76.75,2020,4,28,27.21,5.65
10.75,77.25,2020,4,28,28,5.53
11.25,74.25,2020,4,28,30.53,6.3
11.25,74.75,2020,4,28,30.6,6.3
11.25,75.25,2020,4,28,30.34,6.39
11.25,75.75,2020,4,28,29.33,6.39
11.25,76.25,2020,4,28,27.08,5.41
11.25,76.75,2020,4,28,26.68,5.41
11.25,77.25,2020,4,28,28.17,5.59
11.75,74.25,2020,4,28,30.43,6.3
11.75,74.75,2020,4,28,30.51,6.3
11.75,75.25,2020,4,28,29.99,6.39
11.75,75.75,2020,4,28,28.67,6.39
11.75,76.25,2020,4,28,26.77,5.41
11.75,76.75,2020,4,28,26.76,5.41
11.75,77.25,2020,4,28,27.51,5.59
12.25,74.25,2020,4,28,30.35,6.73
12.25,74.75,2020,4,28,30.39,6.73
12.25,75.25,2020,4,28,29.65,6.64
12.25,75.75,2020,4,28,28.26,6.64
12.25,76.25,2020,4,28,27.26,6.12
12.25,76.75,2020,4,28,27.86,6.12
12.25,77.25,2020,4,28,27.48,5.74
12.75,74.25,2020,4,28,30.32,6.73
12.75,74.75,2020,4,28,30.31,6.73
12.75,75.25,2020,4,28,29.47,6.64
12.75,75.75,2020,4,28,28.12,6.64
12.75,76.25,2020,4,28,27.64,6.12
12.75,76.75,2020,4,28,28.43,6.12
12.75,77.25,2020,4,28,27.55,5.74
8.25,74.25,2020,4,29,29.39,5.18
8.25,74.75,2020,4,29,29.17,5.18
8.25,75.25,2020,4,29,29.1,3.36
8.25,75.75,2020,4,29,29.2,3.36
8.25,76.25,2020,4,29,29.46,4.3
8.25,76.75,2020,4,29,29.1,4.3
8.25,77.25,2020,4,29,29.03,5.14
8.75,74.25,2020,4,29,29.48,5.18
8.75,74.75,2020,4,29,29.13,5.18
8.75,75.25,2020,4,29,28.99,3.36
8.75,75.75,2020,4,29,29.08,3.36
8.75,76.25,2020,4,29,29.29,4.3
8.75,76.75,2020,4,29,28.17,4.3
8.75,77.25,2020,4,29,28.08,5.14
9.25,74.25,2020,4,29,29.79,5.35
9.25,74.75,2020,4,29,29.3,5.35
9.25,75.25,2020,4,29,29.02,4.75
9.25,75.75,2020,4,29,28.95,4.75
9.25,76.25,2020,4,29,28.88,4.33
9.25,76.75,2020,4,29,27.11,4.33
9.25,77.25,2020,4,29,27.26,4.48
9.75,74.25,2020,4,29,30.16,5.35
9.75,74.75,2020,4,29,29.7,5.35
9.75,75.25,2020,4,29,29.26,4.75
9.75,75.75,2020,4,29,28.86,4.75
9.75,76.25,2020,4,29,28.21,4.33
9.75,76.75,2020,4,29,25.65,4.33
9.75,77.25,2020,4,29,25.95,4.48
10.25,74.25,2020,4,29,30.34,5.83
10.25,74.75,2020,4,29,30.07,5.83
10.25,75.25,2020,4,29,29.61,5.85
10.25,75.75,2020,4,29,28.89,5.85
10.25,76.25,2020,4,29,27.67,5.2
10.25,76.75,2020,4,29,25.09,5.2
10.25,77.25,2020,4,29,25.66,5.09
10.75,74.25,2020,4,29,30.28,5.83
10.75,74.75,2020,4,29,30.15,5.83
10.75,75.25,2020,4,29,29.72,5.85
10.75,75.75,2020,4,29,28.74,5.85
10.75,76.25,2020,4,29,26.84,5.2
10.75,76.75,2020,4,29,25.44,5.2
10.75,77.25,2020,4,29,26.62,5.09
11.25,74.25,2020,4,29,30.13,4.98
11.25,74.75,2020,4,29,30.02,4.98
11.25,75.25,2020,4,29,29.38,5.49
11.25,75.75,2020,4,29,27.89,5.49
11.25,76.25,2020,4,29,25.3,4.65
11.25,76.75,2020,4,29,24.84,4.65
11.25,77.25,2020,4,29,26.6,4
11.75,74.25,2020,4,29,29.96,4.98
11.75,74.75,2020,4,29,29.83,4.98
11.75,75.25,2020,4,29,28.75,5.49
11.75,75.75,2020,4,29,26.67,5.49
11.75,76.25,2020,4,29,24.3,4.65
11.75,76.75,2020,4,29,24.18,4.65
11.75,77.25,2020,4,29,25.37,4
12.25,74.25,2020,4,29,29.82,5.29
12.25,74.75,2020,4,29,29.65,5.29
12.25,75.25,2020,4,29,28.2,4.79
12.25,75.75,2020,4,29,25.78,4.79
12.25,76.25,2020,4,29,24,3.74
12.25,76.75,2020,4,29,24.16,3.74
12.25,77.25,2020,4,29,24.4,3.04
12.75,74.25,2020,4,29,29.76,5.29
12.75,74.75,2020,4,29,29.52,5.29
12.75,75.25,2020,4,29,27.94,4.79
12.75,75.75,2020,4,29,25.43,4.79
12.75,76.25,2020,4,29,23.83,3.74
12.75,76.75,2020,4,29,24.04,3.74
12.75,77.25,2020,4,29,23.88,3.04
8.25,74.25,2020,4,30,30,6.4
8.25,74.75,2020,4,30,29.88,6.4
8.25,75.25,2020,4,30,29.85,6.42
8.25,75.75,2020,4,30,29.89,6.42
8.25,76.25,2020,4,30,29.95,6.33
8.25,76.75,2020,4,30,29.94,6.33
8.25,77.25,2020,4,30,29.78,5.29
8.75,74.25,2020,4,30,30.12,6.4
8.75,74.75,2020,4,30,30.03,6.4
8.75,75.25,2020,4,30,29.95,6.42
8.75,75.75,2020,4,30,29.94,6.42
8.75,76.25,2020,4,30,30.01,6.33
8.75,76.75,2020,4,30,29.68,6.33
8.75,77.25,2020,4,30,29.44,5.29
9.25,74.25,2020,4,30,30.27,5.97
9.25,74.75,2020,4,30,30.2,5.97
9.25,75.25,2020,4,30,30.08,6.2
9.25,75.75,2020,4,30,30.06,6.2
9.25,76.25,2020,4,30,30.27,6.17
9.25,76.75,2020,4,30,28.97,6.17
9.25,77.25,2020,4,30,28.65,5.01
9.75,74.25,2020,4,30,30.35,5.97
9.75,74.75,2020,4,30,30.33,5.97
9.75,75.25,2020,4,30,30.27,6.2
9.75,75.75,2020,4,30,30.24,6.2
9.75,76.25,2020,4,30,30.33,6.17
9.75,76.75,2020,4,30,27.75,6.17
9.75,77.25,2020,4,30,27.25,5.01
10.25,74.25,2020,4,30,30.4,6.22
10.25,74.75,2020,4,30,30.42,6.22
10.25,75.25,2020,4,30,30.46,6.26
10.25,75.75,2020,4,30,30.43,6.26
10.25,76.25,2020,4,30,30.15,6.14
10.25,76.75,2020,4,30,27.47,6.14
10.25,77.25,2020,4,30,27.47,6.2
10.75,74.25,2020,4,30,30.36,6.22
10.75,74.75,2020,4,30,30.41,6.22
10.75,75.25,2020,4,30,30.5,6.26
10.75,75.75,2020,4,30,30.33,6.26
10.75,76.25,2020,4,30,29.26,6.14
10.75,76.75,2020,4,30,27.98,6.14
10.75,77.25,2020,4,30,29.13,6.2
11.25,74.25,2020,4,30,30.27,6.52
11.25,74.75,2020,4,30,30.33,6.52
11.25,75.25,2020,4,30,30.25,6.27
11.25,75.75,2020,4,30,29.54,6.27
11.25,76.25,2020,4,30,27.43,5.81
11.25,76.75,2020,4,30,27.29,5.81
11.25,77.25,2020,4,30,29.34,6.64
11.75,74.25,2020,4,30,30.2,6.52
11.75,74.75,2020,4,30,30.17,6.52
11.75,75.25,2020,4,30,29.6,6.27
11.75,75.75,2020,4,30,28.3,6.27
11.75,76.25,2020,4,30,26.5,5.81
11.75,76.75,2020,4,30,26.76,5.81
11.75,77.25,2020,4,30,28.29,6.64
12.25,74.25,2020,4,30,30.17,6.65
12.25,74.75,2020,4,30,29.95,6.65
12.25,75.25,2020,4,30,28.88,6.31
12.25,75.75,2020,4,30,27.29,6.31
12.25,76.25,2020,4,30,26.53,6.77
12.25,76.75,2020,4,30,27.1,6.77
12.25,77.25,2020,4,30,27.76,6.88
12.75,74.25,2020,4,30,30.18,6.65
12.75,74.75,2020,4,30,29.84,6.65
12.75,75.25,2020,4,30,28.58,6.31
12.75,75.75,2020,4,30,26.96,6.31
12.75,76.25,2020,4,30,26.67,6.77
12.75,76.75,2020,4,30,27.22,6.77
12.75,77.25,2020,4,30,27.49,6.88
8.25,74.25,2020,5,1,29.8,6.39
8.25,74.75,2020,5,1,29.71,6.39
8.25,75.25,2020,5,1,29.7,6.55
8.25,75.75,2020,5,1,29.76,6.55
8.25,76.25,2020,5,1,29.89,6.67
8.25,76.75,2020,5,1,29.93,6.67
8.25,77.25,2020,5,1,30.14,6.53
8.75,74.25,2020,5,1,29.84,6.39
8.75,74.75,2020,5,1,29.76,6.39
8.75,75.25,2020,5,1,29.74,6.55
8.75,75.75,2020,5,1,29.77,6.55
8.75,76.25,2020,5,1,29.91,6.67
8.75,76.75,2020,5,1,29.64,6.67
8.75,77.25,2020,5,1,30.12,6.53
9.25,74.25,2020,5,1,29.89,6.42
9.25,74.75,2020,5,1,29.85,6.42
9.25,75.25,2020,5,1,29.84,6.62
9.25,75.75,2020,5,1,29.91,6.62
9.25,76.25,2020,5,1,30.19,6.64
9.25,76.75,2020,5,1,29.22,6.64
9.25,77.25,2020,5,1,29.71,6.46
9.75,74.25,2020,5,1,29.92,6.42
9.75,74.75,2020,5,1,29.93,6.42
9.75,75.25,2020,5,1,29.96,6.62
9.75,75.75,2020,5,1,30.05,6.62
9.75,76.25,2020,5,1,30.29,6.64
9.75,76.75,2020,5,1,28.29,6.64
9.75,77.25,2020,5,1,28.53,6.46
10.25,74.25,2020,5,1,29.95,6.19
10.25,74.75,2020,5,1,30,6.19
10.25,75.25,2020,5,1,30.08,6.59
10.25,75.75,2020,5,1,30.18,6.59
10.25,76.25,2020,5,1,30.28,6.51
10.25,76.75,2020,5,1,28.14,6.51
10.25,77.25,2020,5,1,28.64,6.69
10.75,74.25,2020,5,1,29.97,6.19
10.75,74.75,2020,5,1,30.01,6.19
10.75,75.25,2020,5,1,30.1,6.59
10.75,75.75,2020,5,1,30.03,6.59
10.75,76.25,2020,5,1,29.41,6.51
10.75,76.75,2020,5,1,28.58,6.51
10.75,77.25,2020,5,1,30.2,6.69
11.25,74.25,2020,5,1,29.95,6.69
11.25,74.75,2020,5,1,29.96,6.69
11.25,75.25,2020,5,1,29.83,6.75
11.25,75.75,2020,5,1,29.22,6.75
11.25,76.25,2020,5,1,27.56,6.3
11.25,76.75,2020,5,1,27.7,6.3
11.25,77.25,2020,5,1,30.3,6.36
11.75,74.25,2020,5,1,29.89,6.69
11.75,74.75,2020,5,1,29.79,6.69
11.75,75.25,2020,5,1,29.18,6.75
11.75,75.75,2020,5,1,27.99,6.75
11.75,76.25,2020,5,1,26.56,6.3
11.75,76.75,2020,5,1,27,6.3
11.75,77.25,2020,5,1,29.11,6.36
12.25,74.25,2020,5,1,29.84,6.49
12.25,74.75,2020,5,1,29.55,6.49
12.25,75.25,2020,5,1,28.44,6.55
12.25,75.75,2020,5,1,26.9,6.55
12.25,76.25,2020,5,1,26.34,6.44
12.25,76.75,2020,5,1,27.3,6.44
12.25,77.25,2020,5,1,28.51,6.51
12.75,74.25,2020,5,1,29.82,6.49
12.75,74.75,2020,5,1,29.45,6.49
12.75,75.25,2020,5,1,28.11,6.55
12.75,75.75,2020,5,1,26.42,6.55
12.75,76.25,2020,5,1,26.15,6.44
12.75,76.75,2020,5,1,27.43,6.44
12.75,77.25,2020,5,1,28.18,6.51
8.25,74.25,2020,5,2,30.22,6.33
8.25,74.75,2020,5,2,30.13,6.33
8.25,75.25,2020,5,2,30.03,6.42
8.25,75.75,2020,5,2,29.98,6.42
8.25,76.25,2020,5,2,29.92,6.56
8.25,76.75,2020,5,2,30,6.56
8.25,77.25,2020,5,2,30.51,6.35
8.75,74.25,2020,5,2,30.19,6.33
8.75,74.75,2020,5,2,30.1,6.33
8.75,75.25,2020,5,2,30.03,6.42
8.75,75.75,2020,5,2,29.99,6.42
8.75,76.25,2020,5,2,29.96,6.56
8.75,76.75,2020,5,2,29.89,6.56
8.75,77.25,2020,5,2,30.78,6.35
9.25,74.25,2020,5,2,30.13,5.93
9.25,74.75,2020,5,2,30.07,5.93
9.25,75.25,2020,5,2,30.05,5.89
9.25,75.75,2020,5,2,30.04,5.89
9.25,76.25,2020,5,2,30,6.11
9.25,76.75,2020,5,2,29.44,6.11
9.25,77.25,2020,5,2,30.3,6.11
9.75,74.25,2020,5,2,30.04,5.93
9.75,74.75,2020,5,2,30.04,5.93
9.75,75.25,2020,5,2,30.06,5.89
9.75,75.75,2020,5,2,30.03,5.89
9.75,76.25,2020,5,2,29.81,6.11
9.75,76.75,2020,5,2,28.42,6.11
9.75,77.25,2020,5,2,29.03,6.11
10.25,74.25,2020,5,2,29.99,6.14
10.25,74.75,2020,5,2,30.01,6.14
10.25,75.25,2020,5,2,30.01,5.52
10.25,75.75,2020,5,2,29.89,5.52
10.25,76.25,2020,5,2,29.53,5.52
10.25,76.75,2020,5,2,28.14,5.52
10.25,77.25,2020,5,2,29.07,6.05
10.75,74.25,2020,5,2,29.95,6.14
10.75,74.75,2020,5,2,29.97,6.14
10.75,75.25,2020,5,2,29.88,5.52
10.75,75.75,2020,5,2,29.53,5.52
10.75,76.25,2020,5,2,28.71,5.52
10.75,76.75,2020,5,2,28.54,5.52
10.75,77.25,2020,5,2,30.59,6.05
11.25,74.25,2020,5,2,29.93,6.3
11.25,74.75,2020,5,2,29.92,6.3
11.25,75.25,2020,5,2,29.6,6.05
11.25,75.75,2020,5,2,28.75,6.05
11.25,76.25,2020,5,2,27.23,5.13
11.25,76.75,2020,5,2,27.89,5.13
11.25,77.25,2020,5,2,30.76,5.57
11.75,74.25,2020,5,2,29.94,6.3
11.75,74.75,2020,5,2,29.81,6.3
11.75,75.25,2020,5,2,29.03,6.05
11.75,75.75,2020,5,2,27.69,6.05
11.75,76.25,2020,5,2,26.54,5.13
11.75,76.75,2020,5,2,27.58,5.13
11.75,77.25,2020,5,2,29.81,5.57
12.25,74.25,2020,5,2,29.96,6.16
12.25,74.75,2020,5,2,29.71,6.16
12.25,75.25,2020,5,2,28.5,5.74
12.25,75.75,2020,5,2,26.84,5.74
12.25,76.25,2020,5,2,26.53,5.55
12.25,76.75,2020,5,2,28.07,5.55
12.25,77.25,2020,5,2,29.39,6
12.75,74.25,2020,5,2,29.99,6.16
12.75,74.75,2020,5,2,29.78,6.16
12.75,75.25,2020,5,2,28.45,5.74
12.75,75.75,2020,5,2,26.69,5.74
12.75,76.25,2020,5,2,26.64,5.55
12.75,76.75,2020,5,2,28.22,5.55
12.75,77.25,2020,5,2,29.02,6
8.25,74.25,2020,5,3,30.37,5.1
8.25,74.75,2020,5,3,30.36,5.1
8.25,75.25,2020,5,3,30.36,4.39
8.25,75.75,2020,5,3,30.38,4.39
8.25,76.25,2020,5,3,30.37,6.1
8.25,76.75,2020,5,3,30.3,6.1
8.25,77.25,2020,5,3,30.37,6.19
8.75,74.25,2020,5,3,30.28,5.1
8.75,74.75,2020,5,3,30.28,5.1
8.75,75.25,2020,5,3,30.32,4.39
8.75,75.75,2020,5,3,30.38,4.39
8.75,76.25,2020,5,3,30.36,6.1
8.75,76.75,2020,5,3,29.88,6.1
8.75,77.25,2020,5,3,30.23,6.19
9.25,74.25,2020,5,3,30.21,5.6
9.25,74.75,2020,5,3,30.24,5.6
9.25,75.25,2020,5,3,30.3,5.65
9.25,75.75,2020,5,3,30.35,5.65
9.25,76.25,2020,5,3,30.26,6.17
9.25,76.75,2020,5,3,28.99,6.17
9.25,77.25,2020,5,3,29.42,5.96
9.75,74.25,2020,5,3,30.16,5.6
9.75,74.75,2020,5,3,30.22,5.6
9.75,75.25,2020,5,3,30.3,5.65
9.75,75.75,2020,5,3,30.29,5.65
9.75,76.25,2020,5,3,30.01,6.17
9.75,76.75,2020,5,3,28.06,6.17
9.75,77.25,2020,5,3,28.14,5.96
10.25,74.25,2020,5,3,30.1,5.68
10.25,74.75,2020,5,3,30.17,5.68
10.25,75.25,2020,5,3,30.22,5.8
10.25,75.75,2020,5,3,30.2,5.8
10.25,76.25,2020,5,3,30.08,5.88
10.25,76.75,2020,5,3,28.6,5.88
10.25,77.25,2020,5,3,28.83,6.06
10.75,74.25,2020,5,3,30.04,5.68
10.75,74.75,2020,5,3,30.11,5.68
10.75,75.25,2020,5,3,30.09,5.8
10.75,75.75,2020,5,3,29.97,5.8
10.75,76.25,2020,5,3,29.8,5.88
10.75,76.75,2020,5,3,29.78,5.88
10.75,77.25,2020,5,3,31.11,6.06
11.25,74.25,2020,5,3,30.01,5.68
11.25,74.75,2020,5,3,30.04,5.68
11.25,75.25,2020,5,3,29.83,6.22
11.25,75.75,2020,5,3,29.32,6.22
11.25,76.25,2020,5,3,28.64,5.94
11.25,76.75,2020,5,3,29.44,5.94
11.25,77.25,2020,5,3,31.7,6.15
11.75,74.25,2020,5,3,30.01,5.68
11.75,74.75,2020,5,3,29.91,5.68
11.75,75.25,2020,5,3,29.3,6.22
11.75,75.75,2020,5,3,28.42,6.22
11.75,76.25,2020,5,3,28.07,5.94
11.75,76.75,2020,5,3,28.93,5.94
11.75,77.25,2020,5,3,30.66,6.15
12.25,74.25,2020,5,3,30.01,6.52
12.25,74.75,2020,5,3,29.75,6.52
12.25,75.25,2020,5,3,28.79,6.39
12.25,75.75,2020,5,3,27.66,6.39
12.25,76.25,2020,5,3,27.86,6.26
12.25,76.75,2020,5,3,28.82,6.26
12.25,77.25,2020,5,3,29.73,6.37
12.75,74.25,2020,5,3,30,6.52
12.75,74.75,2020,5,3,29.75,6.52
12.75,75.25,2020,5,3,28.74,6.39
12.75,75.75,2020,5,3,27.53,6.39
12.75,76.25,2020,5,3,27.57,6.26
12.75,76.75,2020,5,3,28.41,6.26
12.75,77.25,2020,5,3,28.93,6.37
8.25,74.25,2020,5,4,30.34,6.15
8.25,74.75,2020,5,4,30.33,6.15
8.25,75.25,2020,5,4,30.33,6.33
8.25,75.75,2020,5,4,30.34,6.33
8.25,76.25,2020,5,4,30.33,6.1
8.25,76.75,2020,5,4,30.07,6.1
8.25,77.25,2020,5,4,30.13,5.9
8.75,74.25,2020,5,4,30.26,6.15
8.75,74.75,2020,5,4,30.26,6.15
8.75,75.25,2020,5,4,30.28,6.33
8.75,75.75,2020,5,4,30.3,6.33
8.75,76.25,2020,5,4,30.27,6.1
8.75,76.75,2020,5,4,29.35,6.1
8.75,77.25,2020,5,4,29.54,5.9
9.25,74.25,2020,5,4,30.19,5.99
9.25,74.75,2020,5,4,30.21,5.99
9.25,75.25,2020,5,4,30.25,6.14
9.25,75.75,2020,5,4,30.26,6.14
9.25,76.25,2020,5,4,30.17,5.84
9.25,76.75,2020,5,4,28.52,5.84
9.25,77.25,2020,5,4,28.77,5.89
9.75,74.25,2020,5,4,30.18,5.99
9.75,74.75,2020,5,4,30.22,5.99
9.75,75.25,2020,5,4,30.27,6.14
9.75,75.75,2020,5,4,30.25,6.14
9.75,76.25,2020,5,4,30.06,5.84
9.75,76.75,2020,5,4,27.87,5.84
9.75,77.25,2020,5,4,27.91,5.89
10.25,74.25,2020,5,4,30.19,6.26
10.25,74.75,2020,5,4,30.22,6.26
10.25,75.25,2020,5,4,30.25,6.11
10.25,75.75,2020,5,4,30.24,6.11
10.25,76.25,2020,5,4,30.11,6.33
10.25,76.75,2020,5,4,28.37,6.33
10.25,77.25,2020,5,4,28.79,6.28
10.75,74.25,2020,5,4,30.18,6.26
10.75,74.75,2020,5,4,30.19,6.26
10.75,75.25,2020,5,4,30.16,6.11
10.75,75.75,2020,5,4,30.04,6.11
10.75,76.25,2020,5,4,29.7,6.33
10.75,76.75,2020,5,4,29.38,6.33
10.75,77.25,2020,5,4,31.01,6.28
11.25,74.25,2020,5,4,30.17,6.17
11.25,74.75,2020,5,4,30.16,6.17
11.25,75.25,2020,5,4,29.97,6.36
11.25,75.75,2020,5,4,29.49,6.36
11.25,76.25,2020,5,4,28.66,6.34
11.25,76.75,2020,5,4,29.12,6.34
11.25,77.25,2020,5,4,31.57,6.71
11.75,74.25,2020,5,4,30.18,6.17
11.75,74.75,2020,5,4,30.12,6.17
11.75,75.25,2020,5,4,29.61,6.36
11.75,75.75,2020,5,4,28.8,6.36
11.75,76.25,2020,5,4,28.41,6.34
11.75,76.75,2020,5,4,28.97,6.34
11.75,77.25,2020,5,4,30.7,6.71
12.25,74.25,2020,5,4,30.21,5.99
12.25,74.75,2020,5,4,30.09,5.99
12.25,75.25,2020,5,4,29.26,6.36
12.25,75.75,2020,5,4,28.27,6.36
12.25,76.25,2020,5,4,28.73,6.76
12.25,76.75,2020,5,4,29.54,6.76
12.25,77.25,2020,5,4,30.22,6.98
12.75,74.25,2020,5,4,30.28,5.99
12.75,74.75,2020,5,4,30.16,5.99
12.75,75.25,2020,5,4,29.21,6.36
12.75,75.75,2020,5,4,28.05,6.36
12.75,76.25,2020,5,4,28.54,6.76
12.75,76.75,2020,5,4,29.59,6.76
12.75,77.25,2020,5,4,29.96,6.98
8.25,74.25,2020,5,5,30.02,5.61
8.25,74.75,2020,5,5,29.96,5.61
8.25,75.25,2020,5,5,29.9,6.31
8.25,75.75,2020,5,5,29.85,6.31
8.25,76.25,2020,5,5,29.8,6.37
8.25,76.75,2020,5,5,29.61,6.37
8.25,77.25,2020,5,5,29.5,5.8
8.75,74.25,2020,5,5,30.11,5.61
8.75,74.75,2020,5,5,30.06,5.61
8.75,75.25,2020,5,5,30,6.31
8.75,75.75,2020,5,5,29.91,6.31
8.75,76.25,2020,5,5,29.83,6.37
8.75,76.75,2020,5,5,29.27,6.37
8.75,77.25,2020,5,5,29.39,5.8
9.25,74.25,2020,5,5,30.21,6.25
9.25,74.75,2020,5,5,30.18,6.25
9.25,75.25,2020,5,5,30.13,6.23
9.25,75.75,2020,5,5,30.06,6.23
9.25,76.25,2020,5,5,30.01,6.24
9.25,76.75,2020,5,5,28.8,6.24
9.25,77.25,2020,5,5,29.07,6.11
9.75,74.25,2020,5,5,30.31,6.25
9.75,74.75,2020,5,5,30.29,6.25
9.75,75.25,2020,5,5,30.25,6.23
9.75,75.75,2020,5,5,30.18,6.23
9.75,76.25,2020,5,5,30.04,6.24
9.75,76.75,2020,5,5,28.13,6.24
9.75,77.25,2020,5,5,28.23,6.11
10.25,74.25,2020,5,5,30.37,6.48
10.25,74.75,2020,5,5,30.33,6.48
10.25,75.25,2020,5,5,30.31,6.3
10.25,75.75,2020,5,5,30.24,6.3
10.25,76.25,2020,5,5,29.96,6.12
10.25,76.75,2020,5,5,28.52,6.12
10.25,77.25,2020,5,5,29.09,6.42
10.75,74.25,2020,5,5,30.39,6.48
10.75,74.75,2020,5,5,30.34,6.48
10.75,75.25,2020,5,5,30.29,6.3
10.75,75.75,2020,5,5,30.08,6.3
10.75,76.25,2020,5,5,29.35,6.12
10.75,76.75,2020,5,5,29.35,6.12
10.75,77.25,2020,5,5,31.27,6.42
11.25,74.25,2020,5,5,30.41,6.27
11.25,74.75,2020,5,5,30.36,6.27
11.25,75.25,2020,5,5,30.12,6.32
11.25,75.75,2020,5,5,29.47,6.32
11.25,76.25,2020,5,5,28.15,6.42
11.25,76.75,2020,5,5,28.9,6.42
11.25,77.25,2020,5,5,31.87,6.88
11.75,74.25,2020,5,5,30.43,6.27
11.75,74.75,2020,5,5,30.35,6.27
11.75,75.25,2020,5,5,29.71,6.32
11.75,75.75,2020,5,5,28.6,6.32
11.75,76.25,2020,5,5,27.67,6.42
11.75,76.75,2020,5,5,28.73,6.42
11.75,77.25,2020,5,5,31.18,6.88
12.25,74.25,2020,5,5,30.44,6.68
12.25,74.75,2020,5,5,30.34,6.68
12.25,75.25,2020,5,5,29.38,5.86
12.25,75.75,2020,5,5,27.99,5.86
12.25,76.25,2020,5,5,27.78,6.66
12.25,76.75,2020,5,5,29.31,6.66
12.25,77.25,2020,5,5,30.62,6.98
12.75,74.25,2020,5,5,30.49,6.68
12.75,74.75,2020,5,5,30.47,6.68
12.75,75.25,2020,5,5,29.42,5.86
12.75,75.75,2020,5,5,27.89,5.86
12.75,76.25,2020,5,5,27.81,6.66
12.75,76.75,2020,5,5,29.26,6.66
12.75,77.25,2020,5,5,29.89,6.98
8.25,74.25,2020,5,6,29.93,6.14
8.25,74.75,2020,5,6,29.95,6.14
8.25,75.25,2020,5,6,30.03,5.92
8.25,75.75,2020,5,6,30.1,5.92
8.25,76.25,2020,5,6,29.98,5.92
8.25,76.75,2020,5,6,29.12,5.92
8.25,77.25,2020,5,6,28.67,5
8.75,74.25,2020,5,6,29.99,6.14
8.75,74.75,2020,5,6,29.94,6.14
8.75,75.25,2020,5,6,29.95,5.92
8.75,75.75,2020,5,6,29.97,5.92
8.75,76.25,2020,5,6,29.82,5.92
8.75,76.75,2020,5,6,28.39,5.92
8.75,77.25,2020,5,6,28.06,5
9.25,74.25,2020,5,6,30.09,6.23
9.25,74.75,2020,5,6,29.97,6.23
9.25,75.25,2020,5,6,29.88,6.23
9.25,75.75,2020,5,6,29.8,6.23
9.25,76.25,2020,5,6,29.61,6.07
9.25,76.75,2020,5,6,27.53,6.07
9.25,77.25,2020,5,6,27.58,5.76
9.75,74.25,2020,5,6,30.16,6.23
9.75,74.75,2020,5,6,30.02,6.23
9.75,75.25,2020,5,6,29.87,6.23
9.75,75.75,2020,5,6,29.67,6.23
9.75,76.25,2020,5,6,29.24,6.07
9.75,76.75,2020,5,6,26.67,6.07
9.75,77.25,2020,5,6,27.01,5.76
10.25,74.25,2020,5,6,30.19,6.29
10.25,74.75,2020,5,6,30.1,6.29
10.25,75.25,2020,5,6,29.94,6.4
10.25,75.75,2020,5,6,29.62,6.4
10.25,76.25,2020,5,6,28.89,6.15
10.25,76.75,2020,5,6,26.86,6.15
10.25,77.25,2020,5,6,27.93,5.77
10.75,74.25,2020,5,6,30.2,6.29
10.75,74.75,2020,5,6,30.16,6.29
10.75,75.25,2020,5,6,29.99,6.4
10.75,75.75,2020,5,6,29.5,6.4
10.75,76.25,2020,5,6,28.34,6.15
10.75,76.75,2020,5,6,27.74,6.15
10.75,77.25,2020,5,6,29.89,5.77
11.25,74.25,2020,5,6,30.17,5.72
11.25,74.75,2020,5,6,30.18,5.72
11.25,75.25,2020,5,6,29.88,6.48
11.25,75.75,2020,5,6,29.05,6.48
11.25,76.25,2020,5,6,27.46,5.89
11.25,76.75,2020,5,6,27.74,5.89
11.25,77.25,2020,5,6,30.47,6.13
11.75,74.25,2020,5,6,30.13,5.72
11.75,74.75,2020,5,6,30.08,5.72
11.75,75.25,2020,5,6,29.47,6.48
11.75,75.75,2020,5,6,28.33,6.48
11.75,76.25,2020,5,6,27.21,5.89
11.75,76.75,2020,5,6,27.85,5.89
11.75,77.25,2020,5,6,29.91,6.13
12.25,74.25,2020,5,6,30.09,6.01
12.25,74.75,2020,5,6,29.9,6.01
12.25,75.25,2020,5,6,28.96,6.24
12.25,75.75,2020,5,6,27.63,6.24
12.25,76.25,2020,5,6,27.26,6.25
12.25,76.75,2020,5,6,28.45,6.25
12.25,77.25,2020,5,6,29.57,6
12.75,74.25,2020,5,6,30.08,6.01
12.75,74.75,2020,5,6,29.8,6.01
12.75,75.25,2020,5,6,28.66,6.24
12.75,75.75,2020,5,6,27.24,6.24
12.75,76.25,2020,5,6,27.17,6.25
12.75,76.75,2020,5,6,28.5,6.25
12.75,77.25,2020,5,6,29.01,6
8.25,74.25,2020,5,7,29.9,4.59
8.25,74.75,2020,5,7,29.98,4.59
8.25,75.25,2020,5,7,30.1,3.53
8.25,75.75,2020,5,7,30.18,3.53
8.25,76.25,2020,5,7,30.19,5
8.25,76.75,2020,5,7,29.85,5
8.25,77.25,2020,5,7,29.5,4.86
8.75,74.25,2020,5,7,29.84,4.59
8.75,74.75,2020,5,7,29.93,4.59
8.75,75.25,2020,5,7,30.08,3.53
8.75,75.75,2020,5,7,30.21,3.53
8.75,76.25,2020,5,7,30.22,5
8.75,76.75,2020,5,7,29.36,5
8.75,77.25,2020,5,7,29.13,4.86
9.25,74.25,2020,5,7,29.77,5.96
9.25,74.75,2020,5,7,29.86,5.96
9.25,75.25,2020,5,7,30,6.35
9.25,75.75,2020,5,7,30.11,6.35
9.25,76.25,2020,5,7,30.13,6.58
9.25,76.75,2020,5,7,28.54,6.58
9.25,77.25,2020,5,7,28.69,6.15
9.75,74.25,2020,5,7,29.88,5.96
9.75,74.75,2020,5,7,29.9,5.96
9.75,75.25,2020,5,7,29.95,6.35
9.75,75.75,2020,5,7,29.93,6.35
9.75,76.25,2020,5,7,29.69,6.58
9.75,76.75,2020,5,7,27.41,6.58
9.75,77.25,2020,5,7,27.71,6.15
10.25,74.25,2020,5,7,30.07,6.54
10.25,74.75,2020,5,7,30.03,6.54
10.25,75.25,2020,5,7,29.98,6.47
10.25,75.75,2020,5,7,29.78,6.47
10.25,76.25,2020,5,7,29.18,6.11
10.25,76.75,2020,5,7,27.11,6.11
10.25,77.25,2020,5,7,28.06,6.17
10.75,74.25,2020,5,7,30.12,6.54
10.75,74.75,2020,5,7,30.13,6.54
10.75,75.25,2020,5,7,29.99,6.47
10.75,75.75,2020,5,7,29.51,6.47
10.75,76.25,2020,5,7,28.42,6.11
10.75,76.75,2020,5,7,27.53,6.11
10.75,77.25,2020,5,7,29.51,6.17
11.25,74.25,2020,5,7,29.98,5.97
11.25,74.75,2020,5,7,30.02,5.97
11.25,75.25,2020,5,7,29.66,6.11
11.25,75.75,2020,5,7,28.7,6.11
11.25,76.25,2020,5,7,27.1,5.62
11.25,76.75,2020,5,7,27.29,5.62
11.25,77.25,2020,5,7,29.97,5.93
11.75,74.25,2020,5,7,29.87,5.97
11.75,74.75,2020,5,7,29.78,5.97
11.75,75.25,2020,5,7,28.97,6.11
11.75,75.75,2020,5,7,27.58,6.11
11.75,76.25,2020,5,7,26.48,5.62
11.75,76.75,2020,5,7,27.33,5.62
11.75,77.25,2020,5,7,29.61,5.93
12.25,74.25,2020,5,7,29.92,5.65
12.25,74.75,2020,5,7,29.61,5.65
12.25,75.25,2020,5,7,28.35,5.33
12.25,75.75,2020,5,7,26.74,5.33
12.25,76.25,2020,5,7,26.54,5.83
12.25,76.75,2020,5,7,27.82,5.83
12.25,77.25,2020,5,7,29.37,5.72
12.75,74.25,2020,5,7,30.01,5.65
12.75,74.75,2020,5,7,29.58,5.65
12.75,75.25,2020,5,7,28.11,5.33
12.75,75.75,2020,5,7,26.36,5.33
12.75,76.25,2020,5,7,26.31,5.83
12.75,76.75,2020,5,7,27.52,5.83
12.75,77.25,2020,5,7,28.61,5.72
8.25,74.25,2020,5,8,29.5,4.88
8.25,74.75,2020,5,8,29.51,4.88
8.25,75.25,2020,5,8,29.5,5.04
8.25,75.75,2020,5,8,29.45,5.04
8.25,76.25,2020,5,8,29.39,5.37
8.25,76.75,2020,5,8,28.9,5.37
8.25,77.25,2020,5,8,28.5,4.64
8.75,74.25,2020,5,8,29.49,4.88
8.75,74.75,2020,5,8,29.58,4.88
8.75,75.25,2020,5,8,29.64,5.04
8.75,75.75,2020,5,8,29.6,5.04
8.75,76.25,2020,5,8,29.45,5.37
8.75,76.75,2020,5,8,28.21,5.37
8.75,77.25,2020,5,8,27.77,4.64
9.25,74.25,2020,5,8,29.44,3.39
9.25,74.75,2020,5,8,29.49,3.39
9.25,75.25,2020,5,8,29.56,4.83
9.25,75.75,2020,5,8,29.57,4.83
9.25,76.25,2020,5,8,29.4,5.44
9.25,76.75,2020,5,8,27.52,5.44
9.25,77.25,2020,5,8,27.47,5.78
9.75,74.25,2020,5,8,29.45,3.39
9.75,74.75,2020,5,8,29.46,3.39
9.75,75.25,2020,5,8,29.49,4.83
9.75,75.75,2020,5,8,29.4,4.83
9.75,76.25,2020,5,8,28.9,5.44
9.75,76.75,2020,5,8,26.58,5.44
9.75,77.25,2020,5,8,26.69,5.78
10.25,74.25,2020,5,8,29.42,3.64
10.25,74.75,2020,5,8,29.47,3.64
10.25,75.25,2020,5,8,29.49,4.57
10.25,75.75,2020,5,8,29.25,4.57
10.25,76.25,2020,5,8,28.34,5.23
10.25,76.75,2020,5,8,26.33,5.23
10.25,77.25,2020,5,8,27.03,5.65
10.75,74.25,2020,5,8,29.26,3.64
10.75,74.75,2020,5,8,29.34,3.64
10.75,75.25,2020,5,8,29.3,4.57
10.75,75.75,2020,5,8,28.86,4.57
10.75,76.25,2020,5,8,27.59,5.23
10.75,76.75,2020,5,8,26.73,5.23
10.75,77.25,2020,5,8,28.57,5.65
11.25,74.25,2020,5,8,29.05,3.86
11.25,74.75,2020,5,8,29.05,3.86
11.25,75.25,2020,5,8,28.76,4.8
11.25,75.75,2020,5,8,27.94,4.8
11.25,76.25,2020,5,8,26.43,5.25
11.25,76.75,2020,5,8,26.57,5.25
11.25,77.25,2020,5,8,29.32,5.4
11.75,74.25,2020,5,8,29.01,3.86
11.75,74.75,2020,5,8,28.79,3.86
11.75,75.25,2020,5,8,28.04,4.8
11.75,75.75,2020,5,8,26.87,4.8
11.75,76.25,2020,5,8,25.94,5.25
11.75,76.75,2020,5,8,26.82,5.25
11.75,77.25,2020,5,8,29.26,5.4
12.25,74.25,2020,5,8,29.32,4.14
12.25,74.75,2020,5,8,28.8,4.14
12.25,75.25,2020,5,8,27.55,4.71
12.25,75.75,2020,5,8,26.16,4.71
12.25,76.25,2020,5,8,26.11,5.7
12.25,76.75,2020,5,8,27.68,5.7
12.25,77.25,2020,5,8,29.33,5.99
12.75,74.25,2020,5,8,29.74,4.14
12.75,74.75,2020,5,8,29.05,4.14
12.75,75.25,2020,5,8,27.53,4.71
12.75,75.75,2020,5,8,26,4.71
12.75,76.25,2020,5,8,26.24,5.7
12.75,76.75,2020,5,8,27.78,5.7
12.75,77.25,2020,5,8,28.78,5.99
8.25,74.25,2020,5,9,29.5,5.88
8.25,74.75,2020,5,9,29.35,5.88
8.25,75.25,2020,5,9,29.2,5.67
8.25,75.75,2020,5,9,29.09,5.67
8.25,76.25,2020,5,9,29.05,5.77
8.25,76.75,2020,5,9,28.69,5.77
8.25,77.25,2020,5,9,28.43,5.36
8.75,74.25,2020,5,9,29.64,5.88
8.75,74.75,2020,5,9,29.55,5.88
8.75,75.25,2020,5,9,29.47,5.67
8.75,75.75,2020,5,9,29.39,5.67
8.75,76.25,2020,5,9,29.33,5.77
8.75,76.75,2020,5,9,28.25,5.77
8.75,77.25,2020,5,9,27.84,5.36
9.25,74.25,2020,5,9,30,6.61
9.25,74.75,2020,5,9,29.94,6.61
9.25,75.25,2020,5,9,29.87,6.53
9.25,75.75,2020,5,9,29.77,6.53
9.25,76.25,2020,5,9,29.62,5.76
9.25,76.75,2020,5,9,27.91,5.76
9.25,77.25,2020,5,9,27.74,5.92
9.75,74.25,2020,5,9,30.21,6.61
9.75,74.75,2020,5,9,30.19,6.61
9.75,75.25,2020,5,9,30.16,6.53
9.75,75.75,2020,5,9,30.04,6.53
9.75,76.25,2020,5,9,29.65,5.76
9.75,76.75,2020,5,9,27.58,5.76
9.75,77.25,2020,5,9,27.43,5.92
10.25,74.25,2020,5,9,30.25,6.59
10.25,74.75,2020,5,9,30.27,6.59
10.25,75.25,2020,5,9,30.3,6.47
10.25,75.75,2020,5,9,30.24,6.47
10.25,76.25,2020,5,9,29.87,6.19
10.25,76.75,2020,5,9,28.2,6.19
10.25,77.25,2020,5,9,28.46,6.51
10.75,74.25,2020,5,9,30.21,6.59
10.75,74.75,2020,5,9,30.24,6.59
10.75,75.25,2020,5,9,30.3,6.47
10.75,75.75,2020,5,9,30.24,6.47
10.75,76.25,2020,5,9,29.78,6.19
10.75,76.75,2020,5,9,29.26,6.19
10.75,77.25,2020,5,9,30.56,6.51
11.25,74.25,2020,5,9,30.12,6.38
11.25,74.75,2020,5,9,30.15,6.38
11.25,75.25,2020,5,9,30.12,6.58
11.25,75.75,2020,5,9,29.8,6.58
11.25,76.25,2020,5,9,28.87,6.57
11.25,76.75,2020,5,9,29.11,6.57
11.25,77.25,2020,5,9,31.36,6.97
11.75,74.25,2020,5,9,30.07,6.38
11.75,74.75,2020,5,9,30.02,6.38
11.75,75.25,2020,5,9,29.68,6.58
11.75,75.75,2020,5,9,29.05,6.58
11.75,76.25,2020,5,9,28.47,6.57
11.75,76.75,2020,5,9,29.18,6.57
11.75,77.25,2020,5,9,31.06,6.97
12.25,74.25,2020,5,9,30.13,6.84
12.25,74.75,2020,5,9,29.92,6.84
12.25,75.25,2020,5,9,29.11,6.56
12.25,75.75,2020,5,9,28.14,6.56
12.25,76.25,2020,5,9,28.29,7.14
12.25,76.75,2020,5,9,29.78,7.14
12.25,77.25,2020,5,9,30.87,7.21
12.75,74.25,2020,5,9,30.27,6.84
12.75,74.75,2020,5,9,29.93,6.84
12.75,75.25,2020,5,9,28.73,6.56
12.75,75.75,2020,5,9,27.34,6.56
12.75,76.25,2020,5,9,27.48,7.14
12.75,76.75,2020,5,9,29.32,7.14
12.75,77.25,2020,5,9,30.1,7.21
8.25,74.25,2020,5,10,29.87,4.31
8.25,74.75,2020,5,10,29.79,4.31
8.25,75.25,2020,5,10,29.71,4.55
8.25,75.75,2020,5,10,29.61,4.55
8.25,76.25,2020,5,10,29.5,5.34
8.25,76.75,2020,5,10,29.19,5.34
8.25,77.25,2020,5,10,29.06,5.13
8.75,74.25,2020,5,10,30.11,4.31
8.75,74.75,2020,5,10,30.05,4.31
8.75,75.25,2020,5,10,29.96,4.55
8.75,75.75,2020,5,10,29.82,4.55
8.75,76.25,2020,5,10,29.6,5.34
8.75,76.75,2020,5,10,28.63,5.34
8.75,77.25,2020,5,10,28.54,5.13
9.25,74.25,2020,5,10,30.25,5.69
9.25,74.75,2020,5,10,30.21,5.69
9.25,75.25,2020,5,10,30.15,5.92
9.25,75.75,2020,5,10,30.01,5.92
9.25,76.25,2020,5,10,29.73,5.84
9.25,76.75,2020,5,10,28.12,5.84
9.25,77.25,2020,5,10,28.24,5.84
9.75,74.25,2020,5,10,30.25,5.69
9.75,74.75,2020,5,10,30.24,5.69
9.75,75.25,2020,5,10,30.24,5.92
9.75,75.75,2020,5,10,30.12,5.92
9.75,76.25,2020,5,10,29.64,5.84
9.75,76.75,2020,5,10,27.48,5.84
9.75,77.25,2020,5,10,27.63,5.84
10.25,74.25,2020,5,10,30.21,5.42
10.25,74.75,2020,5,10,30.21,5.42
10.25,75.25,2020,5,10,30.25,6.46
10.25,75.75,2020,5,10,30.16,6.46
10.25,76.25,2020,5,10,29.59,5.9
10.25,76.75,2020,5,10,27.64,5.9
10.25,77.25,2020,5,10,28.28,6.03
10.75,74.25,2020,5,10,30.23,5.42
10.75,74.75,2020,5,10,30.22,5.42
10.75,75.25,2020,5,10,30.22,6.46
10.75,75.75,2020,5,10,29.99,6.46
10.75,76.25,2020,5,10,29.17,5.9
10.75,76.75,2020,5,10,28.4,5.9
10.75,77.25,2020,5,10,30.11,6.03
11.25,74.25,2020,5,10,30.27,5.4
11.25,74.75,2020,5,10,30.27,5.4
11.25,75.25,2020,5,10,30.05,5.75
11.25,75.75,2020,5,10,29.41,5.75
11.25,76.25,2020,5,10,28.12,6.13
11.25,76.75,2020,5,10,28.23,6.13
11.25,77.25,2020,5,10,30.59,6.77
11.75,74.25,2020,5,10,30.31,5.4
11.75,74.75,2020,5,10,30.21,5.4
11.75,75.25,2020,5,10,29.59,5.75
11.75,75.75,2020,5,10,28.54,5.75
11.75,76.25,2020,5,10,27.68,6.13
11.75,76.75,2020,5,10,28.39,6.13
11.75,77.25,2020,5,10,30.18,6.77
12.25,74.25,2020,5,10,30.36,5.93
12.25,74.75,2020,5,10,30.11,5.93
12.25,75.25,2020,5,10,29.07,5.12
12.25,75.75,2020,5,10,27.76,5.12
12.25,76.25,2020,5,10,27.75,5.95
12.25,76.75,2020,5,10,29.21,5.95
12.25,77.25,2020,5,10,30.16,6.81
12.75,74.25,2020,5,10,30.44,5.93
12.75,74.75,2020,5,10,30.16,5.93
12.75,75.25,2020,5,10,28.91,5.12
12.75,75.75,2020,5,10,27.39,5.12
12.75,76.25,2020,5,10,27.49,5.95
12.75,76.75,2020,5,10,28.88,5.95
12.75,77.25,2020,5,10,29.44,6.81
8.25,74.25,2020,5,11,29.78,3.05
8.25,74.75,2020,5,11,29.71,3.05
8.25,75.25,2020,5,11,29.7,2.65
8.25,75.75,2020,5,11,29.72,2.65
8.25,76.25,2020,5,11,29.71,2.66
8.25,76.75,2020,5,11,28.85,2.66
8.25,77.25,2020,5,11,28.32,3.85
8.75,74.25,2020,5,11,30.01,3.05
8.75,74.75,2020,5,11,29.93,3.05
8.75,75.25,2020,5,11,29.9,2.65
8.75,75.75,2020,5,11,29.86,2.65
8.75,76.25,2020,5,11,29.71,2.66
8.75,76.75,2020,5,11,28.03,2.66
8.75,77.25,2020,5,11,27.62,3.85
9.25,74.25,2020,5,11,30.13,4.12
9.25,74.75,2020,5,11,30.06,4.12
9.25,75.25,2020,5,11,30.03,4.84
9.25,75.75,2020,5,11,29.95,4.84
9.25,76.25,2020,5,11,29.67,4.35
9.25,76.75,2020,5,11,27.41,4.35
9.25,77.25,2020,5,11,27.29,4.76
9.75,74.25,2020,5,11,30.18,4.12
9.75,74.75,2020,5,11,30.11,4.12
9.75,75.25,2020,5,11,30.08,4.84
9.75,75.75,2020,5,11,29.97,4.84
9.75,76.25,2020,5,11,29.56,4.35
9.75,76.75,2020,5,11,26.8,4.35
9.75,77.25,2020,5,11,26.54,4.76
10.25,74.25,2020,5,11,30.22,3.98
10.25,74.75,2020,5,11,30.17,3.98
10.25,75.25,2020,5,11,30.15,4.8
10.25,75.75,2020,5,11,30.02,4.8
10.25,76.25,2020,5,11,29.49,5.23
10.25,76.75,2020,5,11,27.28,5.23
10.25,77.25,2020,5,11,27.46,5.67
10.75,74.25,2020,5,11,30.25,3.98
10.75,74.75,2020,5,11,30.24,3.98
10.75,75.25,2020,5,11,30.18,4.8
10.75,75.75,2020,5,11,29.86,4.8
10.75,76.25,2020,5,11,28.89,5.23
10.75,76.75,2020,5,11,28.18,5.23
10.75,77.25,2020,5,11,29.61,5.67
11.25,74.25,2020,5,11,30.27,4.67
11.25,74.75,2020,5,11,30.26,4.67
11.25,75.25,2020,5,11,30,4.91
11.25,75.75,2020,5,11,29.24,4.91
11.25,76.25,2020,5,11,27.68,4.86
11.25,76.75,2020,5,11,27.89,4.86
11.25,77.25,2020,5,11,30.17,5.7
11.75,74.25,2020,5,11,30.24,4.67
11.75,74.75,2020,5,11,30.15,4.67
11.75,75.25,2020,5,11,29.5,4.91
11.75,75.75,2020,5,11,28.37,4.91
11.75,76.25,2020,5,11,27.33,4.86
11.75,76.75,2020,5,11,28.07,4.86
11.75,77.25,2020,5,11,29.76,5.7
12.25,74.25,2020,5,11,30.19,5.98
12.25,74.75,2020,5,11,29.96,5.98
12.25,75.25,2020,5,11,28.93,5.81
12.25,75.75,2020,5,11,27.64,5.81
12.25,76.25,2020,5,11,27.62,5.81
12.25,76.75,2020,5,11,29.05,5.81
12.25,77.25,2020,5,11,29.77,5.91
12.75,74.25,2020,5,11,30.16,5.98
12.75,74.75,2020,5,11,29.87,5.98
12.75,75.25,2020,5,11,28.72,5.81
12.75,75.75,2020,5,11,27.33,5.81
12.75,76.25,2020,5,11,27.41,5.81
12.75,76.75,2020,5,11,28.81,5.81
12.75,77.25,2020,5,11,29.19,5.91
8.25,74.25,2020,5,12,29.98,6.57
8.25,74.75,2020,5,12,29.85,6.57
8.25,75.25,2020,5,12,29.79,6.05
8.25,75.75,2020,5,12,29.86,6.05
8.25,76.25,2020,5,12,30.13,4.28
8.25,76.75,2020,5,12,30.02,4.28
8.25,77.25,2020,5,12,29.88,4.45
8.75,74.25,2020,5,12,30.11,6.57
8.75,74.75,2020,5,12,29.98,6.57
8.75,75.25,2020,5,12,29.93,6.05
8.75,75.75,2020,5,12,29.98,6.05
8.75,76.25,2020,5,12,30.07,4.28
8.75,76.75,2020,5,12,29.1,4.28
8.75,77.25,2020,5,12,29.14,4.45
9.25,74.25,2020,5,12,30.14,6.19
9.25,74.75,2020,5,12,30.01,6.19
9.25,75.25,2020,5,12,29.95,5.5
9.25,75.75,2020,5,12,29.96,5.5
9.25,76.25,2020,5,12,29.9,5.09
9.25,76.75,2020,5,12,28.02,5.09
9.25,77.25,2020,5,12,28.36,5.05
9.75,74.25,2020,5,12,30.16,6.19
9.75,74.75,2020,5,12,30.05,6.19
9.75,75.25,2020,5,12,29.97,5.5
9.75,75.75,2020,5,12,29.86,5.5
9.75,76.25,2020,5,12,29.52,5.09
9.75,76.75,2020,5,12,26.91,5.09
9.75,77.25,2020,5,12,27.08,5.05
10.25,74.25,2020,5,12,30.17,5.44
10.25,74.75,2020,5,12,30.11,5.44
10.25,75.25,2020,5,12,30.04,5.97
10.25,75.75,2020,5,12,29.84,5.97
10.25,76.25,2020,5,12,29.25,5.68
10.25,76.75,2020,5,12,26.92,5.68
10.25,77.25,2020,5,12,27.38,6.01
10.75,74.25,2020,5,12,30.18,5.44
10.75,74.75,2020,5,12,30.15,5.44
10.75,75.25,2020,5,12,30.07,5.97
10.75,75.75,2020,5,12,29.69,5.97
10.75,76.25,2020,5,12,28.62,5.68
10.75,76.75,2020,5,12,27.71,5.68
10.75,77.25,2020,5,12,29,6.01
11.25,74.25,2020,5,12,30.18,5.27
11.25,74.75,2020,5,12,30.16,5.27
11.25,75.25,2020,5,12,29.88,5.29
11.25,75.75,2020,5,12,29.03,5.29
11.25,76.25,2020,5,12,27.27,5.78
11.25,76.75,2020,5,12,27.29,5.78
11.25,77.25,2020,5,12,29.12,6.16
11.75,74.25,2020,5,12,30.17,5.27
11.75,74.75,2020,5,12,30.07,5.27
11.75,75.25,2020,5,12,29.38,5.29
11.75,75.75,2020,5,12,28.07,5.29
11.75,76.25,2020,5,12,26.59,5.78
11.75,76.75,2020,5,12,27.03,5.78
11.75,77.25,2020,5,12,28.28,6.16
12.25,74.25,2020,5,12,30.19,6.33
12.25,74.75,2020,5,12,29.95,6.33
12.25,75.25,2020,5,12,28.84,5.95
12.25,75.75,2020,5,12,27.27,5.95
12.25,76.25,2020,5,12,26.7,6.06
12.25,76.75,2020,5,12,27.83,6.06
12.25,77.25,2020,5,12,28.24,6.26
12.75,74.25,2020,5,12,30.29,6.33
12.75,74.75,2020,5,12,30,6.33
12.75,75.25,2020,5,12,28.72,5.95
12.75,75.75,2020,5,12,27,5.95
12.75,76.25,2020,5,12,26.62,6.06
12.75,76.75,2020,5,12,28.03,6.06
12.75,77.25,2020,5,12,28.19,6.26
8.25,74.25,2020,5,13,29.31,5.25
8.25,74.75,2020,5,13,29.15,5.25
8.25,75.25,2020,5,13,29.06,4.99
8.25,75.75,2020,5,13,29.07,4.99
8.25,76.25,2020,5,13,29.19,5.8
8.25,76.75,2020,5,13,29.4,5.8
8.25,77.25,2020,5,13,29.54,3.85
8.75,74.25,2020,5,13,29.42,5.25
8.75,74.75,2020,5,13,29.2,5.25
8.75,75.25,2020,5,13,29.07,4.99
8.75,75.75,2020,5,13,29.07,4.99
8.75,76.25,2020,5,13,29.13,5.8
8.75,76.75,2020,5,13,28.42,5.8
8.75,77.25,2020,5,13,28.74,3.85
9.25,74.25,2020,5,13,29.7,3.81
9.25,74.75,2020,5,13,29.52,3.81
9.25,75.25,2020,5,13,29.37,4.64
9.25,75.75,2020,5,13,29.3,4.64
9.25,76.25,2020,5,13,29.28,5.29
9.25,76.75,2020,5,13,27.23,5.29
9.25,77.25,2020,5,13,27.57,5.19
9.75,74.25,2020,5,13,29.91,3.81
9.75,74.75,2020,5,13,29.85,3.81
9.75,75.25,2020,5,13,29.71,4.64
9.75,75.75,2020,5,13,29.51,4.64
9.75,76.25,2020,5,13,29.23,5.29
9.75,76.75,2020,5,13,26.24,5.29
9.75,77.25,2020,5,13,26.3,5.19
10.25,74.25,2020,5,13,29.99,3.58
10.25,74.75,2020,5,13,30,3.58
10.25,75.25,2020,5,13,29.94,4.72
10.25,75.75,2020,5,13,29.72,4.72
10.25,76.25,2020,5,13,29.19,5.83
10.25,76.75,2020,5,13,27,5.83
10.25,77.25,2020,5,13,27.42,5.9
10.75,74.25,2020,5,13,30.03,3.58
10.75,74.75,2020,5,13,30.05,3.58
10.75,75.25,2020,5,13,30.06,4.72
10.75,75.75,2020,5,13,29.82,4.72
10.75,76.25,2020,5,13,28.91,5.83
10.75,76.75,2020,5,13,28.59,5.83
10.75,77.25,2020,5,13,30.02,5.9
11.25,74.25,2020,5,13,30.07,4.06
11.25,74.75,2020,5,13,30.06,4.06
11.25,75.25,2020,5,13,29.94,4.7
11.25,75.75,2020,5,13,29.37,4.7
11.25,76.25,2020,5,13,27.96,5.34
11.25,76.75,2020,5,13,28.65,5.34
11.25,77.25,2020,5,13,30.83,6.32
11.75,74.25,2020,5,13,30.15,4.06
11.75,74.75,2020,5,13,30.03,4.06
11.75,75.25,2020,5,13,29.47,4.7
11.75,75.75,2020,5,13,28.51,4.7
11.75,76.25,2020,5,13,27.67,5.34
11.75,76.75,2020,5,13,28.71,5.34
11.75,77.25,2020,5,13,30.33,6.32
12.25,74.25,2020,5,13,30.28,5.74
12.25,74.75,2020,5,13,29.95,5.74
12.25,75.25,2020,5,13,28.88,5.14
12.25,75.75,2020,5,13,27.66,5.14
12.25,76.25,2020,5,13,27.9,5.77
12.25,76.75,2020,5,13,29.48,5.77
12.25,77.25,2020,5,13,30.18,6.16
12.75,74.25,2020,5,13,30.45,5.74
12.75,74.75,2020,5,13,29.94,5.74
12.75,75.25,2020,5,13,28.56,5.14
12.75,75.75,2020,5,13,27.11,5.14
12.75,76.25,2020,5,13,27.52,5.77
12.75,76.75,2020,5,13,29.24,5.77
12.75,77.25,2020,5,13,29.65,6.16
8.25,74.25,2020,5,14,29.55,6.24
8.25,74.75,2020,5,14,29.61,6.24
8.25,75.25,2020,5,14,29.65,6.05
8.25,75.75,2020,5,14,29.68,6.05
8.25,76.25,2020,5,14,29.71,6.39
8.25,76.75,2020,5,14,29.38,6.39
8.25,77.25,2020,5,14,29.44,5.83
8.75,74.25,2020,5,14,29.73,6.24
8.75,74.75,2020,5,14,29.77,6.24
8.75,75.25,2020,5,14,29.77,6.05
8.75,75.75,2020,5,14,29.72,6.05
8.75,76.25,2020,5,14,29.6,6.39
8.75,76.75,2020,5,14,28.39,6.39
8.75,77.25,2020,5,14,28.55,5.83
9.25,74.25,2020,5,14,29.81,6.16
9.25,74.75,2020,5,14,29.89,6.16
9.25,75.25,2020,5,14,29.93,6.3
9.25,75.75,2020,5,14,29.86,6.3
9.25,76.25,2020,5,14,29.63,6.24
9.25,76.75,2020,5,14,27.48,6.24
9.25,77.25,2020,5,14,27.79,5.66
9.75,74.25,2020,5,14,29.87,6.16
9.75,74.75,2020,5,14,30,6.16
9.75,75.25,2020,5,14,30.08,6.3
9.75,75.75,2020,5,14,29.97,6.3
9.75,76.25,2020,5,14,29.42,6.24
9.75,76.75,2020,5,14,26.58,6.24
9.75,77.25,2020,5,14,26.91,5.66
10.25,74.25,2020,5,14,30.11,6.45
10.25,74.75,2020,5,14,30.2,6.45
10.25,75.25,2020,5,14,30.25,6.33
10.25,75.75,2020,5,14,30.05,6.33
10.25,76.25,2020,5,14,29.19,5.78
10.25,76.75,2020,5,14,26.79,5.78
10.25,77.25,2020,5,14,27.58,5.93
10.75,74.25,2020,5,14,30.43,6.45
10.75,74.75,2020,5,14,30.45,6.45
10.75,75.25,2020,5,14,30.34,6.33
10.75,75.75,2020,5,14,29.86,6.33
10.75,76.25,2020,5,14,28.55,5.78
10.75,76.75,2020,5,14,27.7,5.78
10.75,77.25,2020,5,14,29.45,5.93
11.25,74.25,2020,5,14,30.64,6.46
11.25,74.75,2020,5,14,30.59,6.46
11.25,75.25,2020,5,14,30.18,6.35
11.25,75.75,2020,5,14,29.13,6.35
11.25,76.25,2020,5,14,27.21,5.74
11.25,76.75,2020,5,14,27.56,5.74
11.25,77.25,2020,5,14,30.08,6.42
11.75,74.25,2020,5,14,30.7,6.46
11.75,74.75,2020,5,14,30.54,6.46
11.75,75.25,2020,5,14,29.69,6.35
11.75,75.75,2020,5,14,28.17,6.35
11.75,76.25,2020,5,14,26.56,5.74
11.75,76.75,2020,5,14,27.55,5.74
11.75,77.25,2020,5,14,29.71,6.42
12.25,74.25,2020,5,14,30.66,6.83
12.25,74.75,2020,5,14,30.35,6.83
12.25,75.25,2020,5,14,29.14,6.48
12.25,75.75,2020,5,14,27.51,6.48
12.25,76.25,2020,5,14,26.9,6.24
12.25,76.75,2020,5,14,28.45,6.24
12.25,77.25,2020,5,14,29.82,6.54
12.75,74.25,2020,5,14,30.61,6.83
12.75,74.75,2020,5,14,30.22,6.83
12.75,75.25,2020,5,14,28.91,6.48
12.75,75.75,2020,5,14,27.32,6.48
12.75,76.25,2020,5,14,27.2,6.24
12.75,76.75,2020,5,14,28.83,6.24
12.75,77.25,2020,5,14,29.67,6.54
8.25,74.25,2020,5,15,29.1,2.78
8.25,74.75,2020,5,15,28.99,2.78
8.25,75.25,2020,5,15,28.92,5.34
8.25,75.75,2020,5,15,28.95,5.34
8.25,76.25,2020,5,15,29.03,5.41
8.25,76.75,2020,5,15,28.54,5.41
8.25,77.25,2020,5,15,28.35,5.11
8.75,74.25,2020,5,15,29.31,2.78
8.75,74.75,2020,5,15,29.23,2.78
8.75,75.25,2020,5,15,29.12,5.34
8.75,75.75,2020,5,15,29.01,5.34
8.75,76.25,2020,5,15,28.83,5.41
8.75,76.75,2020,5,15,27.46,5.41
8.75,77.25,2020,5,15,27.21,5.11
9.25,74.25,2020,5,15,29.55,3.88
9.25,74.75,2020,5,15,29.59,3.88
9.25,75.25,2020,5,15,29.56,5.51
9.25,75.75,2020,5,15,29.39,5.51
9.25,76.25,2020,5,15,28.9,5.63
9.25,76.75,2020,5,15,26.74,5.63
9.25,77.25,2020,5,15,26.79,5.47
9.75,74.25,2020,5,15,29.86,3.88
9.75,74.75,2020,5,15,29.96,3.88
9.75,75.25,2020,5,15,30.01,5.51
9.75,75.75,2020,5,15,29.8,5.51
9.75,76.25,2020,5,15,28.9,5.63
9.75,76.75,2020,5,15,26.04,5.63
9.75,77.25,2020,5,15,26.17,5.47
10.25,74.25,2020,5,15,30.14,4.17
10.25,74.75,2020,5,15,30.21,4.17
10.25,75.25,2020,5,15,30.23,5.23
10.25,75.75,2020,5,15,29.94,5.23
10.25,76.25,2020,5,15,28.81,5.43
10.25,76.75,2020,5,15,26.33,5.43
10.25,77.25,2020,5,15,26.85,5.55
10.75,74.25,2020,5,15,30.43,4.17
10.75,74.75,2020,5,15,30.42,4.17
10.75,75.25,2020,5,15,30.28,5.23
10.75,75.75,2020,5,15,29.73,5.23
10.75,76.25,2020,5,15,28.33,5.43
10.75,76.75,2020,5,15,27.44,5.43
10.75,77.25,2020,5,15,28.99,5.55
11.25,74.25,2020,5,15,30.59,4.93
11.25,74.75,2020,5,15,30.52,4.93
11.25,75.25,2020,5,15,30.08,5.08
11.25,75.75,2020,5,15,29.08,5.08
11.25,76.25,2020,5,15,27.41,5.12
11.25,76.75,2020,5,15,27.8,5.12
11.25,77.25,2020,5,15,30.13,5.72
11.75,74.25,2020,5,15,30.58,4.93
11.75,74.75,2020,5,15,30.35,4.93
11.75,75.25,2020,5,15,29.5,5.08
11.75,75.75,2020,5,15,28.21,5.08
11.75,76.25,2020,5,15,27.32,5.12
11.75,76.75,2020,5,15,28.37,5.12
11.75,77.25,2020,5,15,30.19,5.72
12.25,74.25,2020,5,15,30.42,4.9
12.25,74.75,2020,5,15,29.96,4.9
12.25,75.25,2020,5,15,28.73,4.85
12.25,75.75,2020,5,15,27.43,4.85
12.25,76.25,2020,5,15,27.8,5.8
12.25,76.75,2020,5,15,29.61,5.8
12.25,77.25,2020,5,15,30.52,6.3
12.75,74.25,2020,5,15,30.22,4.9
12.75,74.75,2020,5,15,29.59,4.9
12.75,75.25,2020,5,15,28.25,4.85
12.75,75.75,2020,5,15,27.05,4.85
12.75,76.25,2020,5,15,27.83,5.8
12.75,76.75,2020,5,15,29.86,5.8
12.75,77.25,2020,5,15,30.41,6.3
8.25,74.25,2020,5,16,29.93,4.19
8.25,74.75,2020,5,16,30.01,4.19
8.25,75.25,2020,5,16,30.07,3.96
8.25,75.75,2020,5,16,30.1,3.96
8.25,76.25,2020,5,16,30.05,4.06
8.25,76.75,2020,5,16,29.23,4.06
8.25,77.25,2020,5,16,28.88,3.65
8.75,74.25,2020,5,16,30.04,4.19
8.75,74.75,2020,5,16,30.08,4.19
8.75,75.25,2020,5,16,30.12,3.96
8.75,75.75,2020,5,16,30.08,3.96
8.75,76.25,2020,5,16,29.88,4.06
8.75,76.75,2020,5,16,28.03,4.06
8.75,77.25,2020,5,16,27.72,3.65
9.25,74.25,2020,5,16,30.16,3.53
9.25,74.75,2020,5,16,30.17,3.53
9.25,75.25,2020,5,16,30.16,2.91
9.25,75.75,2020,5,16,30.03,2.91
9.25,76.25,2020,5,16,29.63,3.71
9.25,76.75,2020,5,16,27.16,3.71
9.25,77.25,2020,5,16,27.3,4.05
9.75,74.25,2020,5,16,30.23,3.53
9.75,74.75,2020,5,16,30.22,3.53
9.75,75.25,2020,5,16,30.2,2.91
9.75,75.75,2020,5,16,29.99,2.91
9.75,76.25,2020,5,16,29.29,3.71
9.75,76.75,2020,5,16,26.29,3.71
9.75,77.25,2020,5,16,26.48,4.05
10.25,74.25,2020,5,16,30.24,4.18
10.25,74.75,2020,5,16,30.23,4.18
10.25,75.25,2020,5,16,30.18,3.59
10.25,75.75,2020,5,16,29.9,3.59
10.25,76.25,2020,5,16,29.04,4.11
10.25,76.75,2020,5,16,26.45,4.11
10.25,77.25,2020,5,16,26.93,4.91
10.75,74.25,2020,5,16,30.22,4.18
10.75,74.75,2020,5,16,30.19,4.18
10.75,75.25,2020,5,16,30.01,3.59
10.75,75.75,2020,5,16,29.46,3.59
10.75,76.25,2020,5,16,28.28,4.11
10.75,76.75,2020,5,16,27.51,4.11
10.75,77.25,2020,5,16,29.12,4.91
11.25,74.25,2020,5,16,30.18,4.78
11.25,74.75,2020,5,16,30.1,4.78
11.25,75.25,2020,5,16,29.62,3.96
11.25,75.75,2020,5,16,28.55,3.96
11.25,76.25,2020,5,16,26.84,4.68
11.25,76.75,2020,5,16,27.62,4.68
11.25,77.25,2020,5,16,30.35,5.01
11.75,74.25,2020,5,16,30.13,4.78
11.75,74.75,2020,5,16,29.92,4.78
11.75,75.25,2020,5,16,29,3.96
11.75,75.75,2020,5,16,27.56,3.96
11.75,76.25,2020,5,16,26.45,4.68
11.75,76.75,2020,5,16,27.92,4.68
11.75,77.25,2020,5,16,30.38,5.01
12.25,74.25,2020,5,16,30.01,5.39
12.25,74.75,2020,5,16,29.59,5.39
12.25,75.25,2020,5,16,28.32,4.57
12.25,75.75,2020,5,16,26.87,4.57
12.25,76.25,2020,5,16,26.98,5.1
12.25,76.75,2020,5,16,29,5.1
12.25,77.25,2020,5,16,30.66,5.17
12.75,74.25,2020,5,16,29.88,5.39
12.75,74.75,2020,5,16,29.3,5.39
12.75,75.25,2020,5,16,27.98,4.57
12.75,75.75,2020,5,16,26.67,4.57
12.75,76.25,2020,5,16,27.13,5.1
12.75,76.75,2020,5,16,29.33,5.1
12.75,77.25,2020,5,16,30.49,5.17
8.25,74.25,2020,5,17,30.24,4.69
8.25,74.75,2020,5,17,30.28,4.69
8.25,75.25,2020,5,17,30.29,4.58
8.25,75.75,2020,5,17,30.28,4.58
8.25,76.25,2020,5,17,30.19,4.05
8.25,76.75,2020,5,17,29.55,4.05
8.25,77.25,2020,5,17,29.1,4.49
8.75,74.25,2020,5,17,30.32,4.69
8.75,74.75,2020,5,17,30.35,4.69
8.75,75.25,2020,5,17,30.34,4.58
8.75,75.75,2020,5,17,30.27,4.58
8.75,76.25,2020,5,17,30.01,4.05
8.75,76.75,2020,5,17,28.38,4.05
8.75,77.25,2020,5,17,27.95,4.49
9.25,74.25,2020,5,17,30.38,4.41
9.25,74.75,2020,5,17,30.38,4.41
9.25,75.25,2020,5,17,30.35,3.69
9.25,75.75,2020,5,17,30.19,3.69
9.25,76.25,2020,5,17,29.71,3.08
9.25,76.75,2020,5,17,27.33,3.08
9.25,77.25,2020,5,17,27.4,4.78
9.75,74.25,2020,5,17,30.36,4.41
9.75,74.75,2020,5,17,30.34,4.41
9.75,75.25,2020,5,17,30.29,3.69
9.75,75.75,2020,5,17,30.05,3.69
9.75,76.25,2020,5,17,29.26,3.08
9.75,76.75,2020,5,17,26.23,3.08
9.75,77.25,2020,5,17,26.45,4.78
10.25,74.25,2020,5,17,30.33,5.08
10.25,74.75,2020,5,17,30.29,5.08
10.25,75.25,2020,5,17,30.21,5
10.25,75.75,2020,5,17,29.87,5
10.25,76.25,2020,5,17,28.91,5.04
10.25,76.75,2020,5,17,26.22,5.04
10.25,77.25,2020,5,17,26.71,5.44
10.75,74.25,2020,5,17,30.32,5.08
10.75,74.75,2020,5,17,30.26,5.08
10.75,75.25,2020,5,17,30.04,5
10.75,75.75,2020,5,17,29.44,5
10.75,76.25,2020,5,17,28.12,5.04
10.75,76.75,2020,5,17,27.05,5.04
10.75,77.25,2020,5,17,28.48,5.44
11.25,74.25,2020,5,17,30.32,5.61
11.25,74.75,2020,5,17,30.18,5.61
11.25,75.25,2020,5,17,29.67,5.35
11.25,75.75,2020,5,17,28.55,5.35
11.25,76.25,2020,5,17,26.59,5.09
11.25,76.75,2020,5,17,26.81,5.09
11.25,77.25,2020,5,17,29.32,5.75
11.75,74.25,2020,5,17,30.27,5.61
11.75,74.75,2020,5,17,29.93,5.61
11.75,75.25,2020,5,17,28.92,5.35
11.75,75.75,2020,5,17,27.38,5.35
11.75,76.25,2020,5,17,25.86,5.09
11.75,76.75,2020,5,17,26.68,5.09
11.75,77.25,2020,5,17,28.96,5.75
12.25,74.25,2020,5,17,30.14,5.83
12.25,74.75,2020,5,17,29.47,5.83
12.25,75.25,2020,5,17,27.94,5.44
12.25,75.75,2020,5,17,26.25,5.44
12.25,76.25,2020,5,17,26.04,5.55
12.25,76.75,2020,5,17,27.6,5.55
12.25,77.25,2020,5,17,28.97,5.37
12.75,74.25,2020,5,17,29.98,5.83
12.75,74.75,2020,5,17,29.06,5.83
12.75,75.25,2020,5,17,27.32,5.44
12.75,75.75,2020,5,17,25.7,5.44
12.75,76.25,2020,5,17,26.1,5.55
12.75,76.75,2020,5,17,28.08,5.55
12.75,77.25,2020,5,17,28.89,5.37
8.25,74.25,2020,5,18,29.84,1.61
8.25,74.75,2020,5,18,29.88,1.61
8.25,75.25,2020,5,18,29.86,1.94
8.25,75.75,2020,5,18,29.78,1.94
8.25,76.25,2020,5,18,29.6,2.59
8.25,76.75,2020,5,18,28.76,2.59
8.25,77.25,2020,5,18,28.12,3.06
8.75,74.25,2020,5,18,29.93,1.61
8.75,74.75,2020,5,18,29.93,1.61
8.75,75.25,2020,5,18,29.9,1.94
8.75,75.75,2020,5,18,29.78,1.94
8.75,76.25,2020,5,18,29.41,2.59
8.75,76.75,2020,5,18,27.52,2.59
8.75,77.25,2020,5,18,26.78,3.06
9.25,74.25,2020,5,18,30.02,1.34
9.25,74.75,2020,5,18,29.98,1.34
9.25,75.25,2020,5,18,29.92,1.14
9.25,75.75,2020,5,18,29.69,1.14
9.25,76.25,2020,5,18,29.03,1.57
9.25,76.75,2020,5,18,26.33,1.57
9.25,77.25,2020,5,18,26.15,3.49
9.75,74.25,2020,5,18,30.08,1.34
9.75,74.75,2020,5,18,29.98,1.34
9.75,75.25,2020,5,18,29.87,1.14
9.75,75.75,2020,5,18,29.53,1.14
9.75,76.25,2020,5,18,28.53,1.57
9.75,76.75,2020,5,18,25.04,1.57
9.75,77.25,2020,5,18,25.2,3.49
10.25,74.25,2020,5,18,30.11,1.54
10.25,74.75,2020,5,18,29.98,1.54
10.25,75.25,2020,5,18,29.81,1.64
10.25,75.75,2020,5,18,29.36,1.64
10.25,76.25,2020,5,18,28.12,2.82
10.25,76.75,2020,5,18,25,2.82
10.25,77.25,2020,5,18,25.48,3.89
10.75,74.25,2020,5,18,30.12,1.54
10.75,74.75,2020,5,18,29.98,1.54
10.75,75.25,2020,5,18,29.67,1.64
10.75,75.75,2020,5,18,28.89,1.64
10.75,76.25,2020,5,18,27.15,2.82
10.75,76.75,2020,5,18,25.89,2.82
10.75,77.25,2020,5,18,27.25,3.89
11.25,74.25,2020,5,18,30.13,1.78
11.25,74.75,2020,5,18,29.93,1.78
11.25,75.25,2020,5,18,29.25,2.27
11.25,75.75,2020,5,18,27.77,2.27
11.25,76.25,2020,5,18,25.33,3.2
11.25,76.75,2020,5,18,25.51,3.2
11.25,77.25,2020,5,18,27.98,3.86
11.75,74.25,2020,5,18,30.16,1.78
11.75,74.75,2020,5,18,29.67,1.78
11.75,75.25,2020,5,18,28.34,2.27
11.75,75.75,2020,5,18,26.28,2.27
11.75,76.25,2020,5,18,24.3,3.2
11.75,76.75,2020,5,18,24.98,3.2
11.75,77.25,2020,5,18,27.23,3.86
12.25,74.25,2020,5,18,30.17,1.81
12.25,74.75,2020,5,18,29.21,1.81
12.25,75.25,2020,5,18,27.19,2.26
12.25,75.75,2020,5,18,24.88,2.26
12.25,76.25,2020,5,18,24.14,3.92
12.25,76.75,2020,5,18,25.25,3.92
12.25,77.25,2020,5,18,26.62,5.05
12.75,74.25,2020,5,18,30.14,1.81
12.75,74.75,2020,5,18,28.76,1.81
12.75,75.25,2020,5,18,26.4,2.26
12.75,75.75,2020,5,18,24.1,2.26
12.75,76.25,2020,5,18,23.88,3.92
12.75,76.75,2020,5,18,25.11,3.92
12.75,77.25,2020,5,18,26,5.05
8.25,74.25,2020,5,19,30.39,5.72
8.25,74.75,2020,5,19,30.49,5.72
8.25,75.25,2020,5,19,30.53,4.79
8.25,75.75,2020,5,19,30.46,4.79
8.25,76.25,2020,5,19,30.2,4.24
8.25,76.75,2020,5,19,29.24,4.24
8.25,77.25,2020,5,19,28.5,4.32
8.75,74.25,2020,5,19,30.45,5.72
8.75,74.75,2020,5,19,30.54,5.72
8.75,75.25,2020,5,19,30.56,4.79
8.75,75.75,2020,5,19,30.44,4.79
8.75,76.25,2020,5,19,30.06,4.24
8.75,76.75,2020,5,19,28.14,4.24
8.75,77.25,2020,5,19,27.39,4.32
9.25,74.25,2020,5,19,30.47,5.7
9.25,74.75,2020,5,19,30.55,5.7
9.25,75.25,2020,5,19,30.56,4.85
9.25,75.75,2020,5,19,30.37,4.85
9.25,76.25,2020,5,19,29.77,3.86
9.25,76.75,2020,5,19,27.04,3.86
9.25,77.25,2020,5,19,26.85,4.53
9.75,74.25,2020,5,19,30.48,5.7
9.75,74.75,2020,5,19,30.55,5.7
9.75,75.25,2020,5,19,30.56,4.85
9.75,75.75,2020,5,19,30.29,4.85
9.75,76.25,2020,5,19,29.25,3.86
9.75,76.75,2020,5,19,25.77,3.86
9.75,77.25,2020,5,19,25.87,4.53
10.25,74.25,2020,5,19,30.52,5
10.25,74.75,2020,5,19,30.57,5
10.25,75.25,2020,5,19,30.56,4.35
10.25,75.75,2020,5,19,30.17,4.35
10.25,76.25,2020,5,19,28.78,4.04
10.25,76.75,2020,5,19,25.69,4.04
10.25,77.25,2020,5,19,26.07,5.42
10.75,74.25,2020,5,19,30.55,5
10.75,74.75,2020,5,19,30.59,5
10.75,75.25,2020,5,19,30.42,4.35
10.75,75.75,2020,5,19,29.69,4.35
10.75,76.25,2020,5,19,27.82,4.04
10.75,76.75,2020,5,19,26.52,4.04
10.75,77.25,2020,5,19,27.87,5.42
11.25,74.25,2020,5,19,30.53,5.63
11.25,74.75,2020,5,19,30.5,5.63
11.25,75.25,2020,5,19,29.94,4.88
11.25,75.75,2020,5,19,28.53,4.88
11.25,76.25,2020,5,19,26.06,5.02
11.25,76.75,2020,5,19,26.17,5.02
11.25,77.25,2020,5,19,28.74,5.45
11.75,74.25,2020,5,19,30.46,5.63
11.75,74.75,2020,5,19,30.19,5.63
11.75,75.25,2020,5,19,28.97,4.88
11.75,75.75,2020,5,19,26.95,4.88
11.75,76.25,2020,5,19,25.08,5.02
11.75,76.75,2020,5,19,25.76,5.02
11.75,77.25,2020,5,19,28.19,5.45
12.25,74.25,2020,5,19,30.36,5.52
12.25,74.75,2020,5,19,29.71,5.52
12.25,75.25,2020,5,19,27.85,4.8
12.25,75.75,2020,5,19,25.6,4.8
12.25,76.25,2020,5,19,25.13,5.23
12.25,76.75,2020,5,19,26.31,5.23
12.25,77.25,2020,5,19,27.82,5.48
12.75,74.25,2020,5,19,30.24,5.52
12.75,74.75,2020,5,19,29.3,5.52
12.75,75.25,2020,5,19,27.24,4.8
12.75,75.75,2020,5,19,25.13,4.8
12.75,76.25,2020,5,19,25.33,5.23
12.75,76.75,2020,5,19,26.68,5.23
12.75,77.25,2020,5,19,27.56,5.48
8.25,74.25,2020,5,20,29.96,3.36
8.25,74.75,2020,5,20,29.97,3.36
8.25,75.25,2020,5,20,29.96,4.81
8.25,75.75,2020,5,20,29.93,4.81
8.25,76.25,2020,5,20,29.85,5.44
8.25,76.75,2020,5,20,29.35,5.44
8.25,77.25,2020,5,20,29.22,5.74
8.75,74.25,2020,5,20,29.99,3.36
8.75,74.75,2020,5,20,30.01,3.36
8.75,75.25,2020,5,20,30.04,4.81
8.75,75.75,2020,5,20,30.02,4.81
8.75,76.25,2020,5,20,29.87,5.44
8.75,76.75,2020,5,20,28.54,5.44
8.75,77.25,2020,5,20,28.4,5.74
9.25,74.25,2020,5,20,29.97,5.32
9.25,74.75,2020,5,20,30.02,5.32
9.25,75.25,2020,5,20,30.06,6.1
9.25,75.75,2020,5,20,30.01,6.1
9.25,76.25,2020,5,20,29.71,5.46
9.25,76.75,2020,5,20,27.51,5.46
9.25,77.25,2020,5,20,27.88,5.66
9.75,74.25,2020,5,20,29.94,5.32
9.75,74.75,2020,5,20,29.98,5.32
9.75,75.25,2020,5,20,30.02,6.1
9.75,75.75,2020,5,20,29.91,6.1
9.75,76.25,2020,5,20,29.33,5.46
9.75,76.75,2020,5,20,26.27,5.46
9.75,77.25,2020,5,20,27.09,5.66
10.25,74.25,2020,5,20,29.9,6.09
10.25,74.75,2020,5,20,29.92,6.09
10.25,75.25,2020,5,20,29.96,6.1
10.25,75.75,2020,5,20,29.82,6.1
10.25,76.25,2020,5,20,29.1,5.69
10.25,76.75,2020,5,20,26.29,5.69
10.25,77.25,2020,5,20,27.34,5.93
10.75,74.25,2020,5,20,29.84,6.09
10.75,74.75,2020,5,20,29.88,6.09
10.75,75.25,2020,5,20,29.86,6.1
10.75,75.75,2020,5,20,29.52,6.1
10.75,76.25,2020,5,20,28.42,5.69
10.75,76.75,2020,5,20,27.33,5.69
10.75,77.25,2020,5,20,28.95,5.93
11.25,74.25,2020,5,20,29.77,6.03
11.25,74.75,2020,5,20,29.85,6.03
11.25,75.25,2020,5,20,29.61,5.72
11.25,75.75,2020,5,20,28.74,5.72
11.25,76.25,2020,5,20,26.99,5.83
11.25,76.75,2020,5,20,27.36,5.83
11.25,77.25,2020,5,20,29.76,6.01
11.75,74.25,2020,5,20,29.73,6.03
11.75,74.75,2020,5,20,29.73,6.03
11.75,75.25,2020,5,20,29.03,5.72
11.75,75.75,2020,5,20,27.69,5.72
11.75,76.25,2020,5,20,26.35,5.83
11.75,76.75,2020,5,20,27.19,5.83
11.75,77.25,2020,5,20,29.31,6.01
12.25,74.25,2020,5,20,29.74,5.9
12.25,74.75,2020,5,20,29.53,5.9
12.25,75.25,2020,5,20,28.36,5.49
12.25,75.75,2020,5,20,26.78,5.49
12.25,76.25,2020,5,20,26.42,5.96
12.25,76.75,2020,5,20,27.52,5.96
12.25,77.25,2020,5,20,28.86,6.09
12.75,74.25,2020,5,20,29.74,5.9
12.75,74.75,2020,5,20,29.36,5.9
12.75,75.25,2020,5,20,27.98,5.49
12.75,75.75,2020,5,20,26.34,5.49
12.75,76.25,2020,5,20,26.37,5.96
12.75,76.75,2020,5,20,27.62,5.96
12.75,77.25,2020,5,20,28.53,6.09
8.25,74.25,2020,5,21,29.42,1.58
8.25,74.75,2020,5,21,29.53,1.58
8.25,75.25,2020,5,21,29.59,1.93
8.25,75.75,2020,5,21,29.62,1.93
8.25,76.25,2020,5,21,29.59,1.7
8.25,76.75,2020,5,21,28.73,1.7
8.25,77.25,2020,5,21,28.29,3.6
8.75,74.25,2020,5,21,29.64,1.58
8.75,74.75,2020,5,21,29.82,1.58
8.75,75.25,2020,5,21,29.92,1.93
8.75,75.75,2020,5,21,29.91,1.93
8.75,76.25,2020,5,21,29.71,1.7
8.75,76.75,2020,5,21,27.65,1.7
8.75,77.25,2020,5,21,27.05,3.6
9.25,74.25,2020,5,21,29.88,2.52
9.25,74.75,2020,5,21,30.05,2.52
9.25,75.25,2020,5,21,30.14,2.83
9.25,75.75,2020,5,21,30.05,2.83
9.25,76.25,2020,5,21,29.57,3.85
9.25,76.75,2020,5,21,26.58,3.85
9.25,77.25,2020,5,21,26.3,5.37
9.75,74.25,2020,5,21,29.97,2.52
9.75,74.75,2020,5,21,30.1,2.52
9.75,75.25,2020,5,21,30.16,2.83
9.75,75.75,2020,5,21,29.94,2.83
9.75,76.25,2020,5,21,29.03,3.85
9.75,76.75,2020,5,21,25.33,3.85
9.75,77.25,2020,5,21,25.19,5.37
10.25,74.25,2020,5,21,29.95,4.58
10.25,74.75,2020,5,21,30.05,4.58
10.25,75.25,2020,5,21,30.05,4.59
10.25,75.75,2020,5,21,29.68,4.59
10.25,76.25,2020,5,21,28.4,5.31
10.25,76.75,2020,5,21,25.3,5.31
10.25,77.25,2020,5,21,25.66,5.95
10.75,74.25,2020,5,21,29.82,4.58
10.75,74.75,2020,5,21,29.96,4.58
10.75,75.25,2020,5,21,29.85,4.59
10.75,75.75,2020,5,21,29.14,4.59
10.75,76.25,2020,5,21,27.31,5.31
10.75,76.75,2020,5,21,26.14,5.31
10.75,77.25,2020,5,21,27.72,5.95
11.25,74.25,2020,5,21,29.67,5.01
11.25,74.75,2020,5,21,29.81,5.01
11.25,75.25,2020,5,21,29.37,5.24
11.25,75.75,2020,5,21,28.03,5.24
11.25,76.25,2020,5,21,25.61,5.48
11.25,76.75,2020,5,21,25.89,5.48
11.25,77.25,2020,5,21,28.59,6.33
11.75,74.25,2020,5,21,29.53,5.01
11.75,74.75,2020,5,21,29.48,5.01
11.75,75.25,2020,5,21,28.43,5.24
11.75,75.75,2020,5,21,26.56,5.24
11.75,76.25,2020,5,21,24.9,5.48
11.75,76.75,2020,5,21,25.93,5.48
11.75,77.25,2020,5,21,28.39,6.33
12.25,74.25,2020,5,21,29.36,5.71
12.25,74.75,2020,5,21,28.94,5.71
12.25,75.25,2020,5,21,27.4,5.8
12.25,75.75,2020,5,21,25.5,5.8
12.25,76.25,2020,5,21,25.3,6.23
12.25,76.75,2020,5,21,27,6.23
12.25,77.25,2020,5,21,28.59,6.64
12.75,74.25,2020,5,21,29.21,5.71
12.75,74.75,2020,5,21,28.55,5.71
12.75,75.25,2020,5,21,26.89,5.8
12.75,75.75,2020,5,21,25.21,5.8
12.75,76.25,2020,5,21,25.67,6.23
12.75,76.75,2020,5,21,27.58,6.23
12.75,77.25,2020,5,21,28.66,6.64
8.25,74.25,2020,5,22,29.69,5.17
8.25,74.75,2020,5,22,29.64,5.17
8.25,75.25,2020,5,22,29.61,5.28
8.25,75.75,2020,5,22,29.6,5.28
8.25,76.25,2020,5,22,29.56,5.41
8.25,76.75,2020,5,22,28.79,5.41
8.25,77.25,2020,5,22,28.44,6
8.75,74.25,2020,5,22,29.58,5.17
8.75,74.75,2020,5,22,29.62,5.17
8.75,75.25,2020,5,22,29.69,5.28
8.75,75.75,2020,5,22,29.71,5.28
8.75,76.25,2020,5,22,29.57,5.41
8.75,76.75,2020,5,22,27.71,5.41
8.75,77.25,2020,5,22,27.38,6
9.25,74.25,2020,5,22,29.65,5.02
9.25,74.75,2020,5,22,29.72,5.02
9.25,75.25,2020,5,22,29.82,4.16
9.25,75.75,2020,5,22,29.81,4.16
9.25,76.25,2020,5,22,29.47,4.54
9.25,76.75,2020,5,22,26.73,4.54
9.25,77.25,2020,5,22,27.03,5.05
9.75,74.25,2020,5,22,29.77,5.02
9.75,74.75,2020,5,22,29.84,5.02
9.75,75.25,2020,5,22,29.93,4.16
9.75,75.75,2020,5,22,29.81,4.16
9.75,76.25,2020,5,22,29.05,4.54
9.75,76.75,2020,5,22,25.67,4.54
9.75,77.25,2020,5,22,26.49,5.05
10.25,74.25,2020,5,22,29.66,4.77
10.25,74.75,2020,5,22,29.74,4.77
10.25,75.25,2020,5,22,29.82,5.06
10.25,75.75,2020,5,22,29.65,5.06
10.25,76.25,2020,5,22,28.72,5.05
10.25,76.75,2020,5,22,25.92,5.05
10.25,77.25,2020,5,22,27.03,5.37
10.75,74.25,2020,5,22,29.53,4.77
10.75,74.75,2020,5,22,29.6,4.77
10.75,75.25,2020,5,22,29.61,5.06
10.75,75.75,2020,5,22,29.26,5.06
10.75,76.25,2020,5,22,28.1,5.05
10.75,76.75,2020,5,22,27.17,5.05
10.75,77.25,2020,5,22,29.01,5.37
11.25,74.25,2020,5,22,29.5,5.61
11.25,74.75,2020,5,22,29.56,5.61
11.25,75.25,2020,5,22,29.3,6.14
11.25,75.75,2020,5,22,28.42,6.14
11.25,76.25,2020,5,22,26.66,5.07
11.25,76.75,2020,5,22,27.26,5.07
11.25,77.25,2020,5,22,29.94,6.04
11.75,74.25,2020,5,22,29.39,5.61
11.75,74.75,2020,5,22,29.34,5.61
11.75,75.25,2020,5,22,28.62,6.14
11.75,75.75,2020,5,22,27.33,6.14
11.75,76.25,2020,5,22,26.14,5.07
11.75,76.75,2020,5,22,27.44,5.07
11.75,77.25,2020,5,22,29.67,6.04
12.25,74.25,2020,5,22,29.2,6.68
12.25,74.75,2020,5,22,29,6.68
12.25,75.25,2020,5,22,27.93,6.36
12.25,75.75,2020,5,22,26.54,6.36
12.25,76.25,2020,5,22,26.55,6.09
12.25,76.75,2020,5,22,28.38,6.09
12.25,77.25,2020,5,22,29.64,6.41
12.75,74.25,2020,5,22,29.05,6.68
12.75,74.75,2020,5,22,28.83,6.68
12.75,75.25,2020,5,22,27.71,6.36
12.75,75.75,2020,5,22,26.39,6.36
12.75,76.25,2020,5,22,26.75,6.09
12.75,76.75,2020,5,22,28.62,6.09
12.75,77.25,2020,5,22,29.31,6.41
8.25,74.25,2020,5,23,29.36,6.37
8.25,74.75,2020,5,23,29.45,6.37
8.25,75.25,2020,5,23,29.54,6.3
8.25,75.75,2020,5,23,29.6,6.3
8.25,76.25,2020,5,23,29.6,6.16
8.25,76.75,2020,5,23,29.01,6.16
8.25,77.25,2020,5,23,28.65,6.18
8.75,74.25,2020,5,23,29.45,6.37
8.75,74.75,2020,5,23,29.55,6.37
8.75,75.25,2020,5,23,29.65,6.3
8.75,75.75,2020,5,23,29.69,6.3
8.75,76.25,2020,5,23,29.6,6.16
8.75,76.75,2020,5,23,28.19,6.16
8.75,77.25,2020,5,23,27.98,6.18
9.25,74.25,2020,5,23,29.49,6.02
9.25,74.75,2020,5,23,29.53,6.02
9.25,75.25,2020,5,23,29.58,5.78
9.25,75.75,2020,5,23,29.57,5.78
9.25,76.25,2020,5,23,29.33,5.49
9.25,76.75,2020,5,23,27.27,5.49
9.25,77.25,2020,5,23,27.69,5.8
9.75,74.25,2020,5,23,29.44,6.02
9.75,74.75,2020,5,23,29.43,6.02
9.75,75.25,2020,5,23,29.46,5.78
9.75,75.75,2020,5,23,29.38,5.78
9.75,76.25,2020,5,23,28.85,5.49
9.75,76.75,2020,5,23,26.38,5.49
9.75,77.25,2020,5,23,27.38,5.8
10.25,74.25,2020,5,23,29.41,4.57
10.25,74.75,2020,5,23,29.38,4.57
10.25,75.25,2020,5,23,29.41,4.35
10.25,75.75,2020,5,23,29.32,4.35
10.25,76.25,2020,5,23,28.8,5.04
10.25,76.75,2020,5,23,26.78,5.04
10.25,77.25,2020,5,23,28.23,5.77
10.75,74.25,2020,5,23,29.48,4.57
10.75,74.75,2020,5,23,29.43,4.57
10.75,75.25,2020,5,23,29.41,4.35
10.75,75.75,2020,5,23,29.24,4.35
10.75,76.25,2020,5,23,28.64,5.04
10.75,76.75,2020,5,23,28.12,5.04
10.75,77.25,2020,5,23,30.22,5.77
11.25,74.25,2020,5,23,29.57,5.78
11.25,74.75,2020,5,23,29.51,5.78
11.25,75.25,2020,5,23,29.3,5.19
11.25,75.75,2020,5,23,28.76,5.19
11.25,76.25,2020,5,23,27.73,5.02
11.25,76.75,2020,5,23,28.51,5.02
11.25,77.25,2020,5,23,31.26,5.86
11.75,74.25,2020,5,23,29.65,5.78
11.75,74.75,2020,5,23,29.5,5.78
11.75,75.25,2020,5,23,28.91,5.19
11.75,75.75,2020,5,23,28.03,5.19
11.75,76.25,2020,5,23,27.46,5.02
11.75,76.75,2020,5,23,28.83,5.02
11.75,77.25,2020,5,23,31.21,5.86
12.25,74.25,2020,5,23,29.7,6.33
12.25,74.75,2020,5,23,29.39,6.33
12.25,75.25,2020,5,23,28.46,6.42
12.25,75.75,2020,5,23,27.45,6.42
12.25,76.25,2020,5,23,27.74,6.62
12.25,76.75,2020,5,23,29.54,6.62
12.25,77.25,2020,5,23,31.2,6.14
12.75,74.25,2020,5,23,29.75,6.33
12.75,74.75,2020,5,23,29.33,6.33
12.75,75.25,2020,5,23,28.24,6.42
12.75,75.75,2020,5,23,27.13,6.42
12.75,76.25,2020,5,23,27.55,6.62
12.75,76.75,2020,5,23,29.48,6.62
12.75,77.25,2020,5,23,30.75,6.14
8.25,74.25,2020,5,24,29.42,6.42
8.25,74.75,2020,5,24,29.5,6.42
8.25,75.25,2020,5,24,29.59,6.11
8.25,75.75,2020,5,24,29.65,6.11
8.25,76.25,2020,5,24,29.65,5.74
8.25,76.75,2020,5,24,29.08,5.74
8.25,77.25,2020,5,24,28.71,5.83
8.75,74.25,2020,5,24,29.48,6.42
8.75,74.75,2020,5,24,29.59,6.42
8.75,75.25,2020,5,24,29.69,6.11
8.75,75.75,2020,5,24,29.73,6.11
8.75,76.25,2020,5,24,29.6,5.74
8.75,76.75,2020,5,24,28.27,5.74
8.75,77.25,2020,5,24,28.08,5.83
9.25,74.25,2020,5,24,29.56,4.89
9.25,74.75,2020,5,24,29.66,4.89
9.25,75.25,2020,5,24,29.73,5.12
9.25,75.75,2020,5,24,29.67,5.12
9.25,76.25,2020,5,24,29.35,5.29
9.25,76.75,2020,5,24,27.45,5.29
9.25,77.25,2020,5,24,27.95,5.69
9.75,74.25,2020,5,24,29.65,4.89
9.75,74.75,2020,5,24,29.73,4.89
9.75,75.25,2020,5,24,29.75,5.12
9.75,75.75,2020,5,24,29.58,5.12
9.75,76.25,2020,5,24,28.95,5.29
9.75,76.75,2020,5,24,26.51,5.29
9.75,77.25,2020,5,24,27.71,5.69
10.25,74.25,2020,5,24,29.88,5.52
10.25,74.75,2020,5,24,29.89,5.52
10.25,75.25,2020,5,24,29.82,5.55
10.25,75.75,2020,5,24,29.52,5.55
10.25,76.25,2020,5,24,28.73,5.6
10.25,76.75,2020,5,24,26.58,5.6
10.25,77.25,2020,5,24,28.14,6.45
10.75,74.25,2020,5,24,30.03,5.52
10.75,74.75,2020,5,24,29.95,5.52
10.75,75.25,2020,5,24,29.71,5.55
10.75,75.75,2020,5,24,29.18,5.55
10.75,76.25,2020,5,24,28.16,5.6
10.75,76.75,2020,5,24,27.65,5.6
10.75,77.25,2020,5,24,29.77,6.45
11.25,74.25,2020,5,24,29.9,6.07
11.25,74.75,2020,5,24,29.73,6.07
11.25,75.25,2020,5,24,29.25,6.51
11.25,75.75,2020,5,24,28.31,6.51
11.25,76.25,2020,5,24,26.82,6.36
11.25,76.75,2020,5,24,27.88,6.36
11.25,77.25,2020,5,24,30.92,6.84
11.75,74.25,2020,5,24,29.69,6.07
11.75,74.75,2020,5,24,29.39,6.07
11.75,75.25,2020,5,24,28.51,6.51
11.75,75.75,2020,5,24,27.24,6.51
11.75,76.25,2020,5,24,26.31,6.36
11.75,76.75,2020,5,24,28.07,6.36
11.75,77.25,2020,5,24,30.98,6.84
12.25,74.25,2020,5,24,29.63,6.68
12.25,74.75,2020,5,24,29.1,6.68
12.25,75.25,2020,5,24,27.82,6.77
12.25,75.75,2020,5,24,26.48,6.77
12.25,76.25,2020,5,24,26.83,6.74
12.25,76.75,2020,5,24,29.03,6.74
12.25,77.25,2020,5,24,31.04,6.57
12.75,74.25,2020,5,24,29.66,6.68
12.75,74.75,2020,5,24,29.01,6.68
12.75,75.25,2020,5,24,27.62,6.77
12.75,75.75,2020,5,24,26.39,6.77
12.75,76.25,2020,5,24,27.31,6.74
12.75,76.75,2020,5,24,29.65,6.74
12.75,77.25,2020,5,24,30.91,6.57
8.25,74.25,2020,5,25,29.75,5.71
8.25,74.75,2020,5,25,29.75,5.71
8.25,75.25,2020,5,25,29.75,5.56
8.25,75.75,2020,5,25,29.72,5.56
8.25,76.25,2020,5,25,29.64,5.44
8.25,76.75,2020,5,25,28.97,5.44
8.25,77.25,2020,5,25,28.49,5.12
8.75,74.25,2020,5,25,29.68,5.71
8.75,74.75,2020,5,25,29.73,5.71
8.75,75.25,2020,5,25,29.75,5.56
8.75,75.75,2020,5,25,29.7,5.56
8.75,76.25,2020,5,25,29.52,5.44
8.75,76.75,2020,5,25,28.06,5.44
8.75,77.25,2020,5,25,27.65,5.12
9.25,74.25,2020,5,25,29.58,5.62
9.25,74.75,2020,5,25,29.67,5.62
9.25,75.25,2020,5,25,29.73,5.51
9.25,75.75,2020,5,25,29.67,5.51
9.25,76.25,2020,5,25,29.36,5.25
9.25,76.75,2020,5,25,27.19,5.25
9.25,77.25,2020,5,25,27.28,5.36
9.75,74.25,2020,5,25,29.64,5.62
9.75,74.75,2020,5,25,29.73,5.62
9.75,75.25,2020,5,25,29.8,5.51
9.75,75.75,2020,5,25,29.68,5.51
9.75,76.25,2020,5,25,29.03,5.25
9.75,76.75,2020,5,25,26.28,5.25
9.75,77.25,2020,5,25,26.87,5.36
10.25,74.25,2020,5,25,29.85,5.59
10.25,74.75,2020,5,25,29.9,5.59
10.25,75.25,2020,5,25,29.92,5.41
10.25,75.75,2020,5,25,29.66,5.41
10.25,76.25,2020,5,25,28.73,5.5
10.25,76.75,2020,5,25,26.28,5.5
10.25,77.25,2020,5,25,27.33,6.06
10.75,74.25,2020,5,25,29.97,5.59
10.75,74.75,2020,5,25,29.98,5.59
10.75,75.25,2020,5,25,29.84,5.41
10.75,75.75,2020,5,25,29.28,5.41
10.75,76.25,2020,5,25,27.9,5.5
10.75,76.75,2020,5,25,27.03,5.5
10.75,77.25,2020,5,25,28.88,6.06
11.25,74.25,2020,5,25,29.99,6.12
11.25,74.75,2020,5,25,29.95,6.12
11.25,75.25,2020,5,25,29.49,6.5
11.25,75.75,2020,5,25,28.32,6.5
11.25,76.25,2020,5,25,26.3,6.43
11.25,76.75,2020,5,25,26.8,6.43
11.25,77.25,2020,5,25,29.74,6.4
11.75,74.25,2020,5,25,30.04,6.12
11.75,74.75,2020,5,25,29.81,6.12
11.75,75.25,2020,5,25,28.77,6.5
11.75,75.75,2020,5,25,27.05,6.5
11.75,76.25,2020,5,25,25.48,6.43
11.75,76.75,2020,5,25,26.41,6.43
11.75,77.25,2020,5,25,29.25,6.4
12.25,74.25,2020,5,25,30.08,6.53
12.25,74.75,2020,5,25,29.53,6.53
12.25,75.25,2020,5,25,27.95,6.53
12.25,75.75,2020,5,25,26.04,6.53
12.25,76.25,2020,5,25,25.66,6.84
12.25,76.75,2020,5,25,26.84,6.84
12.25,77.25,2020,5,25,28.75,6.59
12.75,74.25,2020,5,25,30.09,6.53
12.75,74.75,2020,5,25,29.31,6.53
12.75,75.25,2020,5,25,27.54,6.53
12.75,75.75,2020,5,25,25.69,6.53
12.75,76.25,2020,5,25,25.85,6.84
12.75,76.75,2020,5,25,27.26,6.84
12.75,77.25,2020,5,25,28.59,6.59
8.25,74.25,2020,5,26,29.63,5.93
8.25,74.75,2020,5,26,29.66,5.93
8.25,75.25,2020,5,26,29.66,5.97
8.25,75.75,2020,5,26,29.62,5.97
8.25,76.25,2020,5,26,29.52,5.94
8.25,76.75,2020,5,26,28.82,5.94
8.25,77.25,2020,5,26,28.41,5.72
8.75,74.25,2020,5,26,29.6,5.93
8.75,74.75,2020,5,26,29.63,5.93
8.75,75.25,2020,5,26,29.64,5.97
8.75,75.75,2020,5,26,29.57,5.97
8.75,76.25,2020,5,26,29.39,5.94
8.75,76.75,2020,5,26,27.95,5.94
8.75,77.25,2020,5,26,27.67,5.72
9.25,74.25,2020,5,26,29.59,5.68
9.25,74.75,2020,5,26,29.64,5.68
9.25,75.25,2020,5,26,29.65,5.58
9.25,75.75,2020,5,26,29.55,5.58
9.25,76.25,2020,5,26,29.26,5.59
9.25,76.75,2020,5,26,27.16,5.59
9.25,77.25,2020,5,26,27.33,5.62
9.75,74.25,2020,5,26,29.69,5.68
9.75,74.75,2020,5,26,29.74,5.68
9.75,75.25,2020,5,26,29.77,5.58
9.75,75.75,2020,5,26,29.63,5.58
9.75,76.25,2020,5,26,29.05,5.59
9.75,76.75,2020,5,26,26.31,5.59
9.75,77.25,2020,5,26,26.82,5.62
10.25,74.25,2020,5,26,29.96,5.94
10.25,74.75,2020,5,26,29.98,5.94
10.25,75.25,2020,5,26,29.96,6.28
10.25,75.75,2020,5,26,29.71,6.28
10.25,76.25,2020,5,26,28.9,5.9
10.25,76.75,2020,5,26,26.46,5.9
10.25,77.25,2020,5,26,27.29,6.28
10.75,74.25,2020,5,26,30.24,5.94
10.75,74.75,2020,5,26,30.17,5.94
10.75,75.25,2020,5,26,29.98,6.28
10.75,75.75,2020,5,26,29.45,6.28
10.75,76.25,2020,5,26,28.23,5.9
10.75,76.75,2020,5,26,27.24,5.9
10.75,77.25,2020,5,26,28.89,6.28
11.25,74.25,2020,5,26,30.26,6.29
11.25,74.75,2020,5,26,30.12,6.29
11.25,75.25,2020,5,26,29.63,6.37
11.25,75.75,2020,5,26,28.54,6.37
11.25,76.25,2020,5,26,26.66,6.27
11.25,76.75,2020,5,26,26.84,6.27
11.25,77.25,2020,5,26,29.52,6.41
11.75,74.25,2020,5,26,30.16,6.29
11.75,74.75,2020,5,26,29.9,6.29
11.75,75.25,2020,5,26,28.9,6.37
11.75,75.75,2020,5,26,27.28,6.37
11.75,76.25,2020,5,26,25.73,6.27
11.75,76.75,2020,5,26,26.26,6.27
11.75,77.25,2020,5,26,28.73,6.41
12.25,74.25,2020,5,26,30.2,6.34
12.25,74.75,2020,5,26,29.64,6.34
12.25,75.25,2020,5,26,28.1,6.29
12.25,75.75,2020,5,26,26.2,6.29
12.25,76.25,2020,5,26,25.65,6.7
12.25,76.75,2020,5,26,26.53,6.7
12.25,77.25,2020,5,26,28.16,6.61
12.75,74.25,2020,5,26,30.29,6.34
12.75,74.75,2020,5,26,29.43,6.34
12.75,75.25,2020,5,26,27.61,6.29
12.75,75.75,2020,5,26,25.7,6.29
12.75,76.25,2020,5,26,25.64,6.7
12.75,76.75,2020,5,26,26.84,6.7
12.75,77.25,2020,5,26,28.15,6.61
8.25,74.25,2020,5,27,29.76,4.27
8.25,74.75,2020,5,27,29.75,4.27
8.25,75.25,2020,5,27,29.73,4.44
8.25,75.75,2020,5,27,29.72,4.44
8.25,76.25,2020,5,27,29.66,4.6
8.25,76.75,2020,5,27,29.03,4.6
8.25,77.25,2020,5,27,28.74,5.09
8.75,74.25,2020,5,27,29.66,4.27
8.75,74.75,2020,5,27,29.68,4.27
8.75,75.25,2020,5,27,29.69,4.44
8.75,75.75,2020,5,27,29.64,4.44
8.75,76.25,2020,5,27,29.47,4.6
8.75,76.75,2020,5,27,28.07,4.6
8.75,77.25,2020,5,27,27.95,5.09
9.25,74.25,2020,5,27,29.74,5.78
9.25,74.75,2020,5,27,29.79,5.78
9.25,75.25,2020,5,27,29.82,5.42
9.25,75.75,2020,5,27,29.74,5.42
9.25,76.25,2020,5,27,29.4,5.34
9.25,76.75,2020,5,27,27.2,5.34
9.25,77.25,2020,5,27,27.34,5.21
9.75,74.25,2020,5,27,29.91,5.78
9.75,74.75,2020,5,27,29.98,5.78
9.75,75.25,2020,5,27,30.02,5.42
9.75,75.75,2020,5,27,29.85,5.42
9.75,76.25,2020,5,27,29.18,5.34
9.75,76.75,2020,5,27,26.24,5.34
9.75,77.25,2020,5,27,26.55,5.21
10.25,74.25,2020,5,27,30.04,3.13
10.25,74.75,2020,5,27,30.13,3.13
10.25,75.25,2020,5,27,30.13,3.32
10.25,75.75,2020,5,27,29.85,3.32
10.25,76.25,2020,5,27,28.97,5.03
10.25,76.75,2020,5,27,26.34,5.03
10.25,77.25,2020,5,27,26.96,4.73
10.75,74.25,2020,5,27,30.11,3.13
10.75,74.75,2020,5,27,30.18,3.13
10.75,75.25,2020,5,27,30.04,3.32
10.75,75.75,2020,5,27,29.49,3.32
10.75,76.25,2020,5,27,28.24,5.03
10.75,76.75,2020,5,27,27.15,5.03
10.75,77.25,2020,5,27,28.74,4.73
11.25,74.25,2020,5,27,30.14,5.16
11.25,74.75,2020,5,27,30.12,5.16
11.25,75.25,2020,5,27,29.66,5.37
11.25,75.75,2020,5,27,28.54,5.37
11.25,76.25,2020,5,27,26.67,4.97
11.25,76.75,2020,5,27,26.74,4.97
11.25,77.25,2020,5,27,29.39,5.32
11.75,74.25,2020,5,27,30.14,5.16
11.75,74.75,2020,5,27,29.88,5.16
11.75,75.25,2020,5,27,28.87,5.37
11.75,75.75,2020,5,27,27.25,5.37
11.75,76.25,2020,5,27,25.83,4.97
11.75,76.75,2020,5,27,26.33,4.97
11.75,77.25,2020,5,27,28.6,5.32
12.25,74.25,2020,5,27,30.06,6.27
12.25,74.75,2020,5,27,29.48,6.27
12.25,75.25,2020,5,27,27.98,5.58
12.25,75.75,2020,5,27,26.22,5.58
12.25,76.25,2020,5,27,25.94,6.11
12.25,76.75,2020,5,27,26.8,6.11
12.25,77.25,2020,5,27,27.9,5.98
12.75,74.25,2020,5,27,29.93,6.27
12.75,74.75,2020,5,27,29.15,6.27
12.75,75.25,2020,5,27,27.48,5.58
12.75,75.75,2020,5,27,25.81,5.58
12.75,76.25,2020,5,27,26.08,6.11
12.75,76.75,2020,5,27,27.04,6.11
12.75,77.25,2020,5,27,27.51,5.98
8.25,74.25,2020,5,28,29.75,3.68
8.25,74.75,2020,5,28,29.7,3.68
8.25,75.25,2020,5,28,29.66,2.94
8.25,75.75,2020,5,28,29.61,2.94
8.25,76.25,2020,5,28,29.48,3.79
8.25,76.75,2020,5,28,28.73,3.79
8.25,77.25,2020,5,28,28.2,4.83
8.75,74.25,2020,5,28,29.77,3.68
8.75,74.75,2020,5,28,29.76,3.68
8.75,75.25,2020,5,28,29.76,2.94
8.75,75.75,2020,5,28,29.7,2.94
8.75,76.25,2020,5,28,29.46,3.79
8.75,76.75,2020,5,28,27.84,3.79
8.75,77.25,2020,5,28,27.29,4.83
9.25,74.25,2020,5,28,29.87,2.21
9.25,74.75,2020,5,28,29.94,2.21
9.25,75.25,2020,5,28,29.99,1.34
9.25,75.75,2020,5,28,29.88,1.34
9.25,76.25,2020,5,28,29.46,3.63
9.25,76.75,2020,5,28,26.98,3.63
9.25,77.25,2020,5,28,26.71,4.56
9.75,74.25,2020,5,28,30.05,2.21
9.75,74.75,2020,5,28,30.15,2.21
9.75,75.25,2020,5,28,30.19,1.34
9.75,75.75,2020,5,28,29.98,1.34
9.75,76.25,2020,5,28,29.18,3.63
9.75,76.75,2020,5,28,25.94,3.63
9.75,77.25,2020,5,28,25.96,4.56
10.25,74.25,2020,5,28,30.24,4.46
10.25,74.75,2020,5,28,30.32,4.46
10.25,75.25,2020,5,28,30.31,3.78
10.25,75.75,2020,5,28,29.96,3.78
10.25,76.25,2020,5,28,28.85,4.91
10.25,76.75,2020,5,28,26.01,4.91
10.25,77.25,2020,5,28,26.33,5.15
10.75,74.25,2020,5,28,30.41,4.46
10.75,74.75,2020,5,28,30.44,4.46
10.75,75.25,2020,5,28,30.27,3.78
10.75,75.75,2020,5,28,29.62,3.78
10.75,76.25,2020,5,28,28.08,4.91
10.75,76.75,2020,5,28,26.81,4.91
10.75,77.25,2020,5,28,27.91,5.15
11.25,74.25,2020,5,28,30.49,5.62
11.25,74.75,2020,5,28,30.41,5.62
11.25,75.25,2020,5,28,29.92,6.07
11.25,75.75,2020,5,28,28.74,6.07
11.25,76.25,2020,5,28,26.64,6.29
11.25,76.75,2020,5,28,26.5,6.29
11.25,77.25,2020,5,28,28.6,6.74
11.75,74.25,2020,5,28,30.46,5.62
11.75,74.75,2020,5,28,30.15,5.62
11.75,75.25,2020,5,28,29.11,6.07
11.75,75.75,2020,5,28,27.47,6.07
11.75,76.25,2020,5,28,25.93,6.29
11.75,76.75,2020,5,28,26.26,6.29
11.75,77.25,2020,5,28,28.1,6.74
12.25,74.25,2020,5,28,30.35,6.29
12.25,74.75,2020,5,28,29.73,6.29
12.25,75.25,2020,5,28,28.16,6.46
12.25,75.75,2020,5,28,26.34,6.46
12.25,76.25,2020,5,28,26.05,6.96
12.25,76.75,2020,5,28,26.88,6.96
12.25,77.25,2020,5,28,27.68,6.64
12.75,74.25,2020,5,28,30.12,6.29
12.75,74.75,2020,5,28,29.26,6.29
12.75,75.25,2020,5,28,27.57,6.46
12.75,75.75,2020,5,28,25.9,6.46
12.75,76.25,2020,5,28,26.19,6.96
12.75,76.75,2020,5,28,27.24,6.96
12.75,77.25,2020,5,28,27.45,6.64
8.25,74.25,2020,5,29,29.26,3.89
8.25,74.75,2020,5,29,29.2,3.89
8.25,75.25,2020,5,29,29.15,2.18
8.25,75.75,2020,5,29,29.11,2.18
8.25,76.25,2020,5,29,29.08,2.34
8.25,76.75,2020,5,29,28.41,2.34
8.25,77.25,2020,5,29,27.99,3.68
8.75,74.25,2020,5,29,29.44,3.89
8.75,74.75,2020,5,29,29.39,3.89
8.75,75.25,2020,5,29,29.37,2.18
8.75,75.75,2020,5,29,29.33,2.18
8.75,76.25,2020,5,29,29.16,2.34
8.75,76.75,2020,5,29,27.5,2.34
8.75,77.25,2020,5,29,27.05,3.68
9.25,74.25,2020,5,29,29.61,4.97
9.25,74.75,2020,5,29,29.61,4.97
9.25,75.25,2020,5,29,29.62,4.91
9.25,75.75,2020,5,29,29.52,4.91
9.25,76.25,2020,5,29,29.12,4.16
9.25,76.75,2020,5,29,26.57,4.16
9.25,77.25,2020,5,29,26.48,3.61
9.75,74.25,2020,5,29,29.74,4.97
9.75,74.75,2020,5,29,29.79,4.97
9.75,75.25,2020,5,29,29.81,4.91
9.75,75.75,2020,5,29,29.6,4.91
9.75,76.25,2020,5,29,28.8,4.16
9.75,76.75,2020,5,29,25.55,4.16
9.75,77.25,2020,5,29,25.8,3.61
10.25,74.25,2020,5,29,29.8,3.8
10.25,74.75,2020,5,29,29.85,3.8
10.25,75.25,2020,5,29,29.83,4.08
10.25,75.75,2020,5,29,29.48,4.08
10.25,76.25,2020,5,29,28.4,4.88
10.25,76.75,2020,5,29,25.64,4.88
10.25,77.25,2020,5,29,26.31,4.61
10.75,74.25,2020,5,29,29.85,3.8
10.75,74.75,2020,5,29,29.8,3.8
10.75,75.25,2020,5,29,29.57,4.08
10.75,75.75,2020,5,29,28.9,4.08
10.75,76.25,2020,5,29,27.37,4.88
10.75,76.75,2020,5,29,26.44,4.88
10.75,77.25,2020,5,29,28.04,4.61
11.25,74.25,2020,5,29,29.82,2.76
11.25,74.75,2020,5,29,29.53,2.76
11.25,75.25,2020,5,29,28.85,4.02
11.25,75.75,2020,5,29,27.55,4.02
11.25,76.25,2020,5,29,25.47,5.07
11.25,76.75,2020,5,29,25.91,5.07
11.25,77.25,2020,5,29,28.39,5.56
11.75,74.25,2020,5,29,29.61,2.76
11.75,74.75,2020,5,29,28.89,2.76
11.75,75.25,2020,5,29,27.43,4.02
11.75,75.75,2020,5,29,25.53,4.02
11.75,76.25,2020,5,29,24.09,5.07
11.75,76.75,2020,5,29,24.99,5.07
11.75,77.25,2020,5,29,27.04,5.56
12.25,74.25,2020,5,29,29.37,5.17
12.25,74.75,2020,5,29,28.06,5.17
12.25,75.25,2020,5,29,25.83,5.74
12.25,75.75,2020,5,29,23.59,5.74
12.25,76.25,2020,5,29,23.2,6.53
12.25,76.75,2020,5,29,24.58,6.53
12.25,77.25,2020,5,29,25.84,6.82
12.75,74.25,2020,5,29,29.4,5.17
12.75,74.75,2020,5,29,27.67,5.17
12.75,75.25,2020,5,29,25.12,5.74
12.75,75.75,2020,5,29,22.9,5.74
12.75,76.25,2020,5,29,22.8,6.53
12.75,76.75,2020,5,29,24.03,6.53
12.75,77.25,2020,5,29,24.87,6.82
8.25,74.25,2020,5,30,28.25,4.57
8.25,74.75,2020,5,30,28.19,4.57
8.25,75.25,2020,5,30,28.22,5.36
8.25,75.75,2020,5,30,28.25,5.36
8.25,76.25,2020,5,30,28.1,5.34
8.25,76.75,2020,5,30,27.55,5.34
8.25,77.25,2020,5,30,27.43,5.73
8.75,74.25,2020,5,30,28.58,4.57
8.75,74.75,2020,5,30,28.41,4.57
8.75,75.25,2020,5,30,28.29,5.36
8.75,75.75,2020,5,30,28.21,5.36
8.75,76.25,2020,5,30,28.06,5.34
8.75,76.75,2020,5,30,26.84,5.34
8.75,77.25,2020,5,30,26.76,5.73
9.25,74.25,2020,5,30,28.81,4.76
9.25,74.75,2020,5,30,28.6,4.76
9.25,75.25,2020,5,30,28.43,4.73
9.25,75.75,2020,5,30,28.28,4.73
9.25,76.25,2020,5,30,28.05,4.61
9.25,76.75,2020,5,30,26.09,4.61
9.25,77.25,2020,5,30,26.18,5.55
9.75,74.25,2020,5,30,28.92,4.76
9.75,74.75,2020,5,30,28.75,4.76
9.75,75.25,2020,5,30,28.58,4.73
9.75,75.75,2020,5,30,28.36,4.73
9.75,76.25,2020,5,30,27.78,4.61
9.75,76.75,2020,5,30,25.31,4.61
9.75,77.25,2020,5,30,25.69,5.55
10.25,74.25,2020,5,30,29,3.77
10.25,74.75,2020,5,30,28.87,3.77
10.25,75.25,2020,5,30,28.68,4.43
10.25,75.75,2020,5,30,28.25,4.43
10.25,76.25,2020,5,30,27.23,4.75
10.25,76.75,2020,5,30,25.45,4.75
10.25,77.25,2020,5,30,26.56,5.23
10.75,74.25,2020,5,30,29.13,3.77
10.75,74.75,2020,5,30,29,3.77
10.75,75.25,2020,5,30,28.67,4.43
10.75,75.75,2020,5,30,27.88,4.43
10.75,76.25,2020,5,30,26.27,4.75
10.75,76.75,2020,5,30,26.12,4.75
10.75,77.25,2020,5,30,28.25,5.23
11.25,74.25,2020,5,30,29.31,3.27
11.25,74.75,2020,5,30,29.07,3.27
11.25,75.25,2020,5,30,28.41,5.54
11.25,75.75,2020,5,30,27.11,5.54
11.25,76.25,2020,5,30,25.01,5.11
11.25,76.75,2020,5,30,25.8,5.11
11.25,77.25,2020,5,30,28.61,5.64
11.75,74.25,2020,5,30,29.46,3.27
11.75,74.75,2020,5,30,28.93,3.27
11.75,75.25,2020,5,30,27.7,5.54
11.75,75.75,2020,5,30,25.99,5.54
11.75,76.25,2020,5,30,24.49,5.11
11.75,76.75,2020,5,30,25.49,5.11
11.75,77.25,2020,5,30,27.67,5.64
12.25,74.25,2020,5,30,29.64,4.41
12.25,74.75,2020,5,30,28.68,4.41
12.25,75.25,2020,5,30,26.88,5.23
12.25,75.75,2020,5,30,24.91,5.23
12.25,76.25,2020,5,30,24.31,5.56
12.25,76.75,2020,5,30,25.51,5.56
12.25,77.25,2020,5,30,26.74,5.54
12.75,74.25,2020,5,30,29.89,4.41
12.75,74.75,2020,5,30,28.61,4.41
12.75,75.25,2020,5,30,26.51,5.23
12.75,75.75,2020,5,30,24.46,5.23
12.75,76.25,2020,5,30,24.1,5.56
12.75,76.75,2020,5,30,25.09,5.56
12.75,77.25,2020,5,30,25.88,5.54
8.25,74.25,2020,5,31,28.6,5.38
8.25,74.75,2020,5,31,28.59,5.38
8.25,75.25,2020,5,31,28.56,5.72
8.25,75.75,2020,5,31,28.54,5.72
8.25,76.25,2020,5,31,28.53,5.93
8.25,76.75,2020,5,31,28.01,5.93
8.25,77.25,2020,5,31,27.74,6.34
8.75,74.25,2020,5,31,28.78,5.38
8.75,74.75,2020,5,31,28.81,5.38
8.75,75.25,2020,5,31,28.76,5.72
8.75,75.75,2020,5,31,28.64,5.72
8.75,76.25,2020,5,31,28.42,5.93
8.75,76.75,2020,5,31,27.09,5.93
8.75,77.25,2020,5,31,26.77,6.34
9.25,74.25,2020,5,31,28.84,4.87
9.25,74.75,2020,5,31,28.97,4.87
9.25,75.25,2020,5,31,28.97,5.61
9.25,75.75,2020,5,31,28.78,5.61
9.25,76.25,2020,5,31,28.33,5.8
9.25,76.75,2020,5,31,26.23,5.8
9.25,77.25,2020,5,31,26.1,5.89
9.75,74.25,2020,5,31,28.71,4.87
9.75,74.75,2020,5,31,28.88,4.87
9.75,75.25,2020,5,31,28.98,5.61
9.75,75.75,2020,5,31,28.8,5.61
9.75,76.25,2020,5,31,28.07,5.8
9.75,76.75,2020,5,31,25.3,5.8
9.75,77.25,2020,5,31,25.41,5.89
10.25,74.25,2020,5,31,28.5,4.19
10.25,74.75,2020,5,31,28.68,4.19
10.25,75.25,2020,5,31,28.85,5.45
10.25,75.75,2020,5,31,28.68,5.45
10.25,76.25,2020,5,31,27.69,5.68
10.25,76.75,2020,5,31,25.51,5.68
10.25,77.25,2020,5,31,26.32,5.62
10.75,74.25,2020,5,31,28.34,4.19
10.75,74.75,2020,5,31,28.5,4.19
10.75,75.25,2020,5,31,28.64,5.45
10.75,75.75,2020,5,31,28.3,5.45
10.75,76.25,2020,5,31,26.85,5.68
10.75,76.75,2020,5,31,26.25,5.68
10.75,77.25,2020,5,31,28.11,5.62
11.25,74.25,2020,5,31,28.25,2.13
11.25,74.75,2020,5,31,28.34,2.13
11.25,75.25,2020,5,31,28.19,4.31
11.25,75.75,2020,5,31,27.37,4.31
11.25,76.25,2020,5,31,25.39,5.15
11.25,76.75,2020,5,31,25.8,5.15
11.25,77.25,2020,5,31,28.28,6.05
11.75,74.25,2020,5,31,28.21,2.13
11.75,74.75,2020,5,31,28.11,2.13
11.75,75.25,2020,5,31,27.41,4.31
11.75,75.75,2020,5,31,26.07,4.31
11.75,76.25,2020,5,31,24.56,5.15
11.75,76.75,2020,5,31,25.45,5.15
11.75,77.25,2020,5,31,27.38,6.05
12.25,74.25,2020,5,31,28.22,2.14
12.25,74.75,2020,5,31,27.79,2.14
12.25,75.25,2020,5,31,26.59,5.26
12.25,75.75,2020,5,31,25.04,5.26
12.25,76.25,2020,5,31,24.49,6.11
12.25,76.75,2020,5,31,25.74,6.11
12.25,77.25,2020,5,31,26.99,6.12
12.75,74.25,2020,5,31,28.23,2.14
12.75,74.75,2020,5,31,27.48,2.14
12.75,75.25,2020,5,31,26.03,5.26
12.75,75.75,2020,5,31,24.52,5.26
12.75,76.25,2020,5,31,24.39,6.11
12.75,76.75,2020,5,31,25.56,6.11
12.75,77.25,2020,5,31,26.51,6.12
8.25,74.25,2020,6,1,29.24,5.72
8.25,74.75,2020,6,1,29.2,5.72
8.25,75.25,2020,6,1,29.12,5.12
8.25,75.75,2020,6,1,28.99,5.12
8.25,76.25,2020,6,1,28.85,4.74
8.25,76.75,2020,6,1,28.19,4.74
8.25,77.25,2020,6,1,27.8,5.43
8.75,74.25,2020,6,1,29.34,5.72
8.75,74.75,2020,6,1,29.44,5.72
8.75,75.25,2020,6,1,29.43,5.12
8.75,75.75,2020,6,1,29.26,5.12
8.75,76.25,2020,6,1,28.88,4.74
8.75,76.75,2020,6,1,27.3,4.74
8.75,77.25,2020,6,1,26.83,5.43
9.25,74.25,2020,6,1,29.31,5.46
9.25,74.75,2020,6,1,29.48,5.46
9.25,75.25,2020,6,1,29.55,5.08
9.25,75.75,2020,6,1,29.36,5.08
9.25,76.25,2020,6,1,28.77,5.09
9.25,76.75,2020,6,1,26.35,5.09
9.25,77.25,2020,6,1,26.15,5.4
9.75,74.25,2020,6,1,29.3,5.46
9.75,74.75,2020,6,1,29.51,5.46
9.75,75.25,2020,6,1,29.59,5.08
9.75,75.75,2020,6,1,29.32,5.08
9.75,76.25,2020,6,1,28.37,5.09
9.75,76.75,2020,6,1,25.18,5.09
9.75,77.25,2020,6,1,25.1,5.4
10.25,74.25,2020,6,1,29.26,4.81
10.25,74.75,2020,6,1,29.48,4.81
10.25,75.25,2020,6,1,29.55,4.55
10.25,75.75,2020,6,1,29.17,4.55
10.25,76.25,2020,6,1,27.85,4.79
10.25,76.75,2020,6,1,25.12,4.79
10.25,77.25,2020,6,1,25.41,5.36
10.75,74.25,2020,6,1,29.12,4.81
10.75,74.75,2020,6,1,29.37,4.81
10.75,75.25,2020,6,1,29.36,4.55
10.75,75.75,2020,6,1,28.72,4.55
10.75,76.25,2020,6,1,26.96,4.79
10.75,76.75,2020,6,1,25.79,4.79
10.75,77.25,2020,6,1,26.92,5.36
11.25,74.25,2020,6,1,28.94,4.28
11.25,74.75,2020,6,1,29.15,4.28
11.25,75.25,2020,6,1,28.83,3.07
11.25,75.75,2020,6,1,27.65,3.07
11.25,76.25,2020,6,1,25.4,4.54
11.25,76.75,2020,6,1,25.43,4.54
11.25,77.25,2020,6,1,27.22,5.39
11.75,74.25,2020,6,1,28.79,4.28
11.75,74.75,2020,6,1,28.78,4.28
11.75,75.25,2020,6,1,27.84,3.07
11.75,75.75,2020,6,1,26.07,3.07
11.75,76.25,2020,6,1,24.31,4.54
11.75,76.75,2020,6,1,24.98,4.54
11.75,77.25,2020,6,1,26.38,5.39
12.25,74.25,2020,6,1,28.68,3.68
12.25,74.75,2020,6,1,28.26,3.68
12.25,75.25,2020,6,1,26.73,3.56
12.25,75.75,2020,6,1,24.71,3.56
12.25,76.25,2020,6,1,23.92,5.46
12.25,76.75,2020,6,1,25.01,5.46
12.25,77.25,2020,6,1,25.8,5.72
12.75,74.25,2020,6,1,28.59,3.68
12.75,74.75,2020,6,1,27.78,3.68
12.75,75.25,2020,6,1,26,3.56
12.75,75.75,2020,6,1,24.08,3.56
12.75,76.25,2020,6,1,23.74,5.46
12.75,76.75,2020,6,1,24.78,5.46
12.75,77.25,2020,6,1,25.34,5.72
8.25,74.25,2020,6,2,28.98,2.88
8.25,74.75,2020,6,2,28.93,2.88
8.25,75.25,2020,6,2,28.86,3.39
8.25,75.75,2020,6,2,28.78,3.39
8.25,76.25,2020,6,2,28.71,3.44
8.25,76.75,2020,6,2,28.06,3.44
8.25,77.25,2020,6,2,27.54,4.84
8.75,74.25,2020,6,2,29.01,2.88
8.75,74.75,2020,6,2,29,2.88
8.75,75.25,2020,6,2,28.96,3.39
8.75,75.75,2020,6,2,28.84,3.39
8.75,76.25,2020,6,2,28.57,3.44
8.75,76.75,2020,6,2,26.94,3.44
8.75,77.25,2020,6,2,26.32,4.84
9.25,74.25,2020,6,2,29.06,2.77
9.25,74.75,2020,6,2,29.07,2.77
9.25,75.25,2020,6,2,29.04,2.61
9.25,75.75,2020,6,2,28.86,2.61
9.25,76.25,2020,6,2,28.37,3.05
9.25,76.75,2020,6,2,25.92,3.05
9.25,77.25,2020,6,2,25.59,4.99
9.75,74.25,2020,6,2,29.16,2.77
9.75,74.75,2020,6,2,29.15,2.77
9.75,75.25,2020,6,2,29.09,2.61
9.75,75.75,2020,6,2,28.79,2.61
9.75,76.25,2020,6,2,27.88,3.05
9.75,76.75,2020,6,2,24.78,3.05
9.75,77.25,2020,6,2,24.65,4.99
10.25,74.25,2020,6,2,29.28,1.82
10.25,74.75,2020,6,2,29.25,1.82
10.25,75.25,2020,6,2,29.11,2.68
10.25,75.75,2020,6,2,28.6,2.68
10.25,76.25,2020,6,2,27.23,3.38
10.25,76.75,2020,6,2,24.65,3.38
10.25,77.25,2020,6,2,24.9,5.25
10.75,74.25,2020,6,2,29.36,1.82
10.75,74.75,2020,6,2,29.33,1.82
10.75,75.25,2020,6,2,29.02,2.68
10.75,75.75,2020,6,2,28.12,2.68
10.75,76.25,2020,6,2,26.22,3.38
10.75,76.75,2020,6,2,25.19,3.38
10.75,77.25,2020,6,2,26.09,5.25
11.25,74.25,2020,6,2,29.39,1.41
11.25,74.75,2020,6,2,29.31,1.41
11.25,75.25,2020,6,2,28.64,2.29
11.25,75.75,2020,6,2,27.13,2.29
11.25,76.25,2020,6,2,24.71,3.77
11.25,76.75,2020,6,2,24.7,3.77
11.25,77.25,2020,6,2,26.2,5.52
11.75,74.25,2020,6,2,29.38,1.41
11.75,74.75,2020,6,2,29.08,1.41
11.75,75.25,2020,6,2,27.83,2.29
11.75,75.75,2020,6,2,25.78,2.29
11.75,76.25,2020,6,2,23.84,3.77
11.75,76.75,2020,6,2,24.35,3.77
11.75,77.25,2020,6,2,25.69,5.52
12.25,74.25,2020,6,2,29.33,1.45
12.25,74.75,2020,6,2,28.66,1.45
12.25,75.25,2020,6,2,26.84,3.1
12.25,75.75,2020,6,2,24.58,3.1
12.25,76.25,2020,6,2,23.68,5.36
12.25,76.75,2020,6,2,24.65,5.36
12.25,77.25,2020,6,2,25.58,5.6
12.75,74.25,2020,6,2,29.19,1.45
12.75,74.75,2020,6,2,28.2,1.45
12.75,75.25,2020,6,2,26.18,3.1
12.75,75.75,2020,6,2,24.02,3.1
12.75,76.25,2020,6,2,23.61,5.36
12.75,76.75,2020,6,2,24.58,5.36
12.75,77.25,2020,6,2,25.27,5.6
8.25,74.25,2020,6,3,29.04,4.79
8.25,74.75,2020,6,3,28.99,4.79
8.25,75.25,2020,6,3,28.87,5.7
8.25,75.75,2020,6,3,28.73,5.7
8.25,76.25,2020,6,3,28.65,5.67
8.25,76.75,2020,6,3,27.97,5.67
8.25,77.25,2020,6,3,27.4,5.58
8.75,74.25,2020,6,3,29.23,4.79
8.75,74.75,2020,6,3,29.17,4.79
8.75,75.25,2020,6,3,29.04,5.7
8.75,75.75,2020,6,3,28.84,5.7
8.75,76.25,2020,6,3,28.54,5.67
8.75,76.75,2020,6,3,26.94,5.67
8.75,77.25,2020,6,3,26.25,5.58
9.25,74.25,2020,6,3,29.45,4.46
9.25,74.75,2020,6,3,29.4,4.46
9.25,75.25,2020,6,3,29.24,4.89
9.25,75.75,2020,6,3,28.91,4.89
9.25,76.25,2020,6,3,28.4,5.02
9.25,76.75,2020,6,3,26.03,5.02
9.25,77.25,2020,6,3,25.63,5.45
9.75,74.25,2020,6,3,29.57,4.46
9.75,74.75,2020,6,3,29.58,4.46
9.75,75.25,2020,6,3,29.42,4.89
9.75,75.75,2020,6,3,28.95,4.89
9.75,76.25,2020,6,3,28.03,5.02
9.75,76.75,2020,6,3,24.93,5.02
9.75,77.25,2020,6,3,24.74,5.45
10.25,74.25,2020,6,3,29.5,4.16
10.25,74.75,2020,6,3,29.55,4.16
10.25,75.25,2020,6,3,29.41,3.33
10.25,75.75,2020,6,3,28.83,3.33
10.25,76.25,2020,6,3,27.46,4.91
10.25,76.75,2020,6,3,24.76,4.91
10.25,77.25,2020,6,3,25,5.67
10.75,74.25,2020,6,3,29.39,4.16
10.75,74.75,2020,6,3,29.39,4.16
10.75,75.25,2020,6,3,29.14,3.33
10.75,75.75,2020,6,3,28.29,3.33
10.75,76.25,2020,6,3,26.45,4.91
10.75,76.75,2020,6,3,25.25,4.91
10.75,77.25,2020,6,3,26.25,5.67
11.25,74.25,2020,6,3,29.34,3.73
11.25,74.75,2020,6,3,29.21,3.73
11.25,75.25,2020,6,3,28.59,2.62
11.25,75.75,2020,6,3,27.2,2.62
11.25,76.25,2020,6,3,24.9,4.07
11.25,76.75,2020,6,3,24.73,4.07
11.25,77.25,2020,6,3,26.25,5.78
11.75,74.25,2020,6,3,29.34,3.73
11.75,74.75,2020,6,3,28.93,3.73
11.75,75.25,2020,6,3,27.67,2.62
11.75,75.75,2020,6,3,25.76,2.62
11.75,76.25,2020,6,3,24,4.07
11.75,76.75,2020,6,3,24.29,4.07
11.75,77.25,2020,6,3,25.38,5.78
12.25,74.25,2020,6,3,29.33,3.15
12.25,74.75,2020,6,3,28.5,3.15
12.25,75.25,2020,6,3,26.66,3.17
12.25,75.75,2020,6,3,24.56,3.17
12.25,76.25,2020,6,3,23.88,3.82
12.25,76.75,2020,6,3,24.53,3.82
12.25,77.25,2020,6,3,25.01,5.42
12.75,74.25,2020,6,3,29.24,3.15
12.75,74.75,2020,6,3,28.03,3.15
12.75,75.25,2020,6,3,25.96,3.17
12.75,75.75,2020,6,3,24,3.17
12.75,76.25,2020,6,3,23.88,3.82
12.75,76.75,2020,6,3,24.49,3.82
12.75,77.25,2020,6,3,24.67,5.42
8.25,74.25,2020,6,4,28.91,5.35
8.25,74.75,2020,6,4,28.89,5.35
8.25,75.25,2020,6,4,28.94,5.08
8.25,75.75,2020,6,4,29.03,5.08
8.25,76.25,2020,6,4,29.09,5.52
8.25,76.75,2020,6,4,28.47,5.52
8.25,77.25,2020,6,4,28.09,5.26
8.75,74.25,2020,6,4,29.15,5.35
8.75,74.75,2020,6,4,29.03,5.35
8.75,75.25,2020,6,4,29,5.08
8.75,75.75,2020,6,4,29,5.08
8.75,76.25,2020,6,4,28.94,5.52
8.75,76.75,2020,6,4,27.33,5.52
8.75,77.25,2020,6,4,26.86,5.26
9.25,74.25,2020,6,4,29.39,6.23
9.25,74.75,2020,6,4,29.28,6.23
9.25,75.25,2020,6,4,29.16,5.79
9.25,75.75,2020,6,4,28.99,5.79
9.25,76.25,2020,6,4,28.65,4.84
9.25,76.75,2020,6,4,26.1,4.84
9.25,77.25,2020,6,4,25.79,5.2
9.75,74.25,2020,6,4,29.52,6.23
9.75,74.75,2020,6,4,29.48,6.23
9.75,75.25,2020,6,4,29.33,5.79
9.75,75.75,2020,6,4,28.94,5.79
9.75,76.25,2020,6,4,28.07,4.84
9.75,76.75,2020,6,4,24.69,4.84
9.75,77.25,2020,6,4,24.56,5.2
10.25,74.25,2020,6,4,29.57,5.08
10.25,74.75,2020,6,4,29.58,5.08
10.25,75.25,2020,6,4,29.42,4.33
10.25,75.75,2020,6,4,28.82,4.33
10.25,76.25,2020,6,4,27.4,4.2
10.25,76.75,2020,6,4,24.47,4.2
10.25,77.25,2020,6,4,24.83,5.31
10.75,74.25,2020,6,4,29.53,5.08
10.75,74.75,2020,6,4,29.55,5.08
10.75,75.25,2020,6,4,29.28,4.33
10.75,75.75,2020,6,4,28.38,4.33
10.75,76.25,2020,6,4,26.39,4.2
10.75,76.75,2020,6,4,25.12,4.2
10.75,77.25,2020,6,4,26.29,5.31
11.25,74.25,2020,6,4,29.5,3.32
11.25,74.75,2020,6,4,29.41,3.32
11.25,75.25,2020,6,4,28.76,2.68
11.25,75.75,2020,6,4,27.25,2.68
11.25,76.25,2020,6,4,24.73,4.87
11.25,76.75,2020,6,4,24.62,4.87
11.25,77.25,2020,6,4,26.49,5.91
11.75,74.25,2020,6,4,29.48,3.32
11.75,74.75,2020,6,4,29.08,3.32
11.75,75.25,2020,6,4,27.75,2.68
11.75,75.75,2020,6,4,25.62,2.68
11.75,76.25,2020,6,4,23.59,4.87
11.75,76.75,2020,6,4,23.99,4.87
11.75,77.25,2020,6,4,25.59,5.91
12.25,74.25,2020,6,4,29.43,3.42
12.25,74.75,2020,6,4,28.57,3.42
12.25,75.25,2020,6,4,26.58,3.55
12.25,75.75,2020,6,4,24.19,3.55
12.25,76.25,2020,6,4,23.3,5.31
12.25,76.75,2020,6,4,24.04,5.31
12.25,77.25,2020,6,4,24.85,5.54
12.75,74.25,2020,6,4,29.33,3.42
12.75,74.75,2020,6,4,28.1,3.42
12.75,75.25,2020,6,4,25.84,3.55
12.75,75.75,2020,6,4,23.56,3.55
12.75,76.25,2020,6,4,23.27,5.31
12.75,76.75,2020,6,4,24.04,5.31
12.75,77.25,2020,6,4,24.32,5.54
8.25,74.25,2020,6,5,29.53,5.75
8.25,74.75,2020,6,5,29.5,5.75
8.25,75.25,2020,6,5,29.42,5.22
8.25,75.75,2020,6,5,29.31,5.22
8.25,76.25,2020,6,5,29.22,4
8.25,76.75,2020,6,5,28.51,4
8.25,77.25,2020,6,5,27.9,4.53
8.75,74.25,2020,6,5,29.66,5.75
8.75,74.75,2020,6,5,29.67,5.75
8.75,75.25,2020,6,5,29.61,5.22
8.75,75.75,2020,6,5,29.47,5.22
8.75,76.25,2020,6,5,29.23,4
8.75,76.75,2020,6,5,27.56,4
8.75,77.25,2020,6,5,26.8,4.53
9.25,74.25,2020,6,5,29.74,6.05
9.25,74.75,2020,6,5,29.79,6.05
9.25,75.25,2020,6,5,29.76,4.99
9.25,75.75,2020,6,5,29.56,4.99
9.25,76.25,2020,6,5,29.06,4.82
9.25,76.75,2020,6,5,26.37,4.82
9.25,77.25,2020,6,5,25.86,5.39
9.75,74.25,2020,6,5,29.78,6.05
9.75,74.75,2020,6,5,29.83,6.05
9.75,75.25,2020,6,5,29.79,4.99
9.75,75.75,2020,6,5,29.45,4.99
9.75,76.25,2020,6,5,28.47,4.82
9.75,76.75,2020,6,5,24.91,4.82
9.75,77.25,2020,6,5,24.57,5.39
10.25,74.25,2020,6,5,29.78,4.79
10.25,74.75,2020,6,5,29.8,4.79
10.25,75.25,2020,6,5,29.7,3.58
10.25,75.75,2020,6,5,29.19,3.58
10.25,76.25,2020,6,5,27.8,3.99
10.25,76.75,2020,6,5,24.74,3.99
10.25,77.25,2020,6,5,24.79,5.4
10.75,74.25,2020,6,5,29.75,4.79
10.75,74.75,2020,6,5,29.75,4.79
10.75,75.25,2020,6,5,29.49,3.58
10.75,75.75,2020,6,5,28.67,3.58
10.75,76.25,2020,6,5,26.85,3.99
10.75,76.75,2020,6,5,25.49,3.99
10.75,77.25,2020,6,5,26.41,5.4
11.25,74.25,2020,6,5,29.72,4.59
11.25,74.75,2020,6,5,29.64,4.59
11.25,75.25,2020,6,5,29.01,4.39
11.25,75.75,2020,6,5,27.55,4.39
11.25,76.25,2020,6,5,25.2,4.22
11.25,76.75,2020,6,5,25.05,4.22
11.25,77.25,2020,6,5,26.78,5.23
11.75,74.25,2020,6,5,29.69,4.59
11.75,74.75,2020,6,5,29.36,4.59
11.75,75.25,2020,6,5,28.07,4.39
11.75,75.75,2020,6,5,25.97,4.39
11.75,76.25,2020,6,5,24.01,4.22
11.75,76.75,2020,6,5,24.49,4.22
11.75,77.25,2020,6,5,26.02,5.23
12.25,74.25,2020,6,5,29.62,5.22
12.25,74.75,2020,6,5,28.89,5.22
12.25,75.25,2020,6,5,26.98,4.99
12.25,75.75,2020,6,5,24.61,4.99
12.25,76.25,2020,6,5,23.78,5.43
12.25,76.75,2020,6,5,24.74,5.43
12.25,77.25,2020,6,5,25.62,6.03
12.75,74.25,2020,6,5,29.5,5.22
12.75,74.75,2020,6,5,28.43,5.22
12.75,75.25,2020,6,5,26.24,4.99
12.75,75.75,2020,6,5,23.97,4.99
12.75,76.25,2020,6,5,23.89,5.43
12.75,76.75,2020,6,5,24.93,5.43
12.75,77.25,2020,6,5,25.4,6.03
8.25,74.25,2020,6,6,28.86,1.21
8.25,74.75,2020,6,6,28.95,1.21
8.25,75.25,2020,6,6,29.03,1.72
8.25,75.75,2020,6,6,29.08,1.72
8.25,76.25,2020,6,6,29.13,2.7
8.25,76.75,2020,6,6,28.37,2.7
8.25,77.25,2020,6,6,27.73,4.96
8.75,74.25,2020,6,6,29.05,1.21
8.75,74.75,2020,6,6,29.13,1.21
8.75,75.25,2020,6,6,29.17,1.72
8.75,75.75,2020,6,6,29.14,1.72
8.75,76.25,2020,6,6,28.98,2.7
8.75,76.75,2020,6,6,27.13,2.7
8.75,77.25,2020,6,6,26.42,4.96
9.25,74.25,2020,6,6,29.23,0.76
9.25,74.75,2020,6,6,29.28,0.76
9.25,75.25,2020,6,6,29.29,1.55
9.25,75.75,2020,6,6,29.18,1.55
9.25,76.25,2020,6,6,28.76,3.09
9.25,76.75,2020,6,6,25.99,3.09
9.25,77.25,2020,6,6,25.66,4.93
9.75,74.25,2020,6,6,29.4,0.76
9.75,74.75,2020,6,6,29.41,0.76
9.75,75.25,2020,6,6,29.39,1.55
9.75,75.75,2020,6,6,29.15,1.55
9.75,76.25,2020,6,6,28.33,3.09
9.75,76.75,2020,6,6,24.87,3.09
9.75,77.25,2020,6,6,24.87,4.93
10.25,74.25,2020,6,6,29.52,0.57
10.25,74.75,2020,6,6,29.51,0.57
10.25,75.25,2020,6,6,29.42,2.82
10.25,75.75,2020,6,6,29,2.82
10.25,76.25,2020,6,6,27.76,3.9
10.25,76.75,2020,6,6,24.85,3.9
10.25,77.25,2020,6,6,25.31,5.04
10.75,74.25,2020,6,6,29.55,0.57
10.75,74.75,2020,6,6,29.56,0.57
10.75,75.25,2020,6,6,29.32,2.82
10.75,75.75,2020,6,6,28.52,2.82
10.75,76.25,2020,6,6,26.67,3.9
10.75,76.75,2020,6,6,25.52,3.9
10.75,77.25,2020,6,6,26.67,5.04
11.25,74.25,2020,6,6,29.56,2.04
11.25,74.75,2020,6,6,29.53,2.04
11.25,75.25,2020,6,6,28.9,4.22
11.25,75.75,2020,6,6,27.37,4.22
11.25,76.25,2020,6,6,24.85,4.17
11.25,76.75,2020,6,6,24.93,4.17
11.25,77.25,2020,6,6,26.73,4.96
11.75,74.25,2020,6,6,29.59,2.04
11.75,74.75,2020,6,6,29.31,2.04
11.75,75.25,2020,6,6,27.95,4.22
11.75,75.75,2020,6,6,25.71,4.22
11.75,76.25,2020,6,6,23.69,4.17
11.75,76.75,2020,6,6,24.31,4.17
11.75,77.25,2020,6,6,25.8,4.96
12.25,74.25,2020,6,6,29.6,5.01
12.25,74.75,2020,6,6,28.84,5.01
12.25,75.25,2020,6,6,26.79,5
12.25,75.75,2020,6,6,24.27,5
12.25,76.25,2020,6,6,23.49,5.49
12.25,76.75,2020,6,6,24.53,5.49
12.25,77.25,2020,6,6,25.23,5.97
12.75,74.25,2020,6,6,29.47,5.01
12.75,74.75,2020,6,6,28.31,5.01
12.75,75.25,2020,6,6,26,5
12.75,75.75,2020,6,6,23.64,5
12.75,76.25,2020,6,6,23.53,5.49
12.75,76.75,2020,6,6,24.59,5.49
12.75,77.25,2020,6,6,24.83,5.97
8.25,74.25,2020,6,7,29.23,0.99
8.25,74.75,2020,6,7,29.14,0.99
8.25,75.25,2020,6,7,29.02,1.3
8.25,75.75,2020,6,7,28.87,1.3
8.25,76.25,2020,6,7,28.68,2.33
8.25,76.75,2020,6,7,27.71,2.33
8.25,77.25,2020,6,7,26.81,3.6
8.75,74.25,2020,6,7,29.06,0.99
8.75,74.75,2020,6,7,28.94,0.99
8.75,75.25,2020,6,7,28.78,1.3
8.75,75.75,2020,6,7,28.59,1.3
8.75,76.25,2020,6,7,28.3,2.33
8.75,76.75,2020,6,7,26.28,2.33
8.75,77.25,2020,6,7,25.25,3.6
9.25,74.25,2020,6,7,28.93,1.29
9.25,74.75,2020,6,7,28.8,1.29
9.25,75.25,2020,6,7,28.66,0.99
9.25,75.75,2020,6,7,28.45,0.99
9.25,76.25,2020,6,7,28.03,2.5
9.25,76.75,2020,6,7,25.16,2.5
9.25,77.25,2020,6,7,24.57,4.1
9.75,74.25,2020,6,7,28.87,1.29
9.75,74.75,2020,6,7,28.74,1.29
9.75,75.25,2020,6,7,28.63,0.99
9.75,75.75,2020,6,7,28.37,0.99
9.75,76.25,2020,6,7,27.58,2.5
9.75,76.75,2020,6,7,24.12,2.5
9.75,77.25,2020,6,7,23.9,4.1
10.25,74.25,2020,6,7,28.85,2.14
10.25,74.75,2020,6,7,28.75,2.14
10.25,75.25,2020,6,7,28.64,2.2
10.25,75.75,2020,6,7,28.23,2.2
10.25,76.25,2020,6,7,26.99,3.9
10.25,76.75,2020,6,7,24.1,3.9
10.25,77.25,2020,6,7,24.34,5.29
10.75,74.25,2020,6,7,28.81,2.14
10.75,74.75,2020,6,7,28.81,2.14
10.75,75.25,2020,6,7,28.64,2.2
10.75,75.75,2020,6,7,27.93,2.2
10.75,76.25,2020,6,7,26.1,3.9
10.75,76.75,2020,6,7,24.93,3.9
10.75,77.25,2020,6,7,25.94,5.29
11.25,74.25,2020,6,7,28.77,4.23
11.25,74.75,2020,6,7,28.79,4.23
11.25,75.25,2020,6,7,28.33,4.5
11.25,75.75,2020,6,7,27.04,4.5
11.25,76.25,2020,6,7,24.68,5.07
11.25,76.75,2020,6,7,24.8,5.07
11.25,77.25,2020,6,7,26.7,5.4
11.75,74.25,2020,6,7,28.83,4.23
11.75,74.75,2020,6,7,28.64,4.23
11.75,75.25,2020,6,7,27.61,4.5
11.75,75.75,2020,6,7,25.77,4.5
11.75,76.25,2020,6,7,23.94,5.07
11.75,76.75,2020,6,7,24.58,5.07
11.75,77.25,2020,6,7,26.37,5.4
12.25,74.25,2020,6,7,28.95,5.51
12.25,74.75,2020,6,7,28.42,5.51
12.25,75.25,2020,6,7,26.78,4.89
12.25,75.75,2020,6,7,24.68,4.89
12.25,76.25,2020,6,7,24.03,5.66
12.25,76.75,2020,6,7,25.06,5.66
12.25,77.25,2020,6,7,26.16,5.5
12.75,74.25,2020,6,7,29,5.51
12.75,74.75,2020,6,7,28.17,5.51
12.75,75.25,2020,6,7,26.25,4.89
12.75,75.75,2020,6,7,24.18,4.89
12.75,76.25,2020,6,7,24.13,5.66
12.75,76.75,2020,6,7,25.24,5.66
12.75,77.25,2020,6,7,25.94,5.5
8.25,74.25,2020,6,8,28.81,6.63
8.25,74.75,2020,6,8,28.81,6.63
8.25,75.25,2020,6,8,28.87,6.55
8.25,75.75,2020,6,8,28.94,6.55
8.25,76.25,2020,6,8,28.97,6.17
8.25,76.75,2020,6,8,28.25,6.17
8.25,77.25,2020,6,8,27.84,5.58
8.75,74.25,2020,6,8,28.74,6.63
8.75,74.75,2020,6,8,28.8,6.63
8.75,75.25,2020,6,8,28.89,6.55
8.75,75.75,2020,6,8,28.9,6.55
8.75,76.25,2020,6,8,28.72,6.17
8.75,76.75,2020,6,8,27.27,6.17
8.75,77.25,2020,6,8,27,5.58
9.25,74.25,2020,6,8,28.77,5.85
9.25,74.75,2020,6,8,28.9,5.85
9.25,75.25,2020,6,8,28.97,5.92
9.25,75.75,2020,6,8,28.86,5.92
9.25,76.25,2020,6,8,28.49,5.86
9.25,76.75,2020,6,8,26.33,5.86
9.25,77.25,2020,6,8,26.45,5.56
9.75,74.25,2020,6,8,28.86,5.85
9.75,74.75,2020,6,8,28.98,5.85
9.75,75.25,2020,6,8,29.01,5.92
9.75,75.75,2020,6,8,28.78,5.92
9.75,76.25,2020,6,8,28.13,5.86
9.75,76.75,2020,6,8,25.09,5.86
9.75,77.25,2020,6,8,25.31,5.56
10.25,74.25,2020,6,8,28.92,4.95
10.25,74.75,2020,6,8,29.02,4.95
10.25,75.25,2020,6,8,28.99,5.32
10.25,75.75,2020,6,8,28.63,5.32
10.25,76.25,2020,6,8,27.69,5.69
10.25,76.75,2020,6,8,24.96,5.69
10.25,77.25,2020,6,8,25.3,5.69
10.75,74.25,2020,6,8,28.97,4.95
10.75,74.75,2020,6,8,29.07,4.95
10.75,75.25,2020,6,8,28.91,5.32
10.75,75.75,2020,6,8,28.23,5.32
10.75,76.25,2020,6,8,26.72,5.69
10.75,76.75,2020,6,8,25.7,5.69
10.75,77.25,2020,6,8,26.78,5.69
11.25,74.25,2020,6,8,29.08,4.79
11.25,74.75,2020,6,8,29.08,4.79
11.25,75.25,2020,6,8,28.55,5.34
11.25,75.75,2020,6,8,27.24,5.34
11.25,76.25,2020,6,8,24.99,5.81
11.25,76.75,2020,6,8,25.29,5.81
11.25,77.25,2020,6,8,27.42,5.99
11.75,74.25,2020,6,8,29.21,4.79
11.75,74.75,2020,6,8,28.91,4.79
11.75,75.25,2020,6,8,27.71,5.34
11.75,75.75,2020,6,8,25.76,5.34
11.75,76.25,2020,6,8,23.91,5.81
11.75,76.75,2020,6,8,24.82,5.81
11.75,77.25,2020,6,8,26.86,5.99
12.25,74.25,2020,6,8,29.26,5.36
12.25,74.75,2020,6,8,28.59,5.36
12.25,75.25,2020,6,8,26.72,5.13
12.25,75.75,2020,6,8,24.38,5.13
12.25,76.25,2020,6,8,23.59,6.16
12.25,76.75,2020,6,8,24.96,6.16
12.25,77.25,2020,6,8,26.2,6.48
12.75,74.25,2020,6,8,29.13,5.36
12.75,74.75,2020,6,8,28.19,5.36
12.75,75.25,2020,6,8,26.1,5.13
12.75,75.75,2020,6,8,23.78,5.13
12.75,76.25,2020,6,8,23.44,6.16
12.75,76.75,2020,6,8,24.73,6.16
12.75,77.25,2020,6,8,25.42,6.48
8.25,74.25,2020,6,9,29.01,6.16
8.25,74.75,2020,6,9,28.91,6.16
8.25,75.25,2020,6,9,28.85,6.17
8.25,75.75,2020,6,9,28.82,6.17
8.25,76.25,2020,6,9,28.79,6.12
8.25,76.75,2020,6,9,28.08,6.12
8.25,77.25,2020,6,9,27.69,6.14
8.75,74.25,2020,6,9,28.88,6.16
8.75,74.75,2020,6,9,28.85,6.16
8.75,75.25,2020,6,9,28.83,6.17
8.75,75.75,2020,6,9,28.8,6.17
8.75,76.25,2020,6,9,28.65,6.12
8.75,76.75,2020,6,9,27.19,6.12
8.75,77.25,2020,6,9,26.81,6.14
9.25,74.25,2020,6,9,28.8,5.47
9.25,74.75,2020,6,9,28.85,5.47
9.25,75.25,2020,6,9,28.88,4.56
9.25,75.75,2020,6,9,28.79,4.56
9.25,76.25,2020,6,9,28.48,4.49
9.25,76.75,2020,6,9,26.24,4.49
9.25,77.25,2020,6,9,26.23,5.63
9.75,74.25,2020,6,9,28.8,5.47
9.75,74.75,2020,6,9,28.88,5.47
9.75,75.25,2020,6,9,28.9,4.56
9.75,75.75,2020,6,9,28.7,4.56
9.75,76.25,2020,6,9,27.99,4.49
9.75,76.75,2020,6,9,24.9,4.49
9.75,77.25,2020,6,9,25.01,5.63
10.25,74.25,2020,6,9,28.79,3.78
10.25,74.75,2020,6,9,28.88,3.78
10.25,75.25,2020,6,9,28.87,4.26
10.25,75.75,2020,6,9,28.48,4.26
10.25,76.25,2020,6,9,27.3,5.03
10.25,76.75,2020,6,9,24.52,5.03
10.25,77.25,2020,6,9,24.87,5.86
10.75,74.25,2020,6,9,28.79,3.78
10.75,74.75,2020,6,9,28.91,3.78
10.75,75.25,2020,6,9,28.75,4.26
10.75,75.75,2020,6,9,27.94,4.26
10.75,76.25,2020,6,9,26.13,5.03
10.75,76.75,2020,6,9,25.1,5.03
10.75,77.25,2020,6,9,26.41,5.86
11.25,74.25,2020,6,9,28.8,3.25
11.25,74.75,2020,6,9,28.89,3.25
11.25,75.25,2020,6,9,28.35,5.26
11.25,75.75,2020,6,9,26.88,5.26
11.25,76.25,2020,6,9,24.46,5.56
11.25,76.75,2020,6,9,24.85,5.56
11.25,77.25,2020,6,9,27.16,6.13
11.75,74.25,2020,6,9,28.79,3.25
11.75,74.75,2020,6,9,28.66,3.25
11.75,75.25,2020,6,9,27.5,5.26
11.75,75.75,2020,6,9,25.48,5.26
11.75,76.25,2020,6,9,23.69,5.56
11.75,76.75,2020,6,9,24.69,5.56
11.75,77.25,2020,6,9,26.68,6.13
12.25,74.25,2020,6,9,28.71,4.46
12.25,74.75,2020,6,9,28.23,4.46
12.25,75.25,2020,6,9,26.49,4.49
12.25,75.75,2020,6,9,24.22,4.49
12.25,76.25,2020,6,9,23.67,5.73
12.25,76.75,2020,6,9,25.03,5.73
12.25,77.25,2020,6,9,26.18,6.04
12.75,74.25,2020,6,9,28.56,4.46
12.75,74.75,2020,6,9,27.82,4.46
12.75,75.25,2020,6,9,25.85,4.49
12.75,75.75,2020,6,9,23.64,4.49
12.75,76.25,2020,6,9,23.55,5.73
12.75,76.75,2020,6,9,24.83,5.73
12.75,77.25,2020,6,9,25.55,6.04
8.25,74.25,2020,6,10,28.85,4.05
8.25,74.75,2020,6,10,28.85,4.05
8.25,75.25,2020,6,10,28.88,3.25
8.25,75.75,2020,6,10,28.93,3.25
8.25,76.25,2020,6,10,29,3.33
8.25,76.75,2020,6,10,28.26,3.33
8.25,77.25,2020,6,10,27.73,5.12
8.75,74.25,2020,6,10,28.91,4.05
8.75,74.75,2020,6,10,28.95,4.05
8.75,75.25,2020,6,10,29.01,3.25
8.75,75.75,2020,6,10,29.02,3.25
8.75,76.25,2020,6,10,28.85,3.33
8.75,76.75,2020,6,10,27.25,3.33
8.75,77.25,2020,6,10,26.7,5.12
9.25,74.25,2020,6,10,28.95,2.78
9.25,74.75,2020,6,10,29.05,2.78
9.25,75.25,2020,6,10,29.1,2.86
9.25,75.75,2020,6,10,28.97,2.86
9.25,76.25,2020,6,10,28.47,3.36
9.25,76.75,2020,6,10,26.07,3.36
9.25,77.25,2020,6,10,26.03,4.99
9.75,74.25,2020,6,10,29.01,2.78
9.75,74.75,2020,6,10,29.1,2.78
9.75,75.25,2020,6,10,29.06,2.86
9.75,75.75,2020,6,10,28.72,2.86
9.75,76.25,2020,6,10,27.8,3.36
9.75,76.75,2020,6,10,24.61,3.36
9.75,77.25,2020,6,10,24.83,4.99
10.25,74.25,2020,6,10,29.08,3.62
10.25,74.75,2020,6,10,29.1,3.62
10.25,75.25,2020,6,10,28.92,3.62
10.25,75.75,2020,6,10,28.36,3.62
10.25,76.25,2020,6,10,27.12,4.89
10.25,76.75,2020,6,10,24.33,4.89
10.25,77.25,2020,6,10,24.83,5.41
10.75,74.25,2020,6,10,29.09,3.62
10.75,74.75,2020,6,10,29.07,3.62
10.75,75.25,2020,6,10,28.73,3.62
10.75,75.75,2020,6,10,27.79,3.62
10.75,76.25,2020,6,10,25.99,4.89
10.75,76.75,2020,6,10,24.94,4.89
10.75,77.25,2020,6,10,26.43,5.41
11.25,74.25,2020,6,10,29.02,4.32
11.25,74.75,2020,6,10,28.97,4.32
11.25,75.25,2020,6,10,28.32,4.11
11.25,75.75,2020,6,10,26.78,4.11
11.25,76.25,2020,6,10,24.23,4.77
11.25,76.75,2020,6,10,24.46,4.77
11.25,77.25,2020,6,10,27.01,5.11
11.75,74.25,2020,6,10,28.9,4.32
11.75,74.75,2020,6,10,28.67,4.32
11.75,75.25,2020,6,10,27.51,4.11
11.75,75.75,2020,6,10,25.49,4.11
11.75,76.25,2020,6,10,23.42,4.77
11.75,76.75,2020,6,10,24.16,4.77
11.75,77.25,2020,6,10,26.44,5.11
12.25,74.25,2020,6,10,28.81,3.24
12.25,74.75,2020,6,10,28.26,3.24
12.25,75.25,2020,6,10,26.6,3.59
12.25,75.75,2020,6,10,24.43,3.59
12.25,76.25,2020,6,10,23.58,4.96
12.25,76.75,2020,6,10,24.74,4.96
12.25,77.25,2020,6,10,26.08,5.29
12.75,74.25,2020,6,10,28.76,3.24
12.75,74.75,2020,6,10,27.94,3.24
12.75,75.25,2020,6,10,26.1,3.59
12.75,75.75,2020,6,10,24.03,3.59
12.75,76.25,2020,6,10,23.72,4.96
12.75,76.75,2020,6,10,24.95,4.96
12.75,77.25,2020,6,10,25.74,5.29
8.25,74.25,2020,6,11,29.29,2.73
8.25,74.75,2020,6,11,29.29,2.73
8.25,75.25,2020,6,11,29.24,1.51
8.25,75.75,2020,6,11,29.16,1.51
8.25,76.25,2020,6,11,29.08,2.88
8.25,76.75,2020,6,11,28.16,2.88
8.25,77.25,2020,6,11,27.66,3.61
8.75,74.25,2020,6,11,29.31,2.73
8.75,74.75,2020,6,11,29.36,2.73
8.75,75.25,2020,6,11,29.33,1.51
8.75,75.75,2020,6,11,29.16,1.51
8.75,76.25,2020,6,11,28.81,2.88
8.75,76.75,2020,6,11,26.76,2.88
8.75,77.25,2020,6,11,26.2,3.61
9.25,74.25,2020,6,11,29.26,1.82
9.25,74.75,2020,6,11,29.35,1.82
9.25,75.25,2020,6,11,29.34,2.14
9.25,75.75,2020,6,11,29.14,2.14
9.25,76.25,2020,6,11,28.61,3.68
9.25,76.75,2020,6,11,25.62,3.68
9.25,77.25,2020,6,11,25.4,3.69
9.75,74.25,2020,6,11,29.21,1.82
9.75,74.75,2020,6,11,29.29,1.82
9.75,75.25,2020,6,11,29.29,2.14
9.75,75.75,2020,6,11,29.04,2.14
9.75,76.25,2020,6,11,28.22,3.68
9.75,76.75,2020,6,11,24.42,3.68
9.75,77.25,2020,6,11,24.34,3.69
10.25,74.25,2020,6,11,29.1,2.18
10.25,74.75,2020,6,11,29.17,2.18
10.25,75.25,2020,6,11,29.12,3.32
10.25,75.75,2020,6,11,28.72,3.32
10.25,76.25,2020,6,11,27.59,4.24
10.25,76.75,2020,6,11,24.35,4.24
10.25,77.25,2020,6,11,24.51,4.7
10.75,74.25,2020,6,11,28.79,2.18
10.75,74.75,2020,6,11,28.88,2.18
10.75,75.25,2020,6,11,28.73,3.32
10.75,75.75,2020,6,11,28.01,3.32
10.75,76.25,2020,6,11,26.31,4.24
10.75,76.75,2020,6,11,25.09,4.24
10.75,77.25,2020,6,11,26.08,4.7
11.25,74.25,2020,6,11,28.34,3.44
11.25,74.75,2020,6,11,28.34,3.44
11.25,75.25,2020,6,11,27.89,4.39
11.25,75.75,2020,6,11,26.59,4.39
11.25,76.25,2020,6,11,24.21,4.05
11.25,76.75,2020,6,11,24.41,4.05
11.25,77.25,2020,6,11,26.48,4
11.75,74.25,2020,6,11,28.06,3.44
11.75,74.75,2020,6,11,27.67,3.44
11.75,75.25,2020,6,11,26.58,4.39
11.75,75.75,2020,6,11,24.75,4.39
11.75,76.25,2020,6,11,22.93,4.05
11.75,76.75,2020,6,11,23.64,4.05
11.75,77.25,2020,6,11,25.63,4
12.25,74.25,2020,6,11,28.08,3.89
12.25,74.75,2020,6,11,27.17,3.89
12.25,75.25,2020,6,11,25.34,4.28
12.25,75.75,2020,6,11,23.23,4.28
12.25,76.25,2020,6,11,22.64,4.54
12.25,76.75,2020,6,11,23.8,4.54
12.25,77.25,2020,6,11,24.94,4.2
12.75,74.25,2020,6,11,28.24,3.89
12.75,74.75,2020,6,11,27.03,3.89
12.75,75.25,2020,6,11,24.89,4.28
12.75,75.75,2020,6,11,22.77,4.28
12.75,76.25,2020,6,11,22.63,4.54
12.75,76.75,2020,6,11,23.74,4.54
12.75,77.25,2020,6,11,24.21,4.2
8.25,74.25,2020,6,12,29.23,4.99
8.25,74.75,2020,6,12,29.28,4.99
8.25,75.25,2020,6,12,29.28,5.21
8.25,75.75,2020,6,12,29.24,5.21
8.25,76.25,2020,6,12,29.14,5.83
8.25,76.75,2020,6,12,28.18,5.83
8.25,77.25,2020,6,12,27.4,5.8
8.75,74.25,2020,6,12,29.33,4.99
8.75,74.75,2020,6,12,29.36,4.99
8.75,75.25,2020,6,12,29.33,5.21
8.75,75.75,2020,6,12,29.18,5.21
8.75,76.25,2020,6,12,28.85,5.83
8.75,76.75,2020,6,12,26.85,5.83
8.75,77.25,2020,6,12,26.01,5.8
9.25,74.25,2020,6,12,29.41,3.51
9.25,74.75,2020,6,12,29.41,3.51
9.25,75.25,2020,6,12,29.33,3.84
9.25,75.75,2020,6,12,29.06,3.84
9.25,76.25,2020,6,12,28.45,4.62
9.25,76.75,2020,6,12,25.41,4.62
9.25,77.25,2020,6,12,25.03,5.05
9.75,74.25,2020,6,12,29.21,3.51
9.75,74.75,2020,6,12,29.19,3.51
9.75,75.25,2020,6,12,29.08,3.84
9.75,75.75,2020,6,12,28.7,3.84
9.75,76.25,2020,6,12,27.69,4.62
9.75,76.75,2020,6,12,23.86,4.62
9.75,77.25,2020,6,12,23.89,5.05
10.25,74.25,2020,6,12,28.91,2.71
10.25,74.75,2020,6,12,28.88,2.71
10.25,75.25,2020,6,12,28.75,2.78
10.25,75.75,2020,6,12,28.24,2.78
10.25,76.25,2020,6,12,26.92,2.96
10.25,76.75,2020,6,12,23.74,2.96
10.25,77.25,2020,6,12,24.19,3.98
10.75,74.25,2020,6,12,28.86,2.71
10.75,74.75,2020,6,12,28.81,2.71
10.75,75.25,2020,6,12,28.52,2.78
10.75,75.75,2020,6,12,27.65,2.78
10.75,76.25,2020,6,12,25.77,2.96
10.75,76.75,2020,6,12,24.65,2.96
10.75,77.25,2020,6,12,25.89,3.98
11.25,74.25,2020,6,12,29.03,4.86
11.25,74.75,2020,6,12,28.9,4.86
11.25,75.25,2020,6,12,28.21,4.82
11.25,75.75,2020,6,12,26.6,4.82
11.25,76.25,2020,6,12,23.94,4.27
11.25,76.75,2020,6,12,24.14,4.27
11.25,77.25,2020,6,12,26.3,4.53
11.75,74.25,2020,6,12,29.19,4.86
11.75,74.75,2020,6,12,28.77,4.86
11.75,75.25,2020,6,12,27.33,4.82
11.75,75.75,2020,6,12,25.01,4.82
11.75,76.25,2020,6,12,22.81,4.27
11.75,76.75,2020,6,12,23.4,4.27
11.75,77.25,2020,6,12,25.43,4.53
12.25,74.25,2020,6,12,29.16,3.26
12.25,74.75,2020,6,12,28.24,3.26
12.25,75.25,2020,6,12,26.03,4.03
12.25,75.75,2020,6,12,23.37,4.03
12.25,76.25,2020,6,12,22.45,4.44
12.25,76.75,2020,6,12,23.44,4.44
12.25,77.25,2020,6,12,24.69,4.31
12.75,74.25,2020,6,12,28.91,3.26
12.75,74.75,2020,6,12,27.57,3.26
12.75,75.25,2020,6,12,25.08,4.03
12.75,75.75,2020,6,12,22.53,4.03
12.75,76.25,2020,6,12,22.18,4.44
12.75,76.75,2020,6,12,23.23,4.44
12.75,77.25,2020,6,12,23.88,4.31
8.25,74.25,2020,6,13,28.6,5.26
8.25,74.75,2020,6,13,28.73,5.26
8.25,75.25,2020,6,13,28.89,5.65
8.25,75.75,2020,6,13,29.02,5.65
8.25,76.25,2020,6,13,29.08,5.77
8.25,76.75,2020,6,13,28.28,5.77
8.25,77.25,2020,6,13,27.61,5.94
8.75,74.25,2020,6,13,28.78,5.26
8.75,74.75,2020,6,13,28.9,5.26
8.75,75.25,2020,6,13,29.02,5.65
8.75,75.75,2020,6,13,29.06,5.65
8.75,76.25,2020,6,13,28.9,5.77
8.75,76.75,2020,6,13,27.09,5.77
8.75,77.25,2020,6,13,26.33,5.94
9.25,74.25,2020,6,13,29.05,5.42
9.25,74.75,2020,6,13,29.11,5.42
9.25,75.25,2020,6,13,29.16,5.29
9.25,75.75,2020,6,13,29.08,5.29
9.25,76.25,2020,6,13,28.7,5.61
9.25,76.75,2020,6,13,25.98,5.61
9.25,77.25,2020,6,13,25.64,5.38
9.75,74.25,2020,6,13,29.34,5.42
9.75,74.75,2020,6,13,29.35,5.42
9.75,75.25,2020,6,13,29.31,5.29
9.75,75.75,2020,6,13,29.04,5.29
9.75,76.25,2020,6,13,28.31,5.61
9.75,76.75,2020,6,13,24.79,5.61
9.75,77.25,2020,6,13,24.81,5.38
10.25,74.25,2020,6,13,29.6,4.39
10.25,74.75,2020,6,13,29.55,4.39
10.25,75.25,2020,6,13,29.37,4.52
10.25,75.75,2020,6,13,28.87,4.52
10.25,76.25,2020,6,13,27.76,4.25
10.25,76.75,2020,6,13,24.77,4.25
10.25,77.25,2020,6,13,25.21,5.19
10.75,74.25,2020,6,13,29.71,4.39
10.75,74.75,2020,6,13,29.63,4.39
10.75,75.25,2020,6,13,29.27,4.52
10.75,75.75,2020,6,13,28.37,4.52
10.75,76.25,2020,6,13,26.61,4.25
10.75,76.75,2020,6,13,25.54,4.25
10.75,77.25,2020,6,13,26.81,5.19
11.25,74.25,2020,6,13,29.63,1.93
11.25,74.75,2020,6,13,29.51,1.93
11.25,75.25,2020,6,13,28.8,2.92
11.25,75.75,2020,6,13,27.19,2.92
11.25,76.25,2020,6,13,24.6,4.58
11.25,76.75,2020,6,13,24.85,4.58
11.25,77.25,2020,6,13,27.13,5.47
11.75,74.25,2020,6,13,29.46,1.93
11.75,74.75,2020,6,13,29.16,1.93
11.75,75.25,2020,6,13,27.79,2.92
11.75,75.75,2020,6,13,25.49,2.92
11.75,76.25,2020,6,13,23.31,4.58
11.75,76.75,2020,6,13,24.01,4.58
11.75,77.25,2020,6,13,26.2,5.47
12.25,74.25,2020,6,13,29.32,3.09
12.25,74.75,2020,6,13,28.57,3.09
12.25,75.25,2020,6,13,26.51,3.22
12.25,75.75,2020,6,13,23.92,3.22
12.25,76.25,2020,6,13,22.98,4.06
12.25,76.75,2020,6,13,24.08,4.06
12.25,77.25,2020,6,13,25.48,5.07
12.75,74.25,2020,6,13,29.21,3.09
12.75,74.75,2020,6,13,28,3.09
12.75,75.25,2020,6,13,25.62,3.22
12.75,75.75,2020,6,13,23.13,3.22
12.75,76.25,2020,6,13,22.83,4.06
12.75,76.75,2020,6,13,23.97,4.06
12.75,77.25,2020,6,13,24.8,5.07
8.25,74.25,2020,6,14,29.46,4.15
8.25,74.75,2020,6,14,29.36,4.15
8.25,75.25,2020,6,14,29.28,4.2
8.25,75.75,2020,6,14,29.18,4.2
8.25,76.25,2020,6,14,29.03,5.25
8.25,76.75,2020,6,14,28.24,5.25
8.25,77.25,2020,6,14,27.73,5.61
8.75,74.25,2020,6,14,29.39,4.15
8.75,74.75,2020,6,14,29.32,4.15
8.75,75.25,2020,6,14,29.24,4.2
8.75,75.75,2020,6,14,29.11,4.2
8.75,76.25,2020,6,14,28.85,5.25
8.75,76.75,2020,6,14,27.23,5.25
8.75,77.25,2020,6,14,26.77,5.61
9.25,74.25,2020,6,14,29.34,4.24
9.25,74.75,2020,6,14,29.3,4.24
9.25,75.25,2020,6,14,29.23,3.79
9.25,75.75,2020,6,14,29.05,3.79
9.25,76.25,2020,6,14,28.65,4.5
9.25,76.75,2020,6,14,26.22,4.5
9.25,77.25,2020,6,14,26.22,5.3
9.75,74.25,2020,6,14,29.43,4.24
9.75,74.75,2020,6,14,29.38,4.24
9.75,75.25,2020,6,14,29.26,3.79
9.75,75.75,2020,6,14,28.95,3.79
9.75,76.25,2020,6,14,28.22,4.5
9.75,76.75,2020,6,14,24.96,4.5
9.75,77.25,2020,6,14,25.16,5.3
10.25,74.25,2020,6,14,29.57,2.85
10.25,74.75,2020,6,14,29.48,2.85
10.25,75.25,2020,6,14,29.25,2.69
10.25,75.75,2020,6,14,28.71,2.69
10.25,76.25,2020,6,14,27.6,4.17
10.25,76.75,2020,6,14,24.77,4.17
10.25,77.25,2020,6,14,25.19,5.4
10.75,74.25,2020,6,14,29.58,2.85
10.75,74.75,2020,6,14,29.48,2.85
10.75,75.25,2020,6,14,29.1,2.69
10.75,75.75,2020,6,14,28.18,2.69
10.75,76.25,2020,6,14,26.43,4.17
10.75,76.75,2020,6,14,25.4,4.17
10.75,77.25,2020,6,14,26.66,5.4
11.25,74.25,2020,6,14,29.45,1.98
11.25,74.75,2020,6,14,29.32,1.98
11.25,75.25,2020,6,14,28.62,2.09
11.25,75.75,2020,6,14,27.06,2.09
11.25,76.25,2020,6,14,24.52,3.85
11.25,76.75,2020,6,14,24.68,3.85
11.25,77.25,2020,6,14,26.97,5.64
11.75,74.25,2020,6,14,29.23,1.98
11.75,74.75,2020,6,14,28.9,1.98
11.75,75.25,2020,6,14,27.6,2.09
11.75,75.75,2020,6,14,25.44,2.09
11.75,76.25,2020,6,14,23.31,3.85
11.75,76.75,2020,6,14,23.81,3.85
11.75,77.25,2020,6,14,25.95,5.64
12.25,74.25,2020,6,14,29.03,1.65
12.25,74.75,2020,6,14,28.3,1.65
12.25,75.25,2020,6,14,26.35,2.46
12.25,75.75,2020,6,14,23.88,2.46
12.25,76.25,2020,6,14,22.95,4.47
12.25,76.75,2020,6,14,23.8,4.47
12.25,77.25,2020,6,14,25.13,5.42
12.75,74.25,2020,6,14,28.89,1.65
12.75,74.75,2020,6,14,27.8,1.65
12.75,75.25,2020,6,14,25.53,2.46
12.75,75.75,2020,6,14,23.08,2.46
12.75,76.25,2020,6,14,22.71,4.47
12.75,76.75,2020,6,14,23.59,4.47
12.75,77.25,2020,6,14,24.34,5.42
8.25,74.25,2020,6,15,29.65,6.14
8.25,74.75,2020,6,15,29.63,6.14
8.25,75.25,2020,6,15,29.58,5.8
8.25,75.75,2020,6,15,29.44,5.8
8.25,76.25,2020,6,15,29.12,5.97
8.25,76.75,2020,6,15,28.34,5.97
8.25,77.25,2020,6,15,27.95,6.27
8.75,74.25,2020,6,15,29.67,6.14
8.75,74.75,2020,6,15,29.62,6.14
8.75,75.25,2020,6,15,29.52,5.8
8.75,75.75,2020,6,15,29.3,5.8
8.75,76.25,2020,6,15,28.87,5.97
8.75,76.75,2020,6,15,27.5,5.97
8.75,77.25,2020,6,15,27.18,6.27
9.25,74.25,2020,6,15,29.63,5.4
9.25,74.75,2020,6,15,29.55,5.4
9.25,75.25,2020,6,15,29.4,5.28
9.25,75.75,2020,6,15,29.12,5.28
9.25,76.25,2020,6,15,28.65,5.65
9.25,76.75,2020,6,15,26.59,5.65
9.25,77.25,2020,6,15,26.69,6.2
9.75,74.25,2020,6,15,29.59,5.4
9.75,74.75,2020,6,15,29.5,5.4
9.75,75.25,2020,6,15,29.3,5.28
9.75,75.75,2020,6,15,28.92,5.28
9.75,76.25,2020,6,15,28.2,5.65
9.75,76.75,2020,6,15,25.43,5.65
9.75,77.25,2020,6,15,25.79,6.2
10.25,74.25,2020,6,15,29.6,5.21
10.25,74.75,2020,6,15,29.48,5.21
10.25,75.25,2020,6,15,29.21,5.46
10.25,75.75,2020,6,15,28.65,5.46
10.25,76.25,2020,6,15,27.65,5.12
10.25,76.75,2020,6,15,25.21,5.12
10.25,77.25,2020,6,15,25.79,5.81
10.75,74.25,2020,6,15,29.57,5.21
10.75,74.75,2020,6,15,29.41,5.21
10.75,75.25,2020,6,15,29,5.46
10.75,75.75,2020,6,15,28.15,5.46
10.75,76.25,2020,6,15,26.62,5.12
10.75,76.75,2020,6,15,25.77,5.12
10.75,77.25,2020,6,15,27.06,5.81
11.25,74.25,2020,6,15,29.46,2.9
11.25,74.75,2020,6,15,29.24,2.9
11.25,75.25,2020,6,15,28.56,3.8
11.25,75.75,2020,6,15,27.18,3.8
11.25,76.25,2020,6,15,24.97,4.66
11.25,76.75,2020,6,15,25.31,4.66
11.25,77.25,2020,6,15,27.56,5.84
11.75,74.25,2020,6,15,29.28,2.9
11.75,74.75,2020,6,15,28.88,2.9
11.75,75.25,2020,6,15,27.69,3.8
11.75,75.75,2020,6,15,25.84,3.8
11.75,76.25,2020,6,15,24.04,4.66
11.75,76.75,2020,6,15,24.82,4.66
11.75,77.25,2020,6,15,26.97,5.84
12.25,74.25,2020,6,15,29.11,3.31
12.25,74.75,2020,6,15,28.39,3.31
12.25,75.25,2020,6,15,26.66,3.85
12.25,75.75,2020,6,15,24.58,3.85
12.25,76.25,2020,6,15,23.92,4.91
12.25,76.75,2020,6,15,25.11,4.91
12.25,77.25,2020,6,15,26.49,5.69
12.75,74.25,2020,6,15,28.96,3.31
12.75,74.75,2020,6,15,28.01,3.31
12.75,75.25,2020,6,15,26.07,3.85
12.75,75.75,2020,6,15,24.02,3.85
12.75,76.25,2020,6,15,23.88,4.91
12.75,76.75,2020,6,15,25.08,4.91
12.75,77.25,2020,6,15,25.95,5.69
8.25,74.25,2020,6,16,29.54,5.41
8.25,74.75,2020,6,16,29.54,5.41
8.25,75.25,2020,6,16,29.49,5.56
8.25,75.75,2020,6,16,29.32,5.56
8.25,76.25,2020,6,16,28.91,5.78
8.25,76.75,2020,6,16,28.04,5.78
8.25,77.25,2020,6,16,27.55,6.32
8.75,74.25,2020,6,16,29.57,5.41
8.75,74.75,2020,6,16,29.55,5.41
8.75,75.25,2020,6,16,29.44,5.56
8.75,75.75,2020,6,16,29.18,5.56
8.75,76.25,2020,6,16,28.65,5.78
8.75,76.75,2020,6,16,27.24,5.78
8.75,77.25,2020,6,16,26.78,6.32
9.25,74.25,2020,6,16,29.53,3.84
9.25,74.75,2020,6,16,29.47,3.84
9.25,75.25,2020,6,16,29.31,4.13
9.25,75.75,2020,6,16,28.99,4.13
9.25,76.25,2020,6,16,28.48,5.03
9.25,76.75,2020,6,16,26.41,5.03
9.25,77.25,2020,6,16,26.33,5.24
9.75,74.25,2020,6,16,29.48,3.84
9.75,74.75,2020,6,16,29.36,3.84
9.75,75.25,2020,6,16,29.14,4.13
9.75,75.75,2020,6,16,28.75,4.13
9.75,76.25,2020,6,16,28.1,5.03
9.75,76.75,2020,6,16,25.31,5.03
9.75,77.25,2020,6,16,25.53,5.24
10.25,74.25,2020,6,16,29.45,3.08
10.25,74.75,2020,6,16,29.3,3.08
10.25,75.25,2020,6,16,29,4.22
10.25,75.75,2020,6,16,28.45,4.22
10.25,76.25,2020,6,16,27.5,4.55
10.25,76.75,2020,6,16,25.06,4.55
10.25,77.25,2020,6,16,25.73,5.13
10.75,74.25,2020,6,16,29.45,3.08
10.75,74.75,2020,6,16,29.24,3.08
10.75,75.25,2020,6,16,28.8,4.22
10.75,75.75,2020,6,16,27.93,4.22
10.75,76.25,2020,6,16,26.39,4.55
10.75,76.75,2020,6,16,25.41,4.55
10.75,77.25,2020,6,16,26.94,5.13
11.25,74.25,2020,6,16,29.42,3.25
11.25,74.75,2020,6,16,29.14,3.25
11.25,75.25,2020,6,16,28.41,4.13
11.25,75.75,2020,6,16,27.01,4.13
11.25,76.25,2020,6,16,24.77,4.72
11.25,76.75,2020,6,16,24.79,4.72
11.25,77.25,2020,6,16,27.18,5.65
11.75,74.25,2020,6,16,29.35,3.25
11.75,74.75,2020,6,16,28.91,3.25
11.75,75.25,2020,6,16,27.72,4.13
11.75,75.75,2020,6,16,25.86,4.13
11.75,76.25,2020,6,16,23.93,4.72
11.75,76.75,2020,6,16,24.36,4.72
11.75,77.25,2020,6,16,26.51,5.65
12.25,74.25,2020,6,16,29.18,2.82
12.25,74.75,2020,6,16,28.51,2.82
12.25,75.25,2020,6,16,26.88,3.72
12.25,75.75,2020,6,16,24.85,3.72
12.25,76.25,2020,6,16,23.99,4.56
12.25,76.75,2020,6,16,24.82,4.56
12.25,77.25,2020,6,16,26.08,5.17
12.75,74.25,2020,6,16,28.94,2.82
12.75,74.75,2020,6,16,28.12,2.82
12.75,75.25,2020,6,16,26.33,3.72
12.75,75.75,2020,6,16,24.37,3.72
12.75,76.25,2020,6,16,24.1,4.56
12.75,76.75,2020,6,16,25.03,4.56
12.75,77.25,2020,6,16,25.68,5.17
8.25,74.25,2020,6,17,29.24,5.46
8.25,74.75,2020,6,17,29.25,5.46
8.25,75.25,2020,6,17,29.23,5.73
8.25,75.75,2020,6,17,29.11,5.73
8.25,76.25,2020,6,17,28.8,5.54
8.25,76.75,2020,6,17,27.84,5.54
8.25,77.25,2020,6,17,27.34,5.67
8.75,74.25,2020,6,17,29.1,5.46
8.75,74.75,2020,6,17,29.11,5.46
8.75,75.25,2020,6,17,29.08,5.73
8.75,75.75,2020,6,17,28.94,5.73
8.75,76.25,2020,6,17,28.56,5.54
8.75,76.75,2020,6,17,26.83,5.54
8.75,77.25,2020,6,17,26.42,5.67
9.25,74.25,2020,6,17,28.94,4.48
9.25,74.75,2020,6,17,28.94,4.48
9.25,75.25,2020,6,17,28.88,4.66
9.25,75.75,2020,6,17,28.68,4.66
9.25,76.25,2020,6,17,28.19,4.94
9.25,76.75,2020,6,17,25.8,4.94
9.25,77.25,2020,6,17,25.8,5.46
9.75,74.25,2020,6,17,28.86,4.48
9.75,74.75,2020,6,17,28.82,4.48
9.75,75.25,2020,6,17,28.7,4.66
9.75,75.75,2020,6,17,28.38,4.66
9.75,76.25,2020,6,17,27.63,4.94
9.75,76.75,2020,6,17,24.48,4.94
9.75,77.25,2020,6,17,24.77,5.46
10.25,74.25,2020,6,17,28.82,4.68
10.25,74.75,2020,6,17,28.74,4.68
10.25,75.25,2020,6,17,28.55,4.05
10.25,75.75,2020,6,17,28.05,4.05
10.25,76.25,2020,6,17,26.97,4.22
10.25,76.75,2020,6,17,24.22,4.22
10.25,77.25,2020,6,17,24.91,5.41
10.75,74.25,2020,6,17,28.81,4.68
10.75,74.75,2020,6,17,28.69,4.68
10.75,75.25,2020,6,17,28.35,4.05
10.75,75.75,2020,6,17,27.53,4.05
10.75,76.25,2020,6,17,25.89,4.22
10.75,76.75,2020,6,17,24.83,4.22
10.75,77.25,2020,6,17,26.32,5.41
11.25,74.25,2020,6,17,28.84,3.21
11.25,74.75,2020,6,17,28.65,3.21
11.25,75.25,2020,6,17,28,3.35
11.25,75.75,2020,6,17,26.6,3.35
11.25,76.25,2020,6,17,24.3,3.76
11.25,76.75,2020,6,17,24.33,3.76
11.25,77.25,2020,6,17,26.7,5.03
11.75,74.25,2020,6,17,28.88,3.21
11.75,74.75,2020,6,17,28.46,3.21
11.75,75.25,2020,6,17,27.27,3.35
11.75,75.75,2020,6,17,25.35,3.35
11.75,76.25,2020,6,17,23.42,3.76
11.75,76.75,2020,6,17,23.86,3.76
11.75,77.25,2020,6,17,26,5.03
12.25,74.25,2020,6,17,28.79,2.4
12.25,74.75,2020,6,17,28.06,2.4
12.25,75.25,2020,6,17,26.31,2.13
12.25,75.75,2020,6,17,24.17,2.13
12.25,76.25,2020,6,17,23.32,3.21
12.25,76.75,2020,6,17,24.24,3.21
12.25,77.25,2020,6,17,25.49,4.17
12.75,74.25,2020,6,17,28.57,2.4
12.75,74.75,2020,6,17,27.6,2.4
12.75,75.25,2020,6,17,25.64,2.13
12.75,75.75,2020,6,17,23.53,2.13
12.75,76.25,2020,6,17,23.22,3.21
12.75,76.75,2020,6,17,24.29,3.21
12.75,77.25,2020,6,17,24.93,4.17
8.25,74.25,2020,6,18,29.39,5.97
8.25,74.75,2020,6,18,29.38,5.97
8.25,75.25,2020,6,18,29.36,5.89
8.25,75.75,2020,6,18,29.26,5.89
8.25,76.25,2020,6,18,28.95,5.61
8.25,76.75,2020,6,18,28.12,5.61
8.25,77.25,2020,6,18,27.57,5.94
8.75,74.25,2020,6,18,29.38,5.97
8.75,74.75,2020,6,18,29.38,5.97
8.75,75.25,2020,6,18,29.33,5.89
8.75,75.75,2020,6,18,29.14,5.89
8.75,76.25,2020,6,18,28.67,5.61
8.75,76.75,2020,6,18,26.85,5.61
8.75,77.25,2020,6,18,26.33,5.94
9.25,74.25,2020,6,18,29.3,6.3
9.25,74.75,2020,6,18,29.27,6.3
9.25,75.25,2020,6,18,29.14,5.85
9.25,75.75,2020,6,18,28.83,5.85
9.25,76.25,2020,6,18,28.27,5.76
9.25,76.75,2020,6,18,25.57,5.76
9.25,77.25,2020,6,18,25.5,5.65
9.75,74.25,2020,6,18,29.1,6.3
9.75,74.75,2020,6,18,29,6.3
9.75,75.25,2020,6,18,28.78,5.85
9.75,75.75,2020,6,18,28.33,5.85
9.75,76.25,2020,6,18,27.5,5.76
9.75,76.75,2020,6,18,24.05,5.76
9.75,77.25,2020,6,18,24.35,5.65
10.25,74.25,2020,6,18,28.81,4.22
10.25,74.75,2020,6,18,28.62,4.22
10.25,75.25,2020,6,18,28.31,4.37
10.25,75.75,2020,6,18,27.74,4.37
10.25,76.25,2020,6,18,26.62,5.01
10.25,76.75,2020,6,18,23.73,5.01
10.25,77.25,2020,6,18,24.38,5.48
10.75,74.25,2020,6,18,28.52,4.22
10.75,74.75,2020,6,18,28.2,4.22
10.75,75.25,2020,6,18,27.77,4.37
10.75,75.75,2020,6,18,26.97,4.37
10.75,76.25,2020,6,18,25.4,5.01
10.75,76.75,2020,6,18,24.42,5.01
10.75,77.25,2020,6,18,25.85,5.48
11.25,74.25,2020,6,18,28.34,2.62
11.25,74.75,2020,6,18,27.85,2.62
11.25,75.25,2020,6,18,27.09,3.57
11.25,75.75,2020,6,18,25.78,3.57
11.25,76.25,2020,6,18,23.62,4.3
11.25,76.75,2020,6,18,23.98,4.3
11.25,77.25,2020,6,18,26.39,4.83
11.75,74.25,2020,6,18,28.33,2.62
11.75,74.75,2020,6,18,27.58,2.62
11.75,75.25,2020,6,18,26.25,3.57
11.75,75.75,2020,6,18,24.4,3.57
11.75,76.25,2020,6,18,22.65,4.3
11.75,76.75,2020,6,18,23.46,4.3
11.75,77.25,2020,6,18,25.73,4.83
12.25,74.25,2020,6,18,28.34,3.79
12.25,74.75,2020,6,18,27.29,3.79
12.25,75.25,2020,6,18,25.37,3.16
12.25,75.75,2020,6,18,23.21,3.16
12.25,76.25,2020,6,18,22.48,3.7
12.25,76.75,2020,6,18,23.72,3.7
12.25,77.25,2020,6,18,25.2,4.15
12.75,74.25,2020,6,18,28.23,3.79
12.75,74.75,2020,6,18,26.96,3.79
12.75,75.25,2020,6,18,24.82,3.16
12.75,75.75,2020,6,18,22.65,3.16
12.75,76.25,2020,6,18,22.37,3.7
12.75,76.75,2020,6,18,23.75,3.7
12.75,77.25,2020,6,18,24.7,4.15
8.25,74.25,2020,6,19,29.1,2.34
8.25,74.75,2020,6,19,29.08,2.34
8.25,75.25,2020,6,19,29.04,2.19
8.25,75.75,2020,6,19,28.92,2.19
8.25,76.25,2020,6,19,28.6,3.58
8.25,76.75,2020,6,19,27.83,3.58
8.25,77.25,2020,6,19,27.3,5.06
8.75,74.25,2020,6,19,29.17,2.34
8.75,74.75,2020,6,19,29.16,2.34
8.75,75.25,2020,6,19,29.08,2.19
8.75,75.75,2020,6,19,28.87,2.19
8.75,76.25,2020,6,19,28.39,3.58
8.75,76.75,2020,6,19,26.72,3.58
8.75,77.25,2020,6,19,26.24,5.06
9.25,74.25,2020,6,19,29.2,3.21
9.25,74.75,2020,6,19,29.16,3.21
9.25,75.25,2020,6,19,28.98,3.17
9.25,75.75,2020,6,19,28.61,3.17
9.25,76.25,2020,6,19,28.1,4.05
9.25,76.75,2020,6,19,25.54,4.05
9.25,77.25,2020,6,19,25.39,4.91
9.75,74.25,2020,6,19,29.2,3.21
9.75,74.75,2020,6,19,29.07,3.21
9.75,75.25,2020,6,19,28.7,3.17
9.75,75.75,2020,6,19,28.08,3.17
9.75,76.25,2020,6,19,27.34,4.05
9.75,76.75,2020,6,19,24.05,4.05
9.75,77.25,2020,6,19,24.16,4.91
10.25,74.25,2020,6,19,29.26,4.81
10.25,74.75,2020,6,19,28.99,4.81
10.25,75.25,2020,6,19,28.45,4.29
10.25,75.75,2020,6,19,27.62,4.29
10.25,76.25,2020,6,19,26.56,4.55
10.25,76.75,2020,6,19,23.74,4.55
10.25,77.25,2020,6,19,24.27,5.76
10.75,74.25,2020,6,19,29.3,4.81
10.75,74.75,2020,6,19,28.92,4.81
10.75,75.25,2020,6,19,28.25,4.29
10.75,75.75,2020,6,19,27.2,4.29
10.75,76.25,2020,6,19,25.56,4.55
10.75,76.75,2020,6,19,24.45,4.55
10.75,77.25,2020,6,19,25.87,5.76
11.25,74.25,2020,6,19,29.28,4.27
11.25,74.75,2020,6,19,28.79,4.27
11.25,75.25,2020,6,19,27.85,5.02
11.25,75.75,2020,6,19,26.34,5.02
11.25,76.25,2020,6,19,24.05,4.66
11.25,76.75,2020,6,19,24.21,4.66
11.25,77.25,2020,6,19,26.71,5.24
11.75,74.25,2020,6,19,29.22,4.27
11.75,74.75,2020,6,19,28.56,4.27
11.75,75.25,2020,6,19,27.13,5.02
11.75,75.75,2020,6,19,25.17,5.02
11.75,76.25,2020,6,19,23.39,4.66
11.75,76.75,2020,6,19,24.07,4.66
11.75,77.25,2020,6,19,26.4,5.24
12.25,74.25,2020,6,19,29.11,5.07
12.25,74.75,2020,6,19,28.15,5.07
12.25,75.25,2020,6,19,26.22,4.74
12.25,75.75,2020,6,19,24.02,4.74
12.25,76.25,2020,6,19,23.33,5.23
12.25,76.75,2020,6,19,24.46,5.23
12.25,77.25,2020,6,19,25.86,5.63
12.75,74.25,2020,6,19,28.83,5.07
12.75,74.75,2020,6,19,27.65,5.07
12.75,75.25,2020,6,19,25.51,4.74
12.75,75.75,2020,6,19,23.32,4.74
12.75,76.25,2020,6,19,23.02,5.23
12.75,76.75,2020,6,19,24.16,5.23
12.75,77.25,2020,6,19,24.91,5.63
8.25,74.25,2020,6,20,29.18,6.2
8.25,74.75,2020,6,20,29.16,6.2
8.25,75.25,2020,6,20,29.1,5.97
8.25,75.75,2020,6,20,28.94,5.97
8.25,76.25,2020,6,20,28.57,5.43
8.25,76.75,2020,6,20,27.83,5.43
8.25,77.25,2020,6,20,27.5,5.81
8.75,74.25,2020,6,20,29.23,6.2
8.75,74.75,2020,6,20,29.21,6.2
8.75,75.25,2020,6,20,29.1,5.97
8.75,75.75,2020,6,20,28.84,5.97
8.75,76.25,2020,6,20,28.37,5.43
8.75,76.75,2020,6,20,26.93,5.43
8.75,77.25,2020,6,20,26.82,5.81
9.25,74.25,2020,6,20,29.17,5.59
9.25,74.75,2020,6,20,29.09,5.59
9.25,75.25,2020,6,20,28.89,4.79
9.25,75.75,2020,6,20,28.57,4.79
9.25,76.25,2020,6,20,28.23,5.68
9.25,76.75,2020,6,20,25.9,5.68
9.25,77.25,2020,6,20,26.19,5.62
9.75,74.25,2020,6,20,29.03,5.59
9.75,74.75,2020,6,20,28.88,5.59
9.75,75.25,2020,6,20,28.63,4.79
9.75,75.75,2020,6,20,28.29,4.79
9.75,76.25,2020,6,20,27.84,5.68
9.75,76.75,2020,6,20,24.48,5.68
9.75,77.25,2020,6,20,24.92,5.62
10.25,74.25,2020,6,20,28.91,4.76
10.25,74.75,2020,6,20,28.75,4.76
10.25,75.25,2020,6,20,28.52,5.15
10.25,75.75,2020,6,20,28.1,5.15
10.25,76.25,2020,6,20,27.3,5.87
10.25,76.75,2020,6,20,24.28,5.87
10.25,77.25,2020,6,20,24.8,5.82
10.75,74.25,2020,6,20,28.8,4.76
10.75,74.75,2020,6,20,28.68,4.76
10.75,75.25,2020,6,20,28.42,5.15
10.75,75.75,2020,6,20,27.72,5.15
10.75,76.25,2020,6,20,26.12,5.87
10.75,76.75,2020,6,20,25.01,5.87
10.75,77.25,2020,6,20,26.1,5.82
11.25,74.25,2020,6,20,28.64,4.69
11.25,74.75,2020,6,20,28.58,4.69
11.25,75.25,2020,6,20,28.07,5.32
11.25,75.75,2020,6,20,26.72,5.32
11.25,76.25,2020,6,20,24.24,5.47
11.25,76.75,2020,6,20,24.42,5.47
11.25,77.25,2020,6,20,26.45,5.85
11.75,74.25,2020,6,20,28.5,4.69
11.75,74.75,2020,6,20,28.37,4.69
11.75,75.25,2020,6,20,27.3,5.32
11.75,75.75,2020,6,20,25.27,5.32
11.75,76.25,2020,6,20,23.21,5.47
11.75,76.75,2020,6,20,23.8,5.47
11.75,77.25,2020,6,20,25.74,5.85
12.25,74.25,2020,6,20,28.39,4.98
12.25,74.75,2020,6,20,27.99,4.98
12.25,75.25,2020,6,20,26.28,4.77
12.25,75.75,2020,6,20,23.87,4.77
12.25,76.25,2020,6,20,23,5.43
12.25,76.75,2020,6,20,24.01,5.43
12.25,77.25,2020,6,20,25.23,5.6
12.75,74.25,2020,6,20,28.26,4.98
12.75,74.75,2020,6,20,27.57,4.98
12.75,75.25,2020,6,20,25.55,4.77
12.75,75.75,2020,6,20,23.13,4.77
12.75,76.25,2020,6,20,22.81,5.43
12.75,76.75,2020,6,20,23.96,5.43
12.75,77.25,2020,6,20,24.72,5.6
8.25,74.25,2020,6,21,27.99,3.58
8.25,74.75,2020,6,21,27.86,3.58
8.25,75.25,2020,6,21,27.83,4.06
8.25,75.75,2020,6,21,27.8,4.06
8.25,76.25,2020,6,21,27.6,4.42
8.25,76.75,2020,6,21,26.83,4.42
8.25,77.25,2020,6,21,26.41,4.84
8.75,74.25,2020,6,21,28.01,3.58
8.75,74.75,2020,6,21,27.86,3.58
8.75,75.25,2020,6,21,27.76,4.06
8.75,75.75,2020,6,21,27.63,4.06
8.75,76.25,2020,6,21,27.26,4.42
8.75,76.75,2020,6,21,25.7,4.42
8.75,77.25,2020,6,21,25.36,4.84
9.25,74.25,2020,6,21,28.03,3.68
9.25,74.75,2020,6,21,27.82,3.68
9.25,75.25,2020,6,21,27.62,3.7
9.25,75.75,2020,6,21,27.33,3.7
9.25,76.25,2020,6,21,26.81,3.11
9.25,76.75,2020,6,21,24.57,3.11
9.25,77.25,2020,6,21,24.54,4.33
9.75,74.25,2020,6,21,28,3.68
9.75,74.75,2020,6,21,27.72,3.68
9.75,75.25,2020,6,21,27.39,3.7
9.75,75.75,2020,6,21,26.92,3.7
9.75,76.25,2020,6,21,26.15,3.11
9.75,76.75,2020,6,21,23.21,3.11
9.75,77.25,2020,6,21,23.17,4.33
10.25,74.25,2020,6,21,28.03,2.17
10.25,74.75,2020,6,21,27.7,2.17
10.25,75.25,2020,6,21,27.26,2.71
10.25,75.75,2020,6,21,26.62,2.71
10.25,76.25,2020,6,21,25.58,3.21
10.25,76.75,2020,6,21,22.92,3.21
10.25,77.25,2020,6,21,23.06,5.02
10.75,74.25,2020,6,21,28.19,2.17
10.75,74.75,2020,6,21,27.82,2.17
10.75,75.25,2020,6,21,27.25,2.71
10.75,75.75,2020,6,21,26.33,2.71
10.75,76.25,2020,6,21,24.76,3.21
10.75,76.75,2020,6,21,23.78,3.21
10.75,77.25,2020,6,21,24.77,5.02
11.25,74.25,2020,6,21,28.24,2.92
11.25,74.75,2020,6,21,27.84,2.92
11.25,75.25,2020,6,21,27.02,2.06
11.25,75.75,2020,6,21,25.6,2.06
11.25,76.25,2020,6,21,23.46,4.28
11.25,76.75,2020,6,21,23.89,4.28
11.25,77.25,2020,6,21,25.97,5.33
11.75,74.25,2020,6,21,28.14,2.92
11.75,74.75,2020,6,21,27.6,2.92
11.75,75.25,2020,6,21,26.33,2.06
11.75,75.75,2020,6,21,24.49,2.06
11.75,76.25,2020,6,21,22.88,4.28
11.75,76.75,2020,6,21,23.89,4.28
11.75,77.25,2020,6,21,25.98,5.33
12.25,74.25,2020,6,21,28.13,4.1
12.25,74.75,2020,6,21,27.3,4.1
12.25,75.25,2020,6,21,25.55,3.73
12.25,75.75,2020,6,21,23.55,3.73
12.25,76.25,2020,6,21,23.11,4.92
12.25,76.75,2020,6,21,24.5,4.92
12.25,77.25,2020,6,21,25.83,5.66
12.75,74.25,2020,6,21,28.23,4.1
12.75,74.75,2020,6,21,27.15,4.1
12.75,75.25,2020,6,21,25.19,3.73
12.75,75.75,2020,6,21,23.25,3.73
12.75,76.25,2020,6,21,23.32,4.92
12.75,76.75,2020,6,21,24.72,4.92
12.75,77.25,2020,6,21,25.43,5.66
8.25,74.25,2020,6,22,28.73,3.15
8.25,74.75,2020,6,22,28.66,3.15
8.25,75.25,2020,6,22,28.41,3.91
8.25,75.75,2020,6,22,28.05,3.91
8.25,76.25,2020,6,22,27.67,4.19
8.25,76.75,2020,6,22,26.98,4.19
8.25,77.25,2020,6,22,26.65,4.02
8.75,74.25,2020,6,22,28.59,3.15
8.75,74.75,2020,6,22,28.43,3.15
8.75,75.25,2020,6,22,28.15,3.91
8.75,75.75,2020,6,22,27.8,3.91
8.75,76.25,2020,6,22,27.45,4.19
8.75,76.75,2020,6,22,26.09,4.19
8.75,77.25,2020,6,22,26.06,4.02
9.25,74.25,2020,6,22,28.36,1.94
9.25,74.75,2020,6,22,28.24,1.94
9.25,75.25,2020,6,22,28.03,2.14
9.25,75.75,2020,6,22,27.72,2.14
9.25,76.25,2020,6,22,27.33,3.75
9.25,76.75,2020,6,22,25.17,3.75
9.25,77.25,2020,6,22,25.64,4.11
9.75,74.25,2020,6,22,28.21,1.94
9.75,74.75,2020,6,22,28.21,1.94
9.75,75.25,2020,6,22,28.06,2.14
9.75,75.75,2020,6,22,27.69,2.14
9.75,76.25,2020,6,22,26.97,3.75
9.75,76.75,2020,6,22,23.94,3.75
9.75,77.25,2020,6,22,24.64,4.11
10.25,74.25,2020,6,22,28.21,1.52
10.25,74.75,2020,6,22,28.31,1.52
10.25,75.25,2020,6,22,28.18,2.59
10.25,75.75,2020,6,22,27.66,2.59
10.25,76.25,2020,6,22,26.53,4.08
10.25,76.75,2020,6,22,23.83,4.08
10.25,77.25,2020,6,22,24.65,4.46
10.75,74.25,2020,6,22,28.37,1.52
10.75,74.75,2020,6,22,28.48,1.52
10.75,75.25,2020,6,22,28.24,2.59
10.75,75.75,2020,6,22,27.39,2.59
10.75,76.25,2020,6,22,25.62,4.08
10.75,76.75,2020,6,22,24.68,4.08
10.75,77.25,2020,6,22,26.2,4.46
11.25,74.25,2020,6,22,28.57,1.61
11.25,74.75,2020,6,22,28.58,1.61
11.25,75.25,2020,6,22,27.98,3.69
11.25,75.75,2020,6,22,26.49,3.69
11.25,76.25,2020,6,22,23.99,4.84
11.25,76.75,2020,6,22,24.29,4.84
11.25,77.25,2020,6,22,26.83,5.23
11.75,74.25,2020,6,22,28.67,1.61
11.75,74.75,2020,6,22,28.41,1.61
11.75,75.25,2020,6,22,27.16,3.69
11.75,75.75,2020,6,22,25.06,3.69
11.75,76.25,2020,6,22,23.02,4.84
11.75,76.75,2020,6,22,23.73,4.84
11.75,77.25,2020,6,22,26.06,5.23
12.25,74.25,2020,6,22,28.62,1.97
12.25,74.75,2020,6,22,27.97,1.97
12.25,75.25,2020,6,22,26.09,4.1
12.25,75.75,2020,6,22,23.7,4.1
12.25,76.25,2020,6,22,22.84,5.48
12.25,76.75,2020,6,22,23.97,5.48
12.25,77.25,2020,6,22,25.42,5.79
12.75,74.25,2020,6,22,28.4,1.97
12.75,74.75,2020,6,22,27.45,1.97
12.75,75.25,2020,6,22,25.35,4.1
12.75,75.75,2020,6,22,23.03,4.1
12.75,76.25,2020,6,22,22.65,5.48
12.75,76.75,2020,6,22,23.9,5.48
12.75,77.25,2020,6,22,24.74,5.79
8.25,74.25,2020,6,23,28.49,4.49
8.25,74.75,2020,6,23,28.88,4.49
8.25,75.25,2020,6,23,29.01,4.69
8.25,75.75,2020,6,23,28.8,4.69
8.25,76.25,2020,6,23,28.32,4.6
8.25,76.75,2020,6,23,27.57,4.6
8.25,77.25,2020,6,23,27.38,4.82
8.75,74.25,2020,6,23,28.58,4.49
8.75,74.75,2020,6,23,28.88,4.49
8.75,75.25,2020,6,23,28.91,4.69
8.75,75.75,2020,6,23,28.64,4.69
8.75,76.25,2020,6,23,28.08,4.6
8.75,76.75,2020,6,23,26.65,4.6
8.75,77.25,2020,6,23,26.68,4.82
9.25,74.25,2020,6,23,28.57,4.49
9.25,74.75,2020,6,23,28.79,4.49
9.25,75.25,2020,6,23,28.78,4.64
9.25,75.75,2020,6,23,28.53,4.64
9.25,76.25,2020,6,23,28.03,4.67
9.25,76.75,2020,6,23,25.67,4.67
9.25,77.25,2020,6,23,26.08,4.43
9.75,74.25,2020,6,23,28.46,4.49
9.75,74.75,2020,6,23,28.66,4.49
9.75,75.25,2020,6,23,28.66,4.64
9.75,75.75,2020,6,23,28.39,4.64
9.75,76.25,2020,6,23,27.73,4.67
9.75,76.75,2020,6,23,24.39,4.67
9.75,77.25,2020,6,23,24.96,4.43
10.25,74.25,2020,6,23,28.32,3.83
10.25,74.75,2020,6,23,28.53,3.83
10.25,75.25,2020,6,23,28.54,4.05
10.25,75.75,2020,6,23,28.19,4.05
10.25,76.25,2020,6,23,27.27,3.91
10.25,76.75,2020,6,23,24.31,3.91
10.25,77.25,2020,6,23,25.09,4.09
10.75,74.25,2020,6,23,28.21,3.83
10.75,74.75,2020,6,23,28.44,3.83
10.75,75.25,2020,6,23,28.38,4.05
10.75,75.75,2020,6,23,27.73,4.05
10.75,76.25,2020,6,23,26.1,3.91
10.75,76.75,2020,6,23,24.94,3.91
10.75,77.25,2020,6,23,26.58,4.09
11.25,74.25,2020,6,23,28.24,4.78
11.25,74.75,2020,6,23,28.43,4.78
11.25,75.25,2020,6,23,28.04,4.93
11.25,75.75,2020,6,23,26.7,4.93
11.25,76.25,2020,6,23,24.13,4.58
11.25,76.75,2020,6,23,24.05,4.58
11.25,77.25,2020,6,23,26.72,4.9
11.75,74.25,2020,6,23,28.33,4.78
11.75,74.75,2020,6,23,28.29,4.78
11.75,75.25,2020,6,23,27.22,4.93
11.75,75.75,2020,6,23,25.17,4.93
11.75,76.25,2020,6,23,22.93,4.58
11.75,76.75,2020,6,23,23.2,4.58
11.75,77.25,2020,6,23,25.54,4.9
12.25,74.25,2020,6,23,28.35,5.61
12.25,74.75,2020,6,23,27.87,5.61
12.25,75.25,2020,6,23,26.05,4.78
12.25,75.75,2020,6,23,23.59,4.78
12.25,76.25,2020,6,23,22.57,5.3
12.25,76.75,2020,6,23,23.44,5.3
12.25,77.25,2020,6,23,24.76,6.19
12.75,74.25,2020,6,23,28.25,5.61
12.75,74.75,2020,6,23,27.31,5.61
12.75,75.25,2020,6,23,25.09,4.78
12.75,75.75,2020,6,23,22.66,4.78
12.75,76.25,2020,6,23,22.33,5.3
12.75,76.75,2020,6,23,23.51,5.3
12.75,77.25,2020,6,23,24.25,6.19
8.25,74.25,2020,6,24,28.3,4.52
8.25,74.75,2020,6,24,28.36,4.52
8.25,75.25,2020,6,24,28.42,5.49
8.25,75.75,2020,6,24,28.36,5.49
8.25,76.25,2020,6,24,28.1,5.9
8.25,76.75,2020,6,24,27.37,5.9
8.25,77.25,2020,6,24,27.29,5.92
8.75,74.25,2020,6,24,28.3,4.52
8.75,74.75,2020,6,24,28.4,4.52
8.75,75.25,2020,6,24,28.41,5.49
8.75,75.75,2020,6,24,28.23,5.49
8.75,76.25,2020,6,24,27.8,5.9
8.75,76.75,2020,6,24,26.54,5.9
8.75,77.25,2020,6,24,26.71,5.92
9.25,74.25,2020,6,24,28.27,3.53
9.25,74.75,2020,6,24,28.37,3.53
9.25,75.25,2020,6,24,28.31,5.2
9.25,75.75,2020,6,24,28.05,5.2
9.25,76.25,2020,6,24,27.55,5.5
9.25,76.75,2020,6,24,25.53,5.5
9.25,77.25,2020,6,24,25.9,5.15
9.75,74.25,2020,6,24,28.25,3.53
9.75,74.75,2020,6,24,28.33,3.53
9.75,75.25,2020,6,24,28.22,5.2
9.75,75.75,2020,6,24,27.88,5.2
9.75,76.25,2020,6,24,27.23,5.5
9.75,76.75,2020,6,24,24.15,5.5
9.75,77.25,2020,6,24,24.45,5.15
10.25,74.25,2020,6,24,28.25,4.39
10.25,74.75,2020,6,24,28.29,4.39
10.25,75.25,2020,6,24,28.14,5.88
10.25,75.75,2020,6,24,27.7,5.88
10.25,76.25,2020,6,24,26.87,5.16
10.25,76.75,2020,6,24,24.05,5.16
10.25,77.25,2020,6,24,24.58,4.93
10.75,74.25,2020,6,24,28.28,4.39
10.75,74.75,2020,6,24,28.29,4.39
10.75,75.25,2020,6,24,28.04,5.88
10.75,75.75,2020,6,24,27.35,5.88
10.75,76.25,2020,6,24,25.93,5.16
10.75,76.75,2020,6,24,25.01,5.16
10.75,77.25,2020,6,24,26.4,4.93
11.25,74.25,2020,6,24,28.3,5.43
11.25,74.75,2020,6,24,28.27,5.43
11.25,75.25,2020,6,24,27.75,5.67
11.25,75.75,2020,6,24,26.49,5.67
11.25,76.25,2020,6,24,24.3,5.19
11.25,76.75,2020,6,24,24.67,5.19
11.25,77.25,2020,6,24,27.01,5.23
11.75,74.25,2020,6,24,28.3,5.43
11.75,74.75,2020,6,24,28.08,5.43
11.75,75.25,2020,6,24,27.01,5.67
11.75,75.75,2020,6,24,25.15,5.67
11.75,76.25,2020,6,24,23.35,5.19
11.75,76.75,2020,6,24,24.13,5.19
11.75,77.25,2020,6,24,26.16,5.23
12.25,74.25,2020,6,24,28.23,5.37
12.25,74.75,2020,6,24,27.67,5.37
12.25,75.25,2020,6,24,26,4.84
12.25,75.75,2020,6,24,23.86,4.84
12.25,76.25,2020,6,24,23.18,5.54
12.25,76.75,2020,6,24,24.39,5.54
12.25,77.25,2020,6,24,25.47,6.32
12.75,74.25,2020,6,24,28.07,5.37
12.75,74.75,2020,6,24,27.19,5.37
12.75,75.25,2020,6,24,25.29,4.84
12.75,75.75,2020,6,24,23.23,4.84
12.75,76.25,2020,6,24,23.14,5.54
12.75,76.75,2020,6,24,24.4,5.54
12.75,77.25,2020,6,24,24.91,6.32
8.25,74.25,2020,6,25,27.64,4.8
8.25,74.75,2020,6,25,27.8,4.8
8.25,75.25,2020,6,25,27.93,4.85
8.25,75.75,2020,6,25,27.97,4.85
8.25,76.25,2020,6,25,27.88,5.28
8.25,76.75,2020,6,25,27.09,5.28
8.25,77.25,2020,6,25,26.81,5.33
8.75,74.25,2020,6,25,27.89,4.8
8.75,74.75,2020,6,25,28.05,4.8
8.75,75.25,2020,6,25,28.14,4.85
8.75,75.75,2020,6,25,28.07,4.85
8.75,76.25,2020,6,25,27.75,5.28
8.75,76.75,2020,6,25,26.07,5.28
8.75,77.25,2020,6,25,25.74,5.33
9.25,74.25,2020,6,25,28.15,5.44
9.25,74.75,2020,6,25,28.26,5.44
9.25,75.25,2020,6,25,28.28,4.96
9.25,75.75,2020,6,25,28.08,4.96
9.25,76.25,2020,6,25,27.55,4.65
9.25,76.75,2020,6,25,24.97,4.65
9.25,77.25,2020,6,25,24.71,4.79
9.75,74.25,2020,6,25,28.28,5.44
9.75,74.75,2020,6,25,28.33,5.44
9.75,75.25,2020,6,25,28.27,4.96
9.75,75.75,2020,6,25,27.94,4.96
9.75,76.25,2020,6,25,27.12,4.65
9.75,76.75,2020,6,25,23.71,4.65
9.75,77.25,2020,6,25,23.51,4.79
10.25,74.25,2020,6,25,28.26,5.85
10.25,74.75,2020,6,25,28.24,5.85
10.25,75.25,2020,6,25,28.09,6.07
10.25,75.75,2020,6,25,27.6,6.07
10.25,76.25,2020,6,25,26.51,5.08
10.25,76.75,2020,6,25,23.66,5.08
10.25,77.25,2020,6,25,23.88,5.31
10.75,74.25,2020,6,25,28.24,5.85
10.75,74.75,2020,6,25,28.16,5.85
10.75,75.25,2020,6,25,27.83,6.07
10.75,75.75,2020,6,25,27.01,6.07
10.75,76.25,2020,6,25,25.35,5.08
10.75,76.75,2020,6,25,24.34,5.08
10.75,77.25,2020,6,25,25.41,5.31
11.25,74.25,2020,6,25,28.35,5.25
11.25,74.75,2020,6,25,28.19,5.25
11.25,75.25,2020,6,25,27.48,5.86
11.25,75.75,2020,6,25,26,5.86
11.25,76.25,2020,6,25,23.63,4.94
11.25,76.75,2020,6,25,23.7,4.94
11.25,77.25,2020,6,25,25.48,5.35
11.75,74.25,2020,6,25,28.45,5.25
11.75,74.75,2020,6,25,28.06,5.25
11.75,75.25,2020,6,25,26.75,5.86
11.75,75.75,2020,6,25,24.68,5.86
11.75,76.25,2020,6,25,22.7,4.94
11.75,76.75,2020,6,25,22.84,4.94
11.75,77.25,2020,6,25,24.18,5.35
12.25,74.25,2020,6,25,28.36,5.52
12.25,74.75,2020,6,25,27.62,5.52
12.25,75.25,2020,6,25,25.84,5.55
12.25,75.75,2020,6,25,23.6,5.55
12.25,76.25,2020,6,25,22.6,6.06
12.25,76.75,2020,6,25,22.93,6.06
12.25,77.25,2020,6,25,23.52,5.67
12.75,74.25,2020,6,25,28.07,5.52
12.75,74.75,2020,6,25,27.14,5.52
12.75,75.25,2020,6,25,25.29,5.55
12.75,75.75,2020,6,25,23.25,5.55
12.75,76.25,2020,6,25,22.7,6.06
12.75,76.75,2020,6,25,23.25,6.06
12.75,77.25,2020,6,25,23.63,5.67
8.25,74.25,2020,6,26,27.81,2.71
8.25,74.75,2020,6,26,27.76,2.71
8.25,75.25,2020,6,26,27.74,2.7
8.25,75.75,2020,6,26,27.69,2.7
8.25,76.25,2020,6,26,27.59,3.48
8.25,76.75,2020,6,26,26.89,3.48
8.25,77.25,2020,6,26,26.45,4.52
8.75,74.25,2020,6,26,27.66,2.71
8.75,74.75,2020,6,26,27.66,2.71
8.75,75.25,2020,6,26,27.65,2.7
8.75,75.75,2020,6,26,27.59,2.7
8.75,76.25,2020,6,26,27.37,3.48
8.75,76.75,2020,6,26,25.92,3.48
8.75,77.25,2020,6,26,25.53,4.52
9.25,74.25,2020,6,26,27.73,3.47
9.25,74.75,2020,6,26,27.7,3.47
9.25,75.25,2020,6,26,27.66,4.63
9.25,75.75,2020,6,26,27.55,4.63
9.25,76.25,2020,6,26,27.21,4.56
9.25,76.75,2020,6,26,25.13,4.56
9.25,77.25,2020,6,26,25.05,5.38
9.75,74.25,2020,6,26,27.9,3.47
9.75,74.75,2020,6,26,27.83,3.47
9.75,75.25,2020,6,26,27.75,4.63
9.75,75.75,2020,6,26,27.5,4.63
9.75,76.25,2020,6,26,26.8,4.56
9.75,76.75,2020,6,26,24.13,4.56
9.75,77.25,2020,6,26,24.21,5.38
10.25,74.25,2020,6,26,28.11,3.98
10.25,74.75,2020,6,26,28,3.98
10.25,75.25,2020,6,26,27.84,3.77
10.25,75.75,2020,6,26,27.39,3.77
10.25,76.25,2020,6,26,26.25,4.34
10.25,76.75,2020,6,26,24.01,4.34
10.25,77.25,2020,6,26,24.44,5.46
10.75,74.25,2020,6,26,28.18,3.98
10.75,74.75,2020,6,26,27.97,3.98
10.75,75.25,2020,6,26,27.65,3.77
10.75,75.75,2020,6,26,26.92,3.77
10.75,76.25,2020,6,26,25.3,4.34
10.75,76.75,2020,6,26,24.59,4.34
10.75,77.25,2020,6,26,25.71,5.46
11.25,74.25,2020,6,26,28.12,4.4
11.25,74.75,2020,6,26,27.76,4.4
11.25,75.25,2020,6,26,27.1,3.79
11.25,75.75,2020,6,26,25.88,3.79
11.25,76.25,2020,6,26,23.82,4.44
11.25,76.75,2020,6,26,24.21,4.44
11.25,77.25,2020,6,26,26.06,5.82
11.75,74.25,2020,6,26,27.99,4.4
11.75,74.75,2020,6,26,27.4,4.4
11.75,75.25,2020,6,26,26.21,3.79
11.75,75.75,2020,6,26,24.54,3.79
11.75,76.25,2020,6,26,22.98,4.44
11.75,76.75,2020,6,26,23.9,4.44
11.75,77.25,2020,6,26,25.59,5.82
12.25,74.25,2020,6,26,27.71,4.55
12.25,74.75,2020,6,26,26.9,4.55
12.25,75.25,2020,6,26,25.3,4.66
12.25,75.75,2020,6,26,23.49,4.66
12.25,76.25,2020,6,26,22.9,5.33
12.25,76.75,2020,6,26,24.16,5.33
12.25,77.25,2020,6,26,25.18,5.3
12.75,74.25,2020,6,26,27.39,4.55
12.75,74.75,2020,6,26,26.44,4.55
12.75,75.25,2020,6,26,24.78,4.66
12.75,75.75,2020,6,26,23.12,4.66
12.75,76.25,2020,6,26,23.01,5.33
12.75,76.75,2020,6,26,24.13,5.33
12.75,77.25,2020,6,26,24.63,5.3
8.25,74.25,2020,6,27,28.68,3.05
8.25,74.75,2020,6,27,28.62,3.05
8.25,75.25,2020,6,27,28.47,2.53
8.25,75.75,2020,6,27,28.23,2.53
8.25,76.25,2020,6,27,27.94,4.55
8.25,76.75,2020,6,27,27.22,4.55
8.25,77.25,2020,6,27,26.94,4.74
8.75,74.25,2020,6,27,28.44,3.05
8.75,74.75,2020,6,27,28.32,3.05
8.75,75.25,2020,6,27,28.11,2.53
8.75,75.75,2020,6,27,27.81,2.53
8.75,76.25,2020,6,27,27.43,4.55
8.75,76.75,2020,6,27,26.07,4.55
8.75,77.25,2020,6,27,26.03,4.74
9.25,74.25,2020,6,27,28.16,2.6
9.25,74.75,2020,6,27,28.02,2.6
9.25,75.25,2020,6,27,27.84,2.49
9.25,75.75,2020,6,27,27.58,2.49
9.25,76.25,2020,6,27,27.14,3.58
9.25,76.75,2020,6,27,25.16,3.58
9.25,77.25,2020,6,27,25.6,5.54
9.75,74.25,2020,6,27,28.01,2.6
9.75,74.75,2020,6,27,27.89,2.6
9.75,75.25,2020,6,27,27.76,2.49
9.75,75.75,2020,6,27,27.49,2.49
9.75,76.25,2020,6,27,26.76,3.58
9.75,76.75,2020,6,27,24.05,3.58
9.75,77.25,2020,6,27,24.66,5.54
10.25,74.25,2020,6,27,28.01,1.83
10.25,74.75,2020,6,27,27.95,1.83
10.25,75.25,2020,6,27,27.82,2.82
10.25,75.75,2020,6,27,27.39,2.82
10.25,76.25,2020,6,27,26.28,4.27
10.25,76.75,2020,6,27,23.91,4.27
10.25,77.25,2020,6,27,24.7,5.63
10.75,74.25,2020,6,27,28.11,1.83
10.75,74.75,2020,6,27,28.05,1.83
10.75,75.25,2020,6,27,27.76,2.82
10.75,75.75,2020,6,27,26.99,2.82
10.75,76.25,2020,6,27,25.38,4.27
10.75,76.75,2020,6,27,24.58,4.27
10.75,77.25,2020,6,27,26.02,5.63
11.25,74.25,2020,6,27,28.26,2.62
11.25,74.75,2020,6,27,28.09,2.62
11.25,75.25,2020,6,27,27.43,3.26
11.25,75.75,2020,6,27,26.09,3.26
11.25,76.25,2020,6,27,24.06,4.47
11.25,76.75,2020,6,27,24.42,4.47
11.25,77.25,2020,6,27,26.58,5.97
11.75,74.25,2020,6,27,28.35,2.62
11.75,74.75,2020,6,27,27.95,2.62
11.75,75.25,2020,6,27,26.75,3.26
11.75,75.75,2020,6,27,24.95,3.26
11.75,76.25,2020,6,27,23.42,4.47
11.75,76.75,2020,6,27,24.25,4.47
11.75,77.25,2020,6,27,26.14,5.97
12.25,74.25,2020,6,27,28.29,4.15
12.25,74.75,2020,6,27,27.55,4.15
12.25,75.25,2020,6,27,25.88,4.52
12.25,75.75,2020,6,27,23.97,4.52
12.25,76.25,2020,6,27,23.45,5.16
12.25,76.75,2020,6,27,24.45,5.16
12.25,77.25,2020,6,27,25.45,5.52
12.75,74.25,2020,6,27,28.18,4.15
12.75,74.75,2020,6,27,27.16,4.15
12.75,75.25,2020,6,27,25.31,4.52
12.75,75.75,2020,6,27,23.49,4.52
12.75,76.25,2020,6,27,23.35,5.16
12.75,76.75,2020,6,27,24.07,5.16
12.75,77.25,2020,6,27,24.43,5.52
8.25,74.25,2020,6,28,29.02,1.71
8.25,74.75,2020,6,28,29,1.71
8.25,75.25,2020,6,28,28.87,2.33
8.25,75.75,2020,6,28,28.57,2.33
8.25,76.25,2020,6,28,28.06,4.3
8.25,76.75,2020,6,28,27.42,4.3
8.25,77.25,2020,6,28,27.1,5.58
8.75,74.25,2020,6,28,28.97,1.71
8.75,74.75,2020,6,28,28.94,1.71
8.75,75.25,2020,6,28,28.81,2.33
8.75,75.75,2020,6,28,28.48,2.33
8.75,76.25,2020,6,28,27.91,4.3
8.75,76.75,2020,6,28,26.59,4.3
8.75,77.25,2020,6,28,26.39,5.58
9.25,74.25,2020,6,28,28.92,3.4
9.25,74.75,2020,6,28,28.88,3.4
9.25,75.25,2020,6,28,28.75,3.59
9.25,75.75,2020,6,28,28.43,3.59
9.25,76.25,2020,6,28,27.85,4.4
9.25,76.75,2020,6,28,25.79,4.4
9.25,77.25,2020,6,28,25.93,4.94
9.75,74.25,2020,6,28,28.91,3.4
9.75,74.75,2020,6,28,28.86,3.4
9.75,75.25,2020,6,28,28.73,3.59
9.75,75.75,2020,6,28,28.35,3.59
9.75,76.25,2020,6,28,27.44,4.4
9.75,76.75,2020,6,28,24.71,4.4
9.75,77.25,2020,6,28,24.98,4.94
10.25,74.25,2020,6,28,28.92,3.72
10.25,74.75,2020,6,28,28.86,3.72
10.25,75.25,2020,6,28,28.67,3.07
10.25,75.75,2020,6,28,28.12,3.07
10.25,76.25,2020,6,28,26.84,4.42
10.25,76.75,2020,6,28,24.54,4.42
10.25,77.25,2020,6,28,24.93,4.98
10.75,74.25,2020,6,28,28.94,3.72
10.75,74.75,2020,6,28,28.84,3.72
10.75,75.25,2020,6,28,28.47,3.07
10.75,75.75,2020,6,28,27.58,3.07
10.75,76.25,2020,6,28,25.86,4.42
10.75,76.75,2020,6,28,25.08,4.42
10.75,77.25,2020,6,28,26.18,4.98
11.25,74.25,2020,6,28,28.95,3.67
11.25,74.75,2020,6,28,28.76,3.67
11.25,75.25,2020,6,28,28.04,3.17
11.25,75.75,2020,6,28,26.6,3.17
11.25,76.25,2020,6,28,24.42,4.09
11.25,76.75,2020,6,28,24.65,4.09
11.25,77.25,2020,6,28,26.6,4.59
11.75,74.25,2020,6,28,28.91,3.67
11.75,74.75,2020,6,28,28.51,3.67
11.75,75.25,2020,6,28,27.25,3.17
11.75,75.75,2020,6,28,25.34,3.17
11.75,76.25,2020,6,28,23.64,4.09
11.75,76.75,2020,6,28,24.13,4.09
11.75,77.25,2020,6,28,25.81,4.59
12.25,74.25,2020,6,28,28.82,3.54
12.25,74.75,2020,6,28,28.06,3.54
12.25,75.25,2020,6,28,26.3,3.26
12.25,75.75,2020,6,28,24.24,3.26
12.25,76.25,2020,6,28,23.58,4.37
12.25,76.75,2020,6,28,24.28,4.37
12.25,77.25,2020,6,28,25.06,4.78
12.75,74.25,2020,6,28,28.72,3.54
12.75,74.75,2020,6,28,27.63,3.54
12.75,75.25,2020,6,28,25.66,3.26
12.75,75.75,2020,6,28,23.73,3.26
12.75,76.25,2020,6,28,23.58,4.37
12.75,76.75,2020,6,28,24.31,4.37
12.75,77.25,2020,6,28,24.48,4.78
8.25,74.25,2020,6,29,29.18,3.61
8.25,74.75,2020,6,29,29.19,3.61
8.25,75.25,2020,6,29,29.01,2.75
8.25,75.75,2020,6,29,28.62,2.75
8.25,76.25,2020,6,29,28.05,4.51
8.25,76.75,2020,6,29,27.53,4.51
8.25,77.25,2020,6,29,27.29,5.47
8.75,74.25,2020,6,29,29.2,3.61
8.75,74.75,2020,6,29,29.2,3.61
8.75,75.25,2020,6,29,29.06,2.75
8.75,75.75,2020,6,29,28.72,2.75
8.75,76.25,2020,6,29,28.18,4.51
8.75,76.75,2020,6,29,26.89,4.51
8.75,77.25,2020,6,29,26.69,5.47
9.25,74.25,2020,6,29,29.2,3.65
9.25,74.75,2020,6,29,29.19,3.65
9.25,75.25,2020,6,29,29.07,3.67
9.25,75.75,2020,6,29,28.78,3.67
9.25,76.25,2020,6,29,28.26,4.74
9.25,76.75,2020,6,29,26.04,4.74
9.25,77.25,2020,6,29,26.06,4.94
9.75,74.25,2020,6,29,29.18,3.65
9.75,74.75,2020,6,29,29.13,3.65
9.75,75.25,2020,6,29,29.01,3.67
9.75,75.75,2020,6,29,28.67,3.67
9.75,76.25,2020,6,29,27.85,4.74
9.75,76.75,2020,6,29,24.86,4.74
9.75,77.25,2020,6,29,24.9,4.94
10.25,74.25,2020,6,29,29.06,2.81
10.25,74.75,2020,6,29,29.01,2.81
10.25,75.25,2020,6,29,28.85,3.42
10.25,75.75,2020,6,29,28.37,3.42
10.25,76.25,2020,6,29,27.21,4.7
10.25,76.75,2020,6,29,24.6,4.7
10.25,77.25,2020,6,29,24.78,5.28
10.75,74.25,2020,6,29,28.95,2.81
10.75,74.75,2020,6,29,28.89,2.81
10.75,75.25,2020,6,29,28.6,3.42
10.75,75.75,2020,6,29,27.8,3.42
10.75,76.25,2020,6,29,26.11,4.7
10.75,76.75,2020,6,29,25.05,4.7
10.75,77.25,2020,6,29,26.05,5.28
11.25,74.25,2020,6,29,28.91,1.39
11.25,74.75,2020,6,29,28.77,1.39
11.25,75.25,2020,6,29,28.15,3.68
11.25,75.75,2020,6,29,26.76,3.68
11.25,76.25,2020,6,29,24.43,4.39
11.25,76.75,2020,6,29,24.47,4.39
11.25,77.25,2020,6,29,26.43,5.12
11.75,74.25,2020,6,29,28.83,1.39
11.75,74.75,2020,6,29,28.47,1.39
11.75,75.25,2020,6,29,27.3,3.68
11.75,75.75,2020,6,29,25.41,3.68
11.75,76.25,2020,6,29,23.48,4.39
11.75,76.75,2020,6,29,23.81,4.39
11.75,77.25,2020,6,29,25.47,5.12
12.25,74.25,2020,6,29,28.68,1.88
12.25,74.75,2020,6,29,27.99,1.88
12.25,75.25,2020,6,29,26.33,3.71
12.25,75.75,2020,6,29,24.28,3.71
12.25,76.25,2020,6,29,23.4,4.76
12.25,76.75,2020,6,29,23.89,4.76
12.25,77.25,2020,6,29,24.61,4.62
12.75,74.25,2020,6,29,28.56,1.88
12.75,74.75,2020,6,29,27.57,1.88
12.75,75.25,2020,6,29,25.68,3.71
12.75,75.75,2020,6,29,23.69,3.71
12.75,76.25,2020,6,29,23.3,4.76
12.75,76.75,2020,6,29,23.84,4.76
12.75,77.25,2020,6,29,24.06,4.62
8.25,74.25,2020,6,30,29.14,4.93
8.25,74.75,2020,6,30,29.09,4.93
8.25,75.25,2020,6,30,28.91,4.36
8.25,75.75,2020,6,30,28.55,4.36
8.25,76.25,2020,6,30,27.93,5.99
8.25,76.75,2020,6,30,27.33,5.99
8.25,77.25,2020,6,30,27.03,6.21
8.75,74.25,2020,6,30,29.14,4.93
8.75,74.75,2020,6,30,29.1,4.93
8.75,75.25,2020,6,30,28.9,4.36
8.75,75.75,2020,6,30,28.49,4.36
8.75,76.25,2020,6,30,27.86,5.99
8.75,76.75,2020,6,30,26.68,5.99
8.75,77.25,2020,6,30,26.55,6.21
9.25,74.25,2020,6,30,29.1,3.35
9.25,74.75,2020,6,30,29,3.35
9.25,75.25,2020,6,30,28.74,4.34
9.25,75.75,2020,6,30,28.32,4.34
9.25,76.25,2020,6,30,27.83,5.9
9.25,76.75,2020,6,30,25.84,5.9
9.25,77.25,2020,6,30,26.04,6.29
9.75,74.25,2020,6,30,28.92,3.35
9.75,74.75,2020,6,30,28.69,3.35
9.75,75.25,2020,6,30,28.38,4.34
9.75,75.75,2020,6,30,27.96,4.34
9.75,76.25,2020,6,30,27.35,5.9
9.75,76.75,2020,6,30,24.55,5.9
9.75,77.25,2020,6,30,24.87,6.29
10.25,74.25,2020,6,30,28.55,3.82
10.25,74.75,2020,6,30,28.25,3.82
10.25,75.25,2020,6,30,27.93,4.6
10.25,75.75,2020,6,30,27.51,4.6
10.25,76.25,2020,6,30,26.76,5.74
10.25,76.75,2020,6,30,24.3,5.74
10.25,77.25,2020,6,30,24.84,6.26
10.75,74.25,2020,6,30,28.17,3.82
10.75,74.75,2020,6,30,27.89,3.82
10.75,75.25,2020,6,30,27.56,4.6
10.75,75.75,2020,6,30,26.98,4.6
10.75,76.25,2020,6,30,25.83,5.74
10.75,76.75,2020,6,30,25.09,5.74
10.75,77.25,2020,6,30,26.35,6.26
11.25,74.25,2020,6,30,27.99,3.71
11.25,74.75,2020,6,30,27.7,3.71
11.25,75.25,2020,6,30,27.15,5.09
11.25,75.75,2020,6,30,26.08,5.09
11.25,76.25,2020,6,30,24.29,5.34
11.25,76.75,2020,6,30,24.84,5.34
11.25,77.25,2020,6,30,26.84,5.55
11.75,74.25,2020,6,30,27.85,3.71
11.75,74.75,2020,6,30,27.39,3.71
11.75,75.25,2020,6,30,26.35,5.09
11.75,75.75,2020,6,30,24.83,5.09
11.75,76.25,2020,6,30,23.41,5.34
11.75,76.75,2020,6,30,24.22,5.34
11.75,77.25,2020,6,30,25.83,5.55
12.25,74.25,2020,6,30,27.68,4.31
12.25,74.75,2020,6,30,26.9,4.31
12.25,75.25,2020,6,30,25.35,5.07
12.25,75.75,2020,6,30,23.65,5.07
12.25,76.25,2020,6,30,23.33,5.81
12.25,76.75,2020,6,30,24.19,5.81
12.25,77.25,2020,6,30,24.9,5.52
12.75,74.25,2020,6,30,27.58,4.31
12.75,74.75,2020,6,30,26.51,4.31
12.75,75.25,2020,6,30,24.74,5.07
12.75,75.75,2020,6,30,23.07,5.07
12.75,76.25,2020,6,30,23.19,5.81
12.75,76.75,2020,6,30,24.04,5.81
12.75,77.25,2020,6,30,24.25,5.52
8.25,74.25,2020,7,1,28.53,4.69
8.25,74.75,2020,7,1,28.52,4.69
8.25,75.25,2020,7,1,28.45,4.57
8.25,75.75,2020,7,1,28.25,4.57
8.25,76.25,2020,7,1,27.8,6
8.25,76.75,2020,7,1,26.98,6
8.25,77.25,2020,7,1,26.61,6.16
8.75,74.25,2020,7,1,28.29,4.69
8.75,74.75,2020,7,1,28.3,4.69
8.75,75.25,2020,7,1,28.24,4.57
8.75,75.75,2020,7,1,28.01,4.57
8.75,76.25,2020,7,1,27.46,6
8.75,76.75,2020,7,1,25.97,6
8.75,77.25,2020,7,1,25.74,6.16
9.25,74.25,2020,7,1,28.03,2.75
9.25,74.75,2020,7,1,28.05,2.75
9.25,75.25,2020,7,1,27.99,4.04
9.25,75.75,2020,7,1,27.75,4.04
9.25,76.25,2020,7,1,27.26,5.2
9.25,76.75,2020,7,1,24.95,5.2
9.25,77.25,2020,7,1,24.93,5.69
9.75,74.25,2020,7,1,27.82,2.75
9.75,74.75,2020,7,1,27.81,2.75
9.75,75.25,2020,7,1,27.73,4.04
9.75,75.75,2020,7,1,27.47,4.04
9.75,76.25,2020,7,1,26.86,5.2
9.75,76.75,2020,7,1,23.73,5.2
9.75,77.25,2020,7,1,23.81,5.69
10.25,74.25,2020,7,1,27.67,2.73
10.25,74.75,2020,7,1,27.62,2.73
10.25,75.25,2020,7,1,27.52,4.57
10.25,75.75,2020,7,1,27.19,4.57
10.25,76.25,2020,7,1,26.3,4.49
10.25,76.75,2020,7,1,23.59,4.49
10.25,77.25,2020,7,1,24.01,5.32
10.75,74.25,2020,7,1,27.6,2.73
10.75,74.75,2020,7,1,27.54,2.73
10.75,75.25,2020,7,1,27.34,4.57
10.75,75.75,2020,7,1,26.74,4.57
10.75,76.25,2020,7,1,25.26,4.49
10.75,76.75,2020,7,1,24.38,4.49
10.75,77.25,2020,7,1,25.66,5.32
11.25,74.25,2020,7,1,27.61,2.46
11.25,74.75,2020,7,1,27.54,2.46
11.25,75.25,2020,7,1,27.09,3.56
11.25,75.75,2020,7,1,25.95,3.56
11.25,76.25,2020,7,1,23.74,4.08
11.25,76.75,2020,7,1,24.17,4.08
11.25,77.25,2020,7,1,26.34,5.03
11.75,74.25,2020,7,1,27.62,2.46
11.75,74.75,2020,7,1,27.39,2.46
11.75,75.25,2020,7,1,26.45,3.56
11.75,75.75,2020,7,1,24.79,3.56
11.75,76.25,2020,7,1,22.95,4.08
11.75,76.75,2020,7,1,23.76,4.08
11.75,77.25,2020,7,1,25.68,5.03
12.25,74.25,2020,7,1,27.53,4.06
12.25,74.75,2020,7,1,27.01,4.06
12.25,75.25,2020,7,1,25.52,3.74
12.25,75.75,2020,7,1,23.61,3.74
12.25,76.25,2020,7,1,22.86,4.3
12.25,76.75,2020,7,1,23.8,4.3
12.25,77.25,2020,7,1,24.75,4.99
12.75,74.25,2020,7,1,27.46,4.06
12.75,74.75,2020,7,1,26.66,4.06
12.75,75.25,2020,7,1,24.92,3.74
12.75,75.75,2020,7,1,23.01,3.74
12.75,76.25,2020,7,1,22.74,4.3
12.75,76.75,2020,7,1,23.49,4.3
12.75,77.25,2020,7,1,23.72,4.99
8.25,74.25,2020,7,2,28.37,3.4
8.25,74.75,2020,7,2,28.39,3.4
8.25,75.25,2020,7,2,28.34,4.61
8.25,75.75,2020,7,2,28.17,4.61
8.25,76.25,2020,7,2,27.83,5.29
8.25,76.75,2020,7,2,27.07,5.29
8.25,77.25,2020,7,2,26.72,5.54
8.75,74.25,2020,7,2,28.37,3.4
8.75,74.75,2020,7,2,28.36,3.4
8.75,75.25,2020,7,2,28.29,4.61
8.75,75.75,2020,7,2,28.08,4.61
8.75,76.25,2020,7,2,27.6,5.29
8.75,76.75,2020,7,2,26.14,5.29
8.75,77.25,2020,7,2,25.9,5.54
9.25,74.25,2020,7,2,28.37,4.04
9.25,74.75,2020,7,2,28.34,4.04
9.25,75.25,2020,7,2,28.25,4.25
9.25,75.75,2020,7,2,28,4.25
9.25,76.25,2020,7,2,27.43,4.14
9.25,76.75,2020,7,2,25.24,4.14
9.25,77.25,2020,7,2,25.34,4.65
9.75,74.25,2020,7,2,28.21,4.04
9.75,74.75,2020,7,2,28.19,4.04
9.75,75.25,2020,7,2,28.1,4.25
9.75,75.75,2020,7,2,27.77,4.25
9.75,76.25,2020,7,2,26.9,4.14
9.75,76.75,2020,7,2,24,4.14
9.75,77.25,2020,7,2,24.26,4.65
10.25,74.25,2020,7,2,27.96,2.86
10.25,74.75,2020,7,2,27.92,2.86
10.25,75.25,2020,7,2,27.79,3.32
10.25,75.75,2020,7,2,27.33,3.32
10.25,76.25,2020,7,2,26.19,3.5
10.25,76.75,2020,7,2,23.65,3.5
10.25,77.25,2020,7,2,24.13,4.65
10.75,74.25,2020,7,2,27.76,2.86
10.75,74.75,2020,7,2,27.67,2.86
10.75,75.25,2020,7,2,27.38,3.32
10.75,75.75,2020,7,2,26.61,3.32
10.75,76.25,2020,7,2,25,3.5
10.75,76.75,2020,7,2,24.11,3.5
10.75,77.25,2020,7,2,25.43,4.65
11.25,74.25,2020,7,2,27.63,1.75
11.25,74.75,2020,7,2,27.46,1.75
11.25,75.25,2020,7,2,26.82,1.92
11.25,75.75,2020,7,2,25.44,1.92
11.25,76.25,2020,7,2,23.18,2.98
11.25,76.75,2020,7,2,23.43,2.98
11.25,77.25,2020,7,2,25.66,4.06
11.75,74.25,2020,7,2,27.55,1.75
11.75,74.75,2020,7,2,27.15,1.75
11.75,75.25,2020,7,2,25.91,1.92
11.75,75.75,2020,7,2,23.94,1.92
11.75,76.25,2020,7,2,22.02,2.98
11.75,76.75,2020,7,2,22.55,2.98
11.75,77.25,2020,7,2,24.4,4.06
12.25,74.25,2020,7,2,27.49,1.8
12.25,74.75,2020,7,2,26.72,1.8
12.25,75.25,2020,7,2,24.89,2.06
12.25,75.75,2020,7,2,22.65,2.06
12.25,76.25,2020,7,2,21.76,3.49
12.25,76.75,2020,7,2,22.45,3.49
12.25,77.25,2020,7,2,23.29,3.88
12.75,74.25,2020,7,2,27.45,1.8
12.75,74.75,2020,7,2,26.37,1.8
12.75,75.25,2020,7,2,24.28,2.06
12.75,75.75,2020,7,2,22.07,2.06
12.75,76.25,2020,7,2,21.66,3.49
12.75,76.75,2020,7,2,22.32,3.49
12.75,77.25,2020,7,2,22.57,3.88
8.25,74.25,2020,7,3,28.43,2.55
8.25,74.75,2020,7,3,28.33,2.55
8.25,75.25,2020,7,3,28.16,2.14
8.25,75.75,2020,7,3,27.89,2.14
8.25,76.25,2020,7,3,27.49,3.08
8.25,76.75,2020,7,3,26.68,3.08
8.25,77.25,2020,7,3,26.29,4
8.75,74.25,2020,7,3,28.4,2.55
8.75,74.75,2020,7,3,28.24,2.55
8.75,75.25,2020,7,3,28.03,2.14
8.75,75.75,2020,7,3,27.74,2.14
8.75,76.25,2020,7,3,27.24,3.08
8.75,76.75,2020,7,3,25.67,3.08
8.75,77.25,2020,7,3,25.3,4
9.25,74.25,2020,7,3,28.37,1.7
9.25,74.75,2020,7,3,28.17,1.7
9.25,75.25,2020,7,3,27.97,1.77
9.25,75.75,2020,7,3,27.7,1.77
9.25,76.25,2020,7,3,27.12,2.42
9.25,76.75,2020,7,3,24.6,2.42
9.25,77.25,2020,7,3,24.39,3.68
9.75,74.25,2020,7,3,28.29,1.7
9.75,74.75,2020,7,3,28.05,1.7
9.75,75.25,2020,7,3,27.82,1.77
9.75,75.75,2020,7,3,27.38,1.77
9.75,76.25,2020,7,3,26.23,2.42
9.75,76.75,2020,7,3,22.85,2.42
9.75,77.25,2020,7,3,22.85,3.68
10.25,74.25,2020,7,3,28.17,1.95
10.25,74.75,2020,7,3,27.88,1.95
10.25,75.25,2020,7,3,27.51,1.5
10.25,75.75,2020,7,3,26.72,1.5
10.25,76.25,2020,7,3,24.92,2.84
10.25,76.75,2020,7,3,22.1,2.84
10.25,77.25,2020,7,3,22.63,4.33
10.75,74.25,2020,7,3,28.07,1.95
10.75,74.75,2020,7,3,27.76,1.95
10.75,75.25,2020,7,3,27.19,1.5
10.75,75.75,2020,7,3,26.02,1.5
10.75,76.25,2020,7,3,23.81,2.84
10.75,76.75,2020,7,3,22.79,2.84
10.75,77.25,2020,7,3,24.09,4.33
11.25,74.25,2020,7,3,28.08,1.58
11.25,74.75,2020,7,3,27.71,1.58
11.25,75.25,2020,7,3,26.83,2.12
11.25,75.75,2020,7,3,25.16,2.12
11.25,76.25,2020,7,3,22.62,3.47
11.25,76.75,2020,7,3,22.77,3.47
11.25,77.25,2020,7,3,24.74,4.36
11.75,74.25,2020,7,3,28.14,1.58
11.75,74.75,2020,7,3,27.56,1.58
11.75,75.25,2020,7,3,26.15,2.12
11.75,75.75,2020,7,3,24.05,2.12
11.75,76.25,2020,7,3,22.08,3.47
11.75,76.75,2020,7,3,22.47,3.47
11.75,77.25,2020,7,3,24.15,4.36
12.25,74.25,2020,7,3,28.16,2.53
12.25,74.75,2020,7,3,27.23,2.53
12.25,75.25,2020,7,3,25.31,3.27
12.25,75.75,2020,7,3,23.11,3.27
12.25,76.25,2020,7,3,22.3,4.68
12.25,76.75,2020,7,3,22.84,4.68
12.25,77.25,2020,7,3,23.5,4.97
12.75,74.25,2020,7,3,28.16,2.53
12.75,74.75,2020,7,3,26.95,2.53
12.75,75.25,2020,7,3,24.89,3.27
12.75,75.75,2020,7,3,22.9,3.27
12.75,76.25,2020,7,3,22.71,4.68
12.75,76.75,2020,7,3,23.24,4.68
12.75,77.25,2020,7,3,23.07,4.97
8.25,74.25,2020,7,4,28.53,4.67
8.25,74.75,2020,7,4,28.59,4.67
8.25,75.25,2020,7,4,28.56,3.79
8.25,75.75,2020,7,4,28.36,3.79
8.25,76.25,2020,7,4,27.91,4.51
8.25,76.75,2020,7,4,26.93,4.51
8.25,77.25,2020,7,4,26.38,4.11
8.75,74.25,2020,7,4,28.44,4.67
8.75,74.75,2020,7,4,28.49,4.67
8.75,75.25,2020,7,4,28.47,3.79
8.75,75.75,2020,7,4,28.28,3.79
8.75,76.25,2020,7,4,27.76,4.51
8.75,76.75,2020,7,4,25.93,4.51
8.75,77.25,2020,7,4,25.41,4.11
9.25,74.25,2020,7,4,28.46,5
9.25,74.75,2020,7,4,28.48,5
9.25,75.25,2020,7,4,28.45,4.97
9.25,75.75,2020,7,4,28.23,4.97
9.25,76.25,2020,7,4,27.64,4.64
9.25,76.75,2020,7,4,24.93,4.64
9.25,77.25,2020,7,4,24.59,4.36
9.75,74.25,2020,7,4,28.5,5
9.75,74.75,2020,7,4,28.5,5
9.75,75.25,2020,7,4,28.42,4.97
9.75,75.75,2020,7,4,28.07,4.97
9.75,76.25,2020,7,4,27.1,4.64
9.75,76.75,2020,7,4,23.48,4.64
9.75,77.25,2020,7,4,23.2,4.36
10.25,74.25,2020,7,4,28.57,4.02
10.25,74.75,2020,7,4,28.52,4.02
10.25,75.25,2020,7,4,28.32,3.58
10.25,75.75,2020,7,4,27.71,3.58
10.25,76.25,2020,7,4,26.23,3.49
10.25,76.75,2020,7,4,23.03,3.49
10.25,77.25,2020,7,4,23.13,4.74
10.75,74.25,2020,7,4,28.61,4.02
10.75,74.75,2020,7,4,28.49,4.02
10.75,75.25,2020,7,4,28.1,3.58
10.75,75.75,2020,7,4,27.08,3.58
10.75,76.25,2020,7,4,24.92,3.49
10.75,76.75,2020,7,4,23.52,3.49
10.75,77.25,2020,7,4,24.45,4.74
11.25,74.25,2020,7,4,28.56,2.78
11.25,74.75,2020,7,4,28.34,2.78
11.25,75.25,2020,7,4,27.62,2.74
11.25,75.75,2020,7,4,26.02,2.74
11.25,76.25,2020,7,4,23.19,3.69
11.25,76.75,2020,7,4,23.04,3.69
11.25,77.25,2020,7,4,24.83,4.72
11.75,74.25,2020,7,4,28.48,2.78
11.75,74.75,2020,7,4,28.01,2.78
11.75,75.25,2020,7,4,26.71,2.74
11.75,75.75,2020,7,4,24.61,2.74
11.75,76.25,2020,7,4,22.33,3.69
11.75,76.75,2020,7,4,22.66,3.69
11.75,77.25,2020,7,4,24.34,4.72
12.25,74.25,2020,7,4,28.44,1.34
12.25,74.75,2020,7,4,27.57,1.34
12.25,75.25,2020,7,4,25.62,1.75
12.25,75.75,2020,7,4,23.27,1.75
12.25,76.25,2020,7,4,22.3,4.16
12.25,76.75,2020,7,4,23.09,4.16
12.25,77.25,2020,7,4,24,4.46
12.75,74.25,2020,7,4,28.41,1.34
12.75,74.75,2020,7,4,27.22,1.34
12.75,75.25,2020,7,4,25.02,1.75
12.75,75.75,2020,7,4,22.77,1.75
12.75,76.25,2020,7,4,22.42,4.16
12.75,76.75,2020,7,4,23.29,4.16
12.75,77.25,2020,7,4,23.58,4.46
8.25,74.25,2020,7,5,28.55,4.55
8.25,74.75,2020,7,5,28.62,4.55
8.25,75.25,2020,7,5,28.63,4.28
8.25,75.75,2020,7,5,28.51,4.28
8.25,76.25,2020,7,5,28.16,5.24
8.25,76.75,2020,7,5,27.3,5.24
8.25,77.25,2020,7,5,26.79,5.38
8.75,74.25,2020,7,5,28.59,4.55
8.75,74.75,2020,7,5,28.65,4.55
8.75,75.25,2020,7,5,28.64,4.28
8.75,75.75,2020,7,5,28.46,4.28
8.75,76.25,2020,7,5,28.02,5.24
8.75,76.75,2020,7,5,26.27,5.24
8.75,77.25,2020,7,5,25.75,5.38
9.25,74.25,2020,7,5,28.61,4.4
9.25,74.75,2020,7,5,28.67,4.4
9.25,75.25,2020,7,5,28.65,4.54
9.25,75.75,2020,7,5,28.46,4.54
9.25,76.25,2020,7,5,28,3.56
9.25,76.75,2020,7,5,25.28,3.56
9.25,77.25,2020,7,5,25,4.5
9.75,74.25,2020,7,5,28.68,4.4
9.75,74.75,2020,7,5,28.71,4.4
9.75,75.25,2020,7,5,28.67,4.54
9.75,75.75,2020,7,5,28.39,4.54
9.75,76.25,2020,7,5,27.63,3.56
9.75,76.75,2020,7,5,23.99,3.56
9.75,77.25,2020,7,5,23.81,4.5
10.25,74.25,2020,7,5,28.76,5.11
10.25,74.75,2020,7,5,28.75,5.11
10.25,75.25,2020,7,5,28.63,3.95
10.25,75.75,2020,7,5,28.15,3.95
10.25,76.25,2020,7,5,26.97,3.34
10.25,76.75,2020,7,5,23.78,3.34
10.25,77.25,2020,7,5,23.91,4.25
10.75,74.25,2020,7,5,28.82,5.11
10.75,74.75,2020,7,5,28.77,5.11
10.75,75.25,2020,7,5,28.46,3.95
10.75,75.75,2020,7,5,27.57,3.95
10.75,76.25,2020,7,5,25.65,3.34
10.75,76.75,2020,7,5,24.4,3.34
10.75,77.25,2020,7,5,25.45,4.25
11.25,74.25,2020,7,5,28.77,6.06
11.25,74.75,2020,7,5,28.64,6.06
11.25,75.25,2020,7,5,27.94,4.68
11.25,75.75,2020,7,5,26.3,4.68
11.25,76.25,2020,7,5,23.47,3.11
11.25,76.75,2020,7,5,23.58,3.11
11.25,77.25,2020,7,5,25.66,3.88
11.75,74.25,2020,7,5,28.66,6.06
11.75,74.75,2020,7,5,28.28,6.06
11.75,75.25,2020,7,5,26.88,4.68
11.75,75.75,2020,7,5,24.52,4.68
11.75,76.25,2020,7,5,22.05,3.11
11.75,76.75,2020,7,5,22.52,3.11
11.75,77.25,2020,7,5,24.42,3.88
12.25,74.25,2020,7,5,28.6,5.05
12.25,74.75,2020,7,5,27.76,5.05
12.25,75.25,2020,7,5,25.64,3.86
12.25,75.75,2020,7,5,22.94,3.86
12.25,76.25,2020,7,5,21.69,4.48
12.25,76.75,2020,7,5,22.43,4.48
12.25,77.25,2020,7,5,23.37,4.01
12.75,74.25,2020,7,5,28.52,5.05
12.75,74.75,2020,7,5,27.25,5.05
12.75,75.25,2020,7,5,24.82,3.86
12.75,75.75,2020,7,5,22.22,3.86
12.75,76.25,2020,7,5,21.62,4.48
12.75,76.75,2020,7,5,22.42,4.48
12.75,77.25,2020,7,5,22.72,4.01
8.25,74.25,2020,7,6,28.25,5.35
8.25,74.75,2020,7,6,28.3,5.35
8.25,75.25,2020,7,6,28.34,6.16
8.25,75.75,2020,7,6,28.29,6.16
8.25,76.25,2020,7,6,28.08,5.48
8.25,76.75,2020,7,6,27.3,5.48
8.25,77.25,2020,7,6,26.85,4.96
8.75,74.25,2020,7,6,28.12,5.35
8.75,74.75,2020,7,6,28.16,5.35
8.75,75.25,2020,7,6,28.23,6.16
8.75,75.75,2020,7,6,28.18,6.16
8.75,76.25,2020,7,6,27.84,5.48
8.75,76.75,2020,7,6,26.07,5.48
8.75,77.25,2020,7,6,25.53,4.96
9.25,74.25,2020,7,6,28.15,5.86
9.25,74.75,2020,7,6,28.16,5.86
9.25,75.25,2020,7,6,28.21,6.03
9.25,75.75,2020,7,6,28.13,6.03
9.25,76.25,2020,7,6,27.64,5.44
9.25,76.75,2020,7,6,24.85,5.44
9.25,77.25,2020,7,6,24.52,4.93
9.75,74.25,2020,7,6,28.17,5.86
9.75,74.75,2020,7,6,28.13,5.86
9.75,75.25,2020,7,6,28.11,6.03
9.75,75.75,2020,7,6,27.88,6.03
9.75,76.25,2020,7,6,27.02,5.44
9.75,76.75,2020,7,6,23.42,5.44
9.75,77.25,2020,7,6,23.12,4.93
10.25,74.25,2020,7,6,28.26,6.3
10.25,74.75,2020,7,6,28.12,6.3
10.25,75.25,2020,7,6,27.94,5.52
10.25,75.75,2020,7,6,27.44,5.52
10.25,76.25,2020,7,6,26.13,4.48
10.25,76.75,2020,7,6,23.07,4.48
10.25,77.25,2020,7,6,23.13,5.36
10.75,74.25,2020,7,6,28.47,6.3
10.75,74.75,2020,7,6,28.24,6.3
10.75,75.25,2020,7,6,27.82,5.52
10.75,75.75,2020,7,6,26.86,5.52
10.75,76.25,2020,7,6,24.89,4.48
10.75,76.75,2020,7,6,23.57,4.48
10.75,77.25,2020,7,6,24.65,5.36
11.25,74.25,2020,7,6,28.66,5.61
11.25,74.75,2020,7,6,28.38,5.61
11.25,75.25,2020,7,6,27.57,4.59
11.25,75.75,2020,7,6,25.93,4.59
11.25,76.25,2020,7,6,23.2,4.03
11.25,76.75,2020,7,6,23.04,4.03
11.25,77.25,2020,7,6,25.08,4.93
11.75,74.25,2020,7,6,28.72,5.61
11.75,74.75,2020,7,6,28.3,5.61
11.75,75.25,2020,7,6,26.96,4.59
11.75,75.75,2020,7,6,24.78,4.59
11.75,76.25,2020,7,6,22.49,4.03
11.75,76.75,2020,7,6,22.64,4.03
11.75,77.25,2020,7,6,24.3,4.93
12.25,74.25,2020,7,6,28.69,5.42
12.25,74.75,2020,7,6,28,5.42
12.25,75.25,2020,7,6,26.16,3.7
12.25,75.75,2020,7,6,23.81,3.7
12.25,76.25,2020,7,6,22.74,4.35
12.25,76.75,2020,7,6,23.16,4.35
12.25,77.25,2020,7,6,23.86,4.29
12.75,74.25,2020,7,6,28.64,5.42
12.75,74.75,2020,7,6,27.66,5.42
12.75,75.25,2020,7,6,25.58,3.7
12.75,75.75,2020,7,6,23.32,3.7
12.75,76.25,2020,7,6,22.87,4.35
12.75,76.75,2020,7,6,23.42,4.35
12.75,77.25,2020,7,6,23.63,4.29
8.25,74.25,2020,7,7,28.88,6.04
8.25,74.75,2020,7,7,28.8,6.04
8.25,75.25,2020,7,7,28.67,6.1
8.25,75.75,2020,7,7,28.51,6.1
8.25,76.25,2020,7,7,28.25,6.47
8.25,76.75,2020,7,7,27.45,6.47
8.25,77.25,2020,7,7,27.05,6.47
8.75,74.25,2020,7,7,28.86,6.04
8.75,74.75,2020,7,7,28.78,6.04
8.75,75.25,2020,7,7,28.66,6.1
8.75,75.75,2020,7,7,28.44,6.1
8.75,76.25,2020,7,7,28,6.47
8.75,76.75,2020,7,7,26.28,6.47
8.75,77.25,2020,7,7,25.78,6.47
9.25,74.25,2020,7,7,28.82,6.18
9.25,74.75,2020,7,7,28.75,6.18
9.25,75.25,2020,7,7,28.61,5.66
9.25,75.75,2020,7,7,28.33,5.66
9.25,76.25,2020,7,7,27.78,5.28
9.25,76.75,2020,7,7,25.21,5.28
9.25,77.25,2020,7,7,25.01,5.8
9.75,74.25,2020,7,7,28.75,6.18
9.75,74.75,2020,7,7,28.67,6.18
9.75,75.25,2020,7,7,28.48,5.66
9.75,75.75,2020,7,7,28.05,5.66
9.75,76.25,2020,7,7,27.15,5.28
9.75,76.75,2020,7,7,23.79,5.28
9.75,77.25,2020,7,7,23.8,5.8
10.25,74.25,2020,7,7,28.64,4.85
10.25,74.75,2020,7,7,28.54,4.85
10.25,75.25,2020,7,7,28.26,3.98
10.25,75.75,2020,7,7,27.61,3.98
10.25,76.25,2020,7,7,26.28,4.28
10.25,76.75,2020,7,7,23.28,4.28
10.25,77.25,2020,7,7,23.63,5.83
10.75,74.25,2020,7,7,28.57,4.85
10.75,74.75,2020,7,7,28.41,4.85
10.75,75.25,2020,7,7,27.98,3.98
10.75,75.75,2020,7,7,26.99,3.98
10.75,76.25,2020,7,7,25.09,4.28
10.75,76.75,2020,7,7,23.88,4.28
10.75,77.25,2020,7,7,25.01,5.83
11.25,74.25,2020,7,7,28.49,2.52
11.25,74.75,2020,7,7,28.24,2.52
11.25,75.25,2020,7,7,27.47,1.61
11.25,75.75,2020,7,7,25.91,1.61
11.25,76.25,2020,7,7,23.39,3.55
11.25,76.75,2020,7,7,23.55,3.55
11.25,77.25,2020,7,7,25.53,5.27
11.75,74.25,2020,7,7,28.33,2.52
11.75,74.75,2020,7,7,27.87,2.52
11.75,75.25,2020,7,7,26.54,1.61
11.75,75.75,2020,7,7,24.44,1.61
11.75,76.25,2020,7,7,22.34,3.55
11.75,76.75,2020,7,7,22.96,3.55
11.75,77.25,2020,7,7,24.65,5.27
12.25,74.25,2020,7,7,28.12,3.86
12.25,74.75,2020,7,7,27.3,3.86
12.25,75.25,2020,7,7,25.42,2.2
12.25,75.75,2020,7,7,23.12,2.2
12.25,76.25,2020,7,7,22.16,4.26
12.25,76.75,2020,7,7,23.02,4.26
12.25,77.25,2020,7,7,23.89,5.28
12.75,74.25,2020,7,7,27.99,3.86
12.75,74.75,2020,7,7,26.85,3.86
12.75,75.25,2020,7,7,24.77,2.2
12.75,75.75,2020,7,7,22.62,2.2
12.75,76.25,2020,7,7,22.29,4.26
12.75,76.75,2020,7,7,23.11,4.26
12.75,77.25,2020,7,7,23.47,5.28
8.25,74.25,2020,7,8,29.12,5.53
8.25,74.75,2020,7,8,29.1,5.53
8.25,75.25,2020,7,8,29.04,4.78
8.25,75.75,2020,7,8,28.89,4.78
8.25,76.25,2020,7,8,28.56,4.86
8.25,76.75,2020,7,8,27.54,4.86
8.25,77.25,2020,7,8,27.02,4.97
8.75,74.25,2020,7,8,28.91,5.53
8.75,74.75,2020,7,8,28.94,5.53
8.75,75.25,2020,7,8,28.9,4.78
8.75,75.75,2020,7,8,28.68,4.78
8.75,76.25,2020,7,8,28.1,4.86
8.75,76.75,2020,7,8,26.35,4.86
8.75,77.25,2020,7,8,25.96,4.97
9.25,74.25,2020,7,8,28.75,4.74
9.25,74.75,2020,7,8,28.78,4.74
9.25,75.25,2020,7,8,28.71,4.16
9.25,75.75,2020,7,8,28.4,4.16
9.25,76.25,2020,7,8,27.67,4.44
9.25,76.75,2020,7,8,25.28,4.44
9.25,77.25,2020,7,8,25.22,4.72
9.75,74.25,2020,7,8,28.58,4.74
9.75,74.75,2020,7,8,28.56,4.74
9.75,75.25,2020,7,8,28.43,4.16
9.75,75.75,2020,7,8,27.99,4.16
9.75,76.25,2020,7,8,26.95,4.44
9.75,76.75,2020,7,8,23.94,4.44
9.75,77.25,2020,7,8,23.9,4.72
10.25,74.25,2020,7,8,28.37,4.48
10.25,74.75,2020,7,8,28.3,4.48
10.25,75.25,2020,7,8,28.1,4.18
10.25,75.75,2020,7,8,27.53,4.18
10.25,76.25,2020,7,8,26.18,4.07
10.25,76.75,2020,7,8,23.54,4.07
10.25,77.25,2020,7,8,23.7,4.9
10.75,74.25,2020,7,8,28.34,4.48
10.75,74.75,2020,7,8,28.22,4.48
10.75,75.25,2020,7,8,27.88,4.18
10.75,75.75,2020,7,8,27.01,4.18
10.75,76.25,2020,7,8,25.25,4.07
10.75,76.75,2020,7,8,24.13,4.07
10.75,77.25,2020,7,8,24.97,4.9
11.25,74.25,2020,7,8,28.45,2.19
11.25,74.75,2020,7,8,28.24,2.19
11.25,75.25,2020,7,8,27.54,3.01
11.25,75.75,2020,7,8,26.09,3.01
11.25,76.25,2020,7,8,23.79,3.93
11.25,76.75,2020,7,8,23.84,3.93
11.25,77.25,2020,7,8,25.42,4.76
11.75,74.25,2020,7,8,28.5,2.19
11.75,74.75,2020,7,8,28.04,2.19
11.75,75.25,2020,7,8,26.72,3.01
11.75,75.75,2020,7,8,24.71,3.01
11.75,76.25,2020,7,8,22.83,3.93
11.75,76.75,2020,7,8,23.29,3.93
11.75,77.25,2020,7,8,24.66,4.76
12.25,74.25,2020,7,8,28.42,2.8
12.25,74.75,2020,7,8,27.57,2.8
12.25,75.25,2020,7,8,25.65,2.79
12.25,75.75,2020,7,8,23.38,2.79
12.25,76.25,2020,7,8,22.58,3.94
12.25,76.75,2020,7,8,23.2,3.94
12.25,77.25,2020,7,8,23.82,4.67
12.75,74.25,2020,7,8,28.25,2.8
12.75,74.75,2020,7,8,27.08,2.8
12.75,75.25,2020,7,8,24.93,2.79
12.75,75.75,2020,7,8,22.73,2.79
12.75,76.25,2020,7,8,22.44,3.94
12.75,76.75,2020,7,8,22.96,3.94
12.75,77.25,2020,7,8,23.09,4.67
8.25,74.25,2020,7,9,28.36,3.95
8.25,74.75,2020,7,9,28.29,3.95
8.25,75.25,2020,7,9,28.14,3.12
8.25,75.75,2020,7,9,27.91,3.12
8.25,76.25,2020,7,9,27.6,4.36
8.25,76.75,2020,7,9,26.75,4.36
8.25,77.25,2020,7,9,26.39,5.21
8.75,74.25,2020,7,9,28.41,3.95
8.75,74.75,2020,7,9,28.33,3.95
8.75,75.25,2020,7,9,28.17,3.12
8.75,75.75,2020,7,9,27.88,3.12
8.75,76.25,2020,7,9,27.32,4.36
8.75,76.75,2020,7,9,25.64,4.36
8.75,77.25,2020,7,9,25.33,5.21
9.25,74.25,2020,7,9,28.41,3.03
9.25,74.75,2020,7,9,28.3,3.03
9.25,75.25,2020,7,9,28.1,2.31
9.25,75.75,2020,7,9,27.7,2.31
9.25,76.25,2020,7,9,26.95,3.23
9.25,76.75,2020,7,9,24.58,3.23
9.25,77.25,2020,7,9,24.46,4.35
9.75,74.25,2020,7,9,28.28,3.03
9.75,74.75,2020,7,9,28.11,3.03
9.75,75.25,2020,7,9,27.83,2.31
9.75,75.75,2020,7,9,27.3,2.31
9.75,76.25,2020,7,9,26.33,3.23
9.75,76.75,2020,7,9,23.35,3.23
9.75,77.25,2020,7,9,23.28,4.35
10.25,74.25,2020,7,9,28.12,2.54
10.25,74.75,2020,7,9,27.89,2.54
10.25,75.25,2020,7,9,27.5,2.5
10.25,75.75,2020,7,9,26.83,2.5
10.25,76.25,2020,7,9,25.7,3.93
10.25,76.75,2020,7,9,23.08,3.93
10.25,77.25,2020,7,9,23.24,4.71
10.75,74.25,2020,7,9,28.01,2.54
10.75,74.75,2020,7,9,27.7,2.54
10.75,75.25,2020,7,9,27.17,2.5
10.75,75.75,2020,7,9,26.26,2.5
10.75,76.25,2020,7,9,24.67,3.93
10.75,76.75,2020,7,9,23.53,3.93
10.75,77.25,2020,7,9,24.36,4.71
11.25,74.25,2020,7,9,27.86,2.3
11.25,74.75,2020,7,9,27.49,2.3
11.25,75.25,2020,7,9,26.7,3.36
11.25,75.75,2020,7,9,25.26,3.36
11.25,76.25,2020,7,9,22.96,4.38
11.25,76.75,2020,7,9,22.91,4.38
11.25,77.25,2020,7,9,24.52,5.31
11.75,74.25,2020,7,9,27.7,2.3
11.75,74.75,2020,7,9,27.17,2.3
11.75,75.25,2020,7,9,25.9,3.36
11.75,75.75,2020,7,9,23.95,3.36
11.75,76.25,2020,7,9,21.98,4.38
11.75,76.75,2020,7,9,22.3,4.38
11.75,77.25,2020,7,9,23.76,5.31
12.25,74.25,2020,7,9,27.62,2.35
12.25,74.75,2020,7,9,26.79,2.35
12.25,75.25,2020,7,9,25.01,2.98
12.25,75.75,2020,7,9,22.86,2.98
12.25,76.25,2020,7,9,21.91,4.88
12.25,76.75,2020,7,9,22.48,4.88
12.25,77.25,2020,7,9,23.22,5.76
12.75,74.25,2020,7,9,27.61,2.35
12.75,74.75,2020,7,9,26.48,2.35
12.75,75.25,2020,7,9,24.46,2.98
12.75,75.75,2020,7,9,22.37,2.98
12.75,76.25,2020,7,9,21.93,4.88
12.75,76.75,2020,7,9,22.49,4.88
12.75,77.25,2020,7,9,22.75,5.76
8.25,74.25,2020,7,10,27.49,4.08
8.25,74.75,2020,7,10,27.27,4.08
8.25,75.25,2020,7,10,27.1,4.33
8.25,75.75,2020,7,10,27,4.33
8.25,76.25,2020,7,10,26.93,5.42
8.25,76.75,2020,7,10,26.41,5.42
8.25,77.25,2020,7,10,26.33,5.39
8.75,74.25,2020,7,10,27.59,4.08
8.75,74.75,2020,7,10,27.35,4.08
8.75,75.25,2020,7,10,27.12,4.33
8.75,75.75,2020,7,10,26.91,4.33
8.75,76.25,2020,7,10,26.67,5.42
8.75,76.75,2020,7,10,25.54,5.42
8.75,77.25,2020,7,10,25.55,5.39
9.25,74.25,2020,7,10,27.72,4.37
9.25,74.75,2020,7,10,27.42,4.37
9.25,75.25,2020,7,10,27.07,4.11
9.25,75.75,2020,7,10,26.71,4.11
9.25,76.25,2020,7,10,26.41,5.09
9.25,76.75,2020,7,10,24.72,5.09
9.25,77.25,2020,7,10,24.92,5.08
9.75,74.25,2020,7,10,27.74,4.37
9.75,74.75,2020,7,10,27.38,4.37
9.75,75.25,2020,7,10,26.93,4.11
9.75,75.75,2020,7,10,26.47,4.11
9.75,76.25,2020,7,10,26.04,5.09
9.75,76.75,2020,7,10,23.71,5.09
9.75,77.25,2020,7,10,23.8,5.08
10.25,74.25,2020,7,10,27.66,4.17
10.25,74.75,2020,7,10,27.23,4.17
10.25,75.25,2020,7,10,26.74,4.06
10.25,75.75,2020,7,10,26.22,4.06
10.25,76.25,2020,7,10,25.6,4.25
10.25,76.75,2020,7,10,23.51,4.25
10.25,77.25,2020,7,10,23.65,4.65
10.75,74.25,2020,7,10,27.5,4.17
10.75,74.75,2020,7,10,27.02,4.17
10.75,75.25,2020,7,10,26.49,4.06
10.75,75.75,2020,7,10,25.8,4.06
10.75,76.25,2020,7,10,24.69,4.25
10.75,76.75,2020,7,10,23.93,4.25
10.75,77.25,2020,7,10,24.64,4.65
11.25,74.25,2020,7,10,27.36,3.66
11.25,74.75,2020,7,10,26.87,3.66
11.25,75.25,2020,7,10,26.18,4.31
11.25,75.75,2020,7,10,25.06,4.31
11.25,76.25,2020,7,10,23.27,4.62
11.25,76.75,2020,7,10,23.46,4.62
11.25,77.25,2020,7,10,24.89,4.83
11.75,74.25,2020,7,10,27.22,3.66
11.75,74.75,2020,7,10,26.7,3.66
11.75,75.25,2020,7,10,25.64,4.31
11.75,75.75,2020,7,10,24.1,4.31
11.75,76.25,2020,7,10,22.54,4.62
11.75,76.75,2020,7,10,23.07,4.62
11.75,77.25,2020,7,10,24.38,4.83
12.25,74.25,2020,7,10,27.1,3.43
12.25,74.75,2020,7,10,26.39,3.43
12.25,75.25,2020,7,10,24.91,4.01
12.25,75.75,2020,7,10,23.17,4.01
12.25,76.25,2020,7,10,22.58,4.19
12.25,76.75,2020,7,10,23.41,4.19
12.25,77.25,2020,7,10,24.05,4.41
12.75,74.25,2020,7,10,27.05,3.43
12.75,74.75,2020,7,10,26.05,3.43
12.75,75.25,2020,7,10,24.33,4.01
12.75,75.75,2020,7,10,22.62,4.01
12.75,76.25,2020,7,10,22.56,4.19
12.75,76.75,2020,7,10,23.34,4.19
12.75,77.25,2020,7,10,23.49,4.41
8.25,74.25,2020,7,11,27.45,5.27
8.25,74.75,2020,7,11,27.36,5.27
8.25,75.25,2020,7,11,27.27,4.91
8.25,75.75,2020,7,11,27.18,4.91
8.25,76.25,2020,7,11,27.07,5.18
8.25,76.75,2020,7,11,26.53,5.18
8.25,77.25,2020,7,11,26.33,5.66
8.75,74.25,2020,7,11,27.5,5.27
8.75,74.75,2020,7,11,27.42,5.27
8.75,75.25,2020,7,11,27.32,4.91
8.75,75.75,2020,7,11,27.16,4.91
8.75,76.25,2020,7,11,26.88,5.18
8.75,76.75,2020,7,11,25.64,5.18
8.75,77.25,2020,7,11,25.47,5.66
9.25,74.25,2020,7,11,27.58,5.67
9.25,74.75,2020,7,11,27.5,5.67
9.25,75.25,2020,7,11,27.35,5.72
9.25,75.75,2020,7,11,27.12,5.72
9.25,76.25,2020,7,11,26.75,5.3
9.25,76.75,2020,7,11,24.85,5.3
9.25,77.25,2020,7,11,24.96,4.87
9.75,74.25,2020,7,11,27.62,5.67
9.75,74.75,2020,7,11,27.55,5.67
9.75,75.25,2020,7,11,27.37,5.72
9.75,75.75,2020,7,11,27.01,5.72
9.75,76.25,2020,7,11,26.38,5.3
9.75,76.75,2020,7,11,23.77,5.3
9.75,77.25,2020,7,11,24.05,4.87
10.25,74.25,2020,7,11,27.59,5.14
10.25,74.75,2020,7,11,27.54,5.14
10.25,75.25,2020,7,11,27.33,5.46
10.25,75.75,2020,7,11,26.85,5.46
10.25,76.25,2020,7,11,25.9,5.41
10.25,76.75,2020,7,11,23.49,5.41
10.25,77.25,2020,7,11,24.16,5.7
10.75,74.25,2020,7,11,27.49,5.14
10.75,74.75,2020,7,11,27.45,5.14
10.75,75.25,2020,7,11,27.19,5.46
10.75,75.75,2020,7,11,26.5,5.46
10.75,76.25,2020,7,11,25.04,5.41
10.75,76.75,2020,7,11,24.01,5.41
10.75,77.25,2020,7,11,25.29,5.7
11.25,74.25,2020,7,11,27.35,3.27
11.25,74.75,2020,7,11,27.27,3.27
11.25,75.25,2020,7,11,26.81,4.66
11.25,75.75,2020,7,11,25.68,4.66
11.25,76.25,2020,7,11,23.62,4.91
11.25,76.75,2020,7,11,23.71,4.91
11.25,77.25,2020,7,11,25.49,5.27
11.75,74.25,2020,7,11,27.18,3.27
11.75,74.75,2020,7,11,26.97,3.27
11.75,75.25,2020,7,11,26.06,4.66
11.75,75.75,2020,7,11,24.48,4.66
11.75,76.25,2020,7,11,22.79,4.91
11.75,76.75,2020,7,11,23.31,4.91
11.75,77.25,2020,7,11,24.75,5.27
12.25,74.25,2020,7,11,27.12,4.64
12.25,74.75,2020,7,11,26.63,4.64
12.25,75.25,2020,7,11,25.2,4.58
12.25,75.75,2020,7,11,23.37,4.58
12.25,76.25,2020,7,11,22.65,4.94
12.25,76.75,2020,7,11,23.42,4.94
12.25,77.25,2020,7,11,24.11,5.78
12.75,74.25,2020,7,11,27.14,4.64
12.75,74.75,2020,7,11,26.35,4.64
12.75,75.25,2020,7,11,24.65,4.58
12.75,75.75,2020,7,11,22.84,4.58
12.75,76.25,2020,7,11,22.61,4.94
12.75,76.75,2020,7,11,23.33,4.94
12.75,77.25,2020,7,11,23.4,5.78
8.25,74.25,2020,7,12,27.33,4.14
8.25,74.75,2020,7,12,27.33,4.14
8.25,75.25,2020,7,12,27.32,4.39
8.25,75.75,2020,7,12,27.29,4.39
8.25,76.25,2020,7,12,27.24,5.09
8.25,76.75,2020,7,12,26.86,5.09
8.25,77.25,2020,7,12,26.76,5.45
8.75,74.25,2020,7,12,27.24,4.14
8.75,74.75,2020,7,12,27.3,4.14
8.75,75.25,2020,7,12,27.29,4.39
8.75,75.75,2020,7,12,27.18,4.39
8.75,76.25,2020,7,12,26.96,5.09
8.75,76.75,2020,7,12,25.83,5.09
8.75,77.25,2020,7,12,25.71,5.45
9.25,74.25,2020,7,12,27.27,5.23
9.25,74.75,2020,7,12,27.32,5.23
9.25,75.25,2020,7,12,27.28,4.68
9.25,75.75,2020,7,12,27.09,4.68
9.25,76.25,2020,7,12,26.73,4.88
9.25,76.75,2020,7,12,24.77,4.88
9.25,77.25,2020,7,12,24.95,5.9
9.75,74.25,2020,7,12,27.35,5.23
9.75,74.75,2020,7,12,27.35,5.23
9.75,75.25,2020,7,12,27.25,4.68
9.75,75.75,2020,7,12,26.97,4.68
9.75,76.25,2020,7,12,26.35,4.88
9.75,76.75,2020,7,12,23.6,4.88
9.75,77.25,2020,7,12,23.95,5.9
10.25,74.25,2020,7,12,27.37,5.2
10.25,74.75,2020,7,12,27.34,5.2
10.25,75.25,2020,7,12,27.19,5.39
10.25,75.75,2020,7,12,26.79,5.39
10.25,76.25,2020,7,12,25.89,5.44
10.25,76.75,2020,7,12,23.42,5.44
10.25,77.25,2020,7,12,24.08,6.29
10.75,74.25,2020,7,12,27.35,5.2
10.75,74.75,2020,7,12,27.29,5.2
10.75,75.25,2020,7,12,27.01,5.39
10.75,75.75,2020,7,12,26.34,5.39
10.75,76.25,2020,7,12,24.97,5.44
10.75,76.75,2020,7,12,24.14,5.44
10.75,77.25,2020,7,12,25.5,6.29
11.25,74.25,2020,7,12,27.32,5.08
11.25,74.75,2020,7,12,27.19,5.08
11.25,75.25,2020,7,12,26.62,6.08
11.25,75.75,2020,7,12,25.42,6.08
11.25,76.25,2020,7,12,23.48,5.47
11.25,76.75,2020,7,12,23.98,5.47
11.25,77.25,2020,7,12,26.08,6.07
11.75,74.25,2020,7,12,27.23,5.08
11.75,74.75,2020,7,12,26.93,5.08
11.75,75.25,2020,7,12,25.89,6.08
11.75,75.75,2020,7,12,24.25,6.08
11.75,76.25,2020,7,12,22.72,5.47
11.75,76.75,2020,7,12,23.57,5.47
11.75,77.25,2020,7,12,25.39,6.07
12.25,74.25,2020,7,12,27.01,5.96
12.25,74.75,2020,7,12,26.4,5.96
12.25,75.25,2020,7,12,24.94,4.71
12.25,75.75,2020,7,12,23.22,4.71
12.25,76.25,2020,7,12,22.83,5.77
12.25,76.75,2020,7,12,23.82,5.77
12.25,77.25,2020,7,12,24.7,6.1
12.75,74.25,2020,7,12,26.7,5.96
12.75,74.75,2020,7,12,25.8,5.96
12.75,75.25,2020,7,12,24.2,4.71
12.75,75.75,2020,7,12,22.67,4.71
12.75,76.25,2020,7,12,22.88,5.77
12.75,76.75,2020,7,12,23.86,5.77
12.75,77.25,2020,7,12,24.11,6.1
8.25,74.25,2020,7,13,27.4,5.71
8.25,74.75,2020,7,13,27.25,5.71
8.25,75.25,2020,7,13,27.18,5.42
8.25,75.75,2020,7,13,27.1,5.42
8.25,76.25,2020,7,13,26.92,5.26
8.25,76.75,2020,7,13,26.52,5.26
8.25,77.25,2020,7,13,26.42,5.4
8.75,74.25,2020,7,13,27.12,5.71
8.75,74.75,2020,7,13,27.11,5.71
8.75,75.25,2020,7,13,27.15,5.42
8.75,75.75,2020,7,13,27.09,5.42
8.75,76.25,2020,7,13,26.78,5.26
8.75,76.75,2020,7,13,25.64,5.26
8.75,77.25,2020,7,13,25.58,5.4
9.25,74.25,2020,7,13,26.97,4.62
9.25,74.75,2020,7,13,27.08,4.62
9.25,75.25,2020,7,13,27.21,4.38
9.25,75.75,2020,7,13,27.19,4.38
9.25,76.25,2020,7,13,26.79,4.41
9.25,76.75,2020,7,13,24.82,4.41
9.25,77.25,2020,7,13,24.98,4.08
9.75,74.25,2020,7,13,26.87,4.62
9.75,74.75,2020,7,13,27.04,4.62
9.75,75.25,2020,7,13,27.22,4.38
9.75,75.75,2020,7,13,27.16,4.38
9.75,76.25,2020,7,13,26.51,4.41
9.75,76.75,2020,7,13,23.79,4.41
9.75,77.25,2020,7,13,24.04,4.08
10.25,74.25,2020,7,13,26.81,3.27
10.25,74.75,2020,7,13,27,3.27
10.25,75.25,2020,7,13,27.13,3.87
10.25,75.75,2020,7,13,26.9,3.87
10.25,76.25,2020,7,13,25.96,4.01
10.25,76.75,2020,7,13,23.52,4.01
10.25,77.25,2020,7,13,24.08,4.28
10.75,74.25,2020,7,13,26.81,3.27
10.75,74.75,2020,7,13,26.97,3.27
10.75,75.25,2020,7,13,26.9,3.87
10.75,75.75,2020,7,13,26.3,3.87
10.75,76.25,2020,7,13,24.87,4.01
10.75,76.75,2020,7,13,24.02,4.01
10.75,77.25,2020,7,13,25.39,4.28
11.25,74.25,2020,7,13,26.89,4
11.25,74.75,2020,7,13,26.95,4
11.25,75.25,2020,7,13,26.47,4.05
11.25,75.75,2020,7,13,25.22,4.05
11.25,76.25,2020,7,13,23.19,3.95
11.25,76.75,2020,7,13,23.69,3.95
11.25,77.25,2020,7,13,25.84,4.28
11.75,74.25,2020,7,13,26.97,4
11.75,74.75,2020,7,13,26.78,4
11.75,75.25,2020,7,13,25.69,4.05
11.75,75.75,2020,7,13,23.86,4.05
11.75,76.25,2020,7,13,22.21,3.95
11.75,76.75,2020,7,13,23.16,3.95
11.75,77.25,2020,7,13,24.93,4.28
12.25,74.25,2020,7,13,26.94,3.71
12.25,74.75,2020,7,13,26.33,3.71
12.25,75.25,2020,7,13,24.67,4.23
12.25,75.75,2020,7,13,22.66,4.23
12.25,76.25,2020,7,13,22.06,4.86
12.25,76.75,2020,7,13,23.12,4.86
12.25,77.25,2020,7,13,23.94,5.21
12.75,74.25,2020,7,13,26.82,3.71
12.75,74.75,2020,7,13,25.84,3.71
12.75,75.25,2020,7,13,24,4.23
12.75,75.75,2020,7,13,22.16,4.23
12.75,76.25,2020,7,13,22.05,4.86
12.75,76.75,2020,7,13,22.97,4.86
12.75,77.25,2020,7,13,23.23,5.21
8.25,74.25,2020,7,14,28.03,6.06
8.25,74.75,2020,7,14,28.06,6.06
8.25,75.25,2020,7,14,28,6.22
8.25,75.75,2020,7,14,27.8,6.22
8.25,76.25,2020,7,14,27.44,6.34
8.25,76.75,2020,7,14,26.89,6.34
8.25,77.25,2020,7,14,26.93,6.07
8.75,74.25,2020,7,14,27.95,6.06
8.75,74.75,2020,7,14,27.93,6.06
8.75,75.25,2020,7,14,27.8,6.22
8.75,75.75,2020,7,14,27.53,6.22
8.75,76.25,2020,7,14,27.11,6.34
8.75,76.75,2020,7,14,26.02,6.34
8.75,77.25,2020,7,14,26.24,6.07
9.25,74.25,2020,7,14,27.79,5.1
9.25,74.75,2020,7,14,27.72,5.1
9.25,75.25,2020,7,14,27.6,5.64
9.25,75.75,2020,7,14,27.37,5.64
9.25,76.25,2020,7,14,26.94,6.21
9.25,76.75,2020,7,14,25.15,6.21
9.25,77.25,2020,7,14,25.51,5.63
9.75,74.25,2020,7,14,27.63,5.1
9.75,74.75,2020,7,14,27.53,5.1
9.75,75.25,2020,7,14,27.45,5.64
9.75,75.75,2020,7,14,27.22,5.64
9.75,76.25,2020,7,14,26.58,6.21
9.75,76.75,2020,7,14,24,6.21
9.75,77.25,2020,7,14,24.12,5.63
10.25,74.25,2020,7,14,27.45,4.25
10.25,74.75,2020,7,14,27.37,4.25
10.25,75.25,2020,7,14,27.29,5.43
10.25,75.75,2020,7,14,26.97,5.43
10.25,76.25,2020,7,14,26.07,5.77
10.25,76.75,2020,7,14,23.69,5.77
10.25,77.25,2020,7,14,23.84,5.94
10.75,74.25,2020,7,14,27.34,4.25
10.75,74.75,2020,7,14,27.28,4.25
10.75,75.25,2020,7,14,27.08,5.43
10.75,75.75,2020,7,14,26.48,5.43
10.75,76.25,2020,7,14,25.11,5.77
10.75,76.75,2020,7,14,24.13,5.77
10.75,77.25,2020,7,14,25.05,5.94
11.25,74.25,2020,7,14,27.36,3.62
11.25,74.75,2020,7,14,27.27,3.62
11.25,75.25,2020,7,14,26.78,4.69
11.25,75.75,2020,7,14,25.63,4.69
11.25,76.25,2020,7,14,23.6,5.19
11.25,76.75,2020,7,14,23.66,5.19
11.25,77.25,2020,7,14,25.45,5.38
11.75,74.25,2020,7,14,27.42,3.62
11.75,74.75,2020,7,14,27.19,3.62
11.75,75.25,2020,7,14,26.22,4.69
11.75,75.75,2020,7,14,24.57,4.69
11.75,76.25,2020,7,14,22.85,5.19
11.75,76.75,2020,7,14,23.18,5.19
11.75,77.25,2020,7,14,24.6,5.38
12.25,74.25,2020,7,14,27.44,2.25
12.25,74.75,2020,7,14,26.92,2.25
12.25,75.25,2020,7,14,25.47,2.78
12.25,75.75,2020,7,14,23.62,2.78
12.25,76.25,2020,7,14,22.91,3.91
12.25,76.75,2020,7,14,23.47,3.91
12.25,77.25,2020,7,14,23.91,4.02
12.75,74.25,2020,7,14,27.39,2.25
12.75,74.75,2020,7,14,26.57,2.25
12.75,75.25,2020,7,14,24.91,2.78
12.75,75.75,2020,7,14,23.16,2.78
12.75,76.25,2020,7,14,22.97,3.91
12.75,76.75,2020,7,14,23.54,3.91
12.75,77.25,2020,7,14,23.46,4.02
8.25,74.25,2020,7,15,28.35,3.49
8.25,74.75,2020,7,15,28.15,3.49
8.25,75.25,2020,7,15,27.98,3.93
8.25,75.75,2020,7,15,27.77,3.93
8.25,76.25,2020,7,15,27.49,5.03
8.25,76.75,2020,7,15,26.92,5.03
8.25,77.25,2020,7,15,26.65,5.27
8.75,74.25,2020,7,15,28.49,3.49
8.75,74.75,2020,7,15,28.3,3.49
8.75,75.25,2020,7,15,28.02,3.93
8.75,75.75,2020,7,15,27.64,3.93
8.75,76.25,2020,7,15,27.14,5.03
8.75,76.75,2020,7,15,26.01,5.03
8.75,77.25,2020,7,15,25.82,5.27
9.25,74.25,2020,7,15,28.47,3.55
9.25,74.75,2020,7,15,28.32,3.55
9.25,75.25,2020,7,15,28.06,3.61
9.25,75.75,2020,7,15,27.64,3.61
9.25,76.25,2020,7,15,26.98,4.47
9.25,76.75,2020,7,15,25.07,4.47
9.25,77.25,2020,7,15,25.24,4.91
9.75,74.25,2020,7,15,28.33,3.55
9.75,74.75,2020,7,15,28.2,3.55
9.75,75.25,2020,7,15,27.98,3.61
9.75,75.75,2020,7,15,27.51,3.61
9.75,76.25,2020,7,15,26.57,4.47
9.75,76.75,2020,7,15,23.84,4.47
9.75,77.25,2020,7,15,24.12,4.91
10.25,74.25,2020,7,15,28.1,3.04
10.25,74.75,2020,7,15,27.94,3.04
10.25,75.25,2020,7,15,27.66,2.65
10.25,75.75,2020,7,15,27.09,2.65
10.25,76.25,2020,7,15,25.91,3.72
10.25,76.75,2020,7,15,23.45,3.72
10.25,77.25,2020,7,15,23.92,4.57
10.75,74.25,2020,7,15,27.84,3.04
10.75,74.75,2020,7,15,27.63,3.04
10.75,75.25,2020,7,15,27.22,2.65
10.75,75.75,2020,7,15,26.37,2.65
10.75,76.25,2020,7,15,24.78,3.72
10.75,76.75,2020,7,15,23.78,3.72
10.75,77.25,2020,7,15,24.88,4.57
11.25,74.25,2020,7,15,27.68,1.85
11.25,74.75,2020,7,15,27.47,1.85
11.25,75.25,2020,7,15,26.78,2.35
11.25,75.75,2020,7,15,25.38,2.35
11.25,76.25,2020,7,15,23.23,3.63
11.25,76.75,2020,7,15,23.28,3.63
11.25,77.25,2020,7,15,25.02,3.79
11.75,74.25,2020,7,15,27.68,1.85
11.75,74.75,2020,7,15,27.35,1.85
11.75,75.25,2020,7,15,26.12,2.35
11.75,75.75,2020,7,15,24.15,2.35
11.75,76.25,2020,7,15,22.37,3.63
11.75,76.75,2020,7,15,22.81,3.63
11.75,77.25,2020,7,15,24.27,3.79
12.25,74.25,2020,7,15,27.71,1.47
12.25,74.75,2020,7,15,27.03,1.47
12.25,75.25,2020,7,15,25.21,2.18
12.25,75.75,2020,7,15,22.96,2.18
12.25,76.25,2020,7,15,22.23,3.37
12.25,76.75,2020,7,15,23.05,3.37
12.25,77.25,2020,7,15,23.75,3.5
12.75,74.25,2020,7,15,27.55,1.47
12.75,74.75,2020,7,15,26.49,1.47
12.75,75.25,2020,7,15,24.44,2.18
12.75,75.75,2020,7,15,22.35,2.18
12.75,76.25,2020,7,15,22.19,3.37
12.75,76.75,2020,7,15,23.11,3.37
12.75,77.25,2020,7,15,23.31,3.5
8.25,74.25,2020,7,16,28.29,2.15
8.25,74.75,2020,7,16,28.28,2.15
8.25,75.25,2020,7,16,28.14,2.27
8.25,75.75,2020,7,16,27.81,2.27
8.25,76.25,2020,7,16,27.34,3.05
8.25,76.75,2020,7,16,26.68,3.05
8.25,77.25,2020,7,16,26.27,3.32
8.75,74.25,2020,7,16,28.43,2.15
8.75,74.75,2020,7,16,28.4,2.15
8.75,75.25,2020,7,16,28.18,2.27
8.75,75.75,2020,7,16,27.72,2.27
8.75,76.25,2020,7,16,27.11,3.05
8.75,76.75,2020,7,16,25.85,3.05
8.75,77.25,2020,7,16,25.44,3.32
9.25,74.25,2020,7,16,28.44,1.56
9.25,74.75,2020,7,16,28.42,1.56
9.25,75.25,2020,7,16,28.21,1.74
9.25,75.75,2020,7,16,27.78,1.74
9.25,76.25,2020,7,16,27.12,2.8
9.25,76.75,2020,7,16,24.95,2.8
9.25,77.25,2020,7,16,24.79,3.12
9.75,74.25,2020,7,16,28.47,1.56
9.75,74.75,2020,7,16,28.41,1.56
9.75,75.25,2020,7,16,28.2,1.74
9.75,75.75,2020,7,16,27.72,1.74
9.75,76.25,2020,7,16,26.81,2.8
9.75,76.75,2020,7,16,23.73,2.8
9.75,77.25,2020,7,16,23.63,3.12
10.25,74.25,2020,7,16,28.45,0.98
10.25,74.75,2020,7,16,28.36,0.98
10.25,75.25,2020,7,16,28.09,1.06
10.25,75.75,2020,7,16,27.46,1.06
10.25,76.25,2020,7,16,26.19,2.09
10.25,76.75,2020,7,16,23.45,2.09
10.25,77.25,2020,7,16,23.7,3.29
10.75,74.25,2020,7,16,28.34,0.98
10.75,74.75,2020,7,16,28.2,0.98
10.75,75.25,2020,7,16,27.79,1.06
10.75,75.75,2020,7,16,26.86,1.06
10.75,76.25,2020,7,16,25.09,2.09
10.75,76.75,2020,7,16,23.96,2.09
10.75,77.25,2020,7,16,25.05,3.29
11.25,74.25,2020,7,16,28.19,1.23
11.25,74.75,2020,7,16,27.98,1.23
11.25,75.25,2020,7,16,27.27,2.61
11.25,75.75,2020,7,16,25.83,2.61
11.25,76.25,2020,7,16,23.55,3.06
11.25,76.75,2020,7,16,23.54,3.06
11.25,77.25,2020,7,16,25.36,3.77
11.75,74.25,2020,7,16,28.07,1.23
11.75,74.75,2020,7,16,27.67,1.23
11.75,75.25,2020,7,16,26.47,2.61
11.75,75.75,2020,7,16,24.6,2.61
11.75,76.25,2020,7,16,22.81,3.06
11.75,76.75,2020,7,16,23.11,3.06
11.75,77.25,2020,7,16,24.49,3.77
12.25,74.25,2020,7,16,27.97,3.35
12.25,74.75,2020,7,16,27.29,3.35
12.25,75.25,2020,7,16,25.58,1.96
12.25,75.75,2020,7,16,23.5,1.96
12.25,76.25,2020,7,16,22.8,2.84
12.25,76.75,2020,7,16,23.36,2.84
12.25,77.25,2020,7,16,23.82,3.52
12.75,74.25,2020,7,16,27.84,3.35
12.75,74.75,2020,7,16,26.86,3.35
12.75,75.25,2020,7,16,24.93,1.96
12.75,75.75,2020,7,16,22.92,1.96
12.75,76.25,2020,7,16,22.68,2.84
12.75,76.75,2020,7,16,23.28,2.84
12.75,77.25,2020,7,16,23.29,3.52
8.25,74.25,2020,7,17,27.95,2.55
8.25,74.75,2020,7,17,27.85,2.55
8.25,75.25,2020,7,17,27.71,3.73
8.25,75.75,2020,7,17,27.51,3.73
8.25,76.25,2020,7,17,27.22,3.22
8.25,76.75,2020,7,17,26.72,3.22
8.25,77.25,2020,7,17,26.7,3.68
8.75,74.25,2020,7,17,28.01,2.55
8.75,74.75,2020,7,17,27.93,2.55
8.75,75.25,2020,7,17,27.77,3.73
8.75,75.75,2020,7,17,27.5,3.73
8.75,76.25,2020,7,17,27.05,3.22
8.75,76.75,2020,7,17,26.02,3.22
8.75,77.25,2020,7,17,26.1,3.68
9.25,74.25,2020,7,17,27.93,1.62
9.25,74.75,2020,7,17,27.86,1.62
9.25,75.25,2020,7,17,27.75,2.33
9.25,75.75,2020,7,17,27.49,2.33
9.25,76.25,2020,7,17,26.98,3.24
9.25,76.75,2020,7,17,25.01,3.24
9.25,77.25,2020,7,17,25.21,3.24
9.75,74.25,2020,7,17,27.94,1.62
9.75,74.75,2020,7,17,27.84,1.62
9.75,75.25,2020,7,17,27.69,2.33
9.75,75.75,2020,7,17,27.33,2.33
9.75,76.25,2020,7,17,26.53,3.24
9.75,76.75,2020,7,17,23.44,3.24
9.75,77.25,2020,7,17,23.46,3.24
10.25,74.25,2020,7,17,27.95,1.35
10.25,74.75,2020,7,17,27.78,1.35
10.25,75.25,2020,7,17,27.52,1.75
10.25,75.75,2020,7,17,26.96,1.75
10.25,76.25,2020,7,17,25.81,2.51
10.25,76.75,2020,7,17,22.88,2.51
10.25,77.25,2020,7,17,23,3.89
10.75,74.25,2020,7,17,27.89,1.35
10.75,74.75,2020,7,17,27.67,1.35
10.75,75.25,2020,7,17,27.24,1.75
10.75,75.75,2020,7,17,26.33,1.75
10.75,76.25,2020,7,17,24.58,2.51
10.75,76.75,2020,7,17,23.24,2.51
10.75,77.25,2020,7,17,24.15,3.89
11.25,74.25,2020,7,17,27.79,0.96
11.25,74.75,2020,7,17,27.54,0.96
11.25,75.25,2020,7,17,26.84,1.02
11.25,75.75,2020,7,17,25.34,1.02
11.25,76.25,2020,7,17,22.86,2.12
11.25,76.75,2020,7,17,22.71,2.12
11.25,77.25,2020,7,17,24.45,3.63
11.75,74.25,2020,7,17,27.7,0.96
11.75,74.75,2020,7,17,27.31,0.96
11.75,75.25,2020,7,17,26.1,1.02
11.75,75.75,2020,7,17,24.13,1.02
11.75,76.25,2020,7,17,22.09,2.12
11.75,76.75,2020,7,17,22.3,2.12
11.75,77.25,2020,7,17,23.7,3.63
12.25,74.25,2020,7,17,27.66,0.92
12.25,74.75,2020,7,17,26.99,0.92
12.25,75.25,2020,7,17,25.27,1.61
12.25,75.75,2020,7,17,23.12,1.61
12.25,76.25,2020,7,17,22.32,2.98
12.25,76.75,2020,7,17,22.87,2.98
12.25,77.25,2020,7,17,23.38,3.56
12.75,74.25,2020,7,17,27.6,0.92
12.75,74.75,2020,7,17,26.7,0.92
12.75,75.25,2020,7,17,24.76,1.61
12.75,75.75,2020,7,17,22.69,1.61
12.75,76.25,2020,7,17,22.47,2.98
12.75,76.75,2020,7,17,23.13,2.98
12.75,77.25,2020,7,17,23.18,3.56
8.25,74.25,2020,7,18,27.74,4.69
8.25,74.75,2020,7,18,27.57,4.69
8.25,75.25,2020,7,18,27.35,5.02
8.25,75.75,2020,7,18,27.07,5.02
8.25,76.25,2020,7,18,26.78,5.3
8.25,76.75,2020,7,18,26.37,5.3
8.25,77.25,2020,7,18,26.59,5.15
8.75,74.25,2020,7,18,27.95,4.69
8.75,74.75,2020,7,18,27.79,4.69
8.75,75.25,2020,7,18,27.53,5.02
8.75,75.75,2020,7,18,27.16,5.02
8.75,76.25,2020,7,18,26.74,5.3
8.75,76.75,2020,7,18,25.76,5.3
8.75,77.25,2020,7,18,26.08,5.15
9.25,74.25,2020,7,18,28.08,6.1
9.25,74.75,2020,7,18,27.93,6.1
9.25,75.25,2020,7,18,27.65,4.96
9.25,75.75,2020,7,18,27.24,4.96
9.25,76.25,2020,7,18,26.74,4.3
9.25,76.75,2020,7,18,24.96,4.3
9.25,77.25,2020,7,18,25.3,4.67
9.75,74.25,2020,7,18,28.29,6.1
9.75,74.75,2020,7,18,28.12,6.1
9.75,75.25,2020,7,18,27.79,4.96
9.75,75.75,2020,7,18,27.24,4.96
9.75,76.25,2020,7,18,26.47,4.3
9.75,76.75,2020,7,18,23.66,4.3
9.75,77.25,2020,7,18,23.78,4.67
10.25,74.25,2020,7,18,28.43,4.3
10.25,74.75,2020,7,18,28.22,4.3
10.25,75.25,2020,7,18,27.8,3.56
10.25,75.75,2020,7,18,27.08,3.56
10.25,76.25,2020,7,18,25.98,3.93
10.25,76.75,2020,7,18,23.23,3.93
10.25,77.25,2020,7,18,23.49,5.06
10.75,74.25,2020,7,18,28.39,4.3
10.75,74.75,2020,7,18,28.14,4.3
10.75,75.25,2020,7,18,27.61,3.56
10.75,75.75,2020,7,18,26.61,3.56
10.75,76.25,2020,7,18,24.92,3.93
10.75,76.75,2020,7,18,23.72,3.93
10.75,77.25,2020,7,18,24.86,5.06
11.25,74.25,2020,7,18,28.17,3.02
11.25,74.75,2020,7,18,27.87,3.02
11.25,75.25,2020,7,18,27.1,3.24
11.25,75.75,2020,7,18,25.62,3.24
11.25,76.25,2020,7,18,23.28,3.65
11.25,76.75,2020,7,18,23.46,3.65
11.25,77.25,2020,7,18,25.54,4.86
11.75,74.25,2020,7,18,27.89,3.02
11.75,74.75,2020,7,18,27.48,3.02
11.75,75.25,2020,7,18,26.27,3.24
11.75,75.75,2020,7,18,24.37,3.24
11.75,76.25,2020,7,18,22.55,3.65
11.75,76.75,2020,7,18,23.23,3.65
11.75,77.25,2020,7,18,24.97,4.86
12.25,74.25,2020,7,18,27.7,2.79
12.25,74.75,2020,7,18,27.04,2.79
12.25,75.25,2020,7,18,25.39,3.15
12.25,75.75,2020,7,18,23.36,3.15
12.25,76.25,2020,7,18,22.72,4.29
12.25,76.75,2020,7,18,23.58,4.29
12.25,77.25,2020,7,18,24.34,4.58
12.75,74.25,2020,7,18,27.53,2.79
12.75,74.75,2020,7,18,26.62,2.79
12.75,75.25,2020,7,18,24.8,3.15
12.75,75.75,2020,7,18,22.9,3.15
12.75,76.25,2020,7,18,22.75,4.29
12.75,76.75,2020,7,18,23.59,4.29
12.75,77.25,2020,7,18,23.83,4.58
8.25,74.25,2020,7,19,27.82,3.2
8.25,74.75,2020,7,19,27.78,3.2
8.25,75.25,2020,7,19,27.64,5.29
8.25,75.75,2020,7,19,27.35,5.29
8.25,76.25,2020,7,19,26.95,6.12
8.25,76.75,2020,7,19,26.51,6.12
8.25,77.25,2020,7,19,26.66,5.25
8.75,74.25,2020,7,19,27.79,3.2
8.75,74.75,2020,7,19,27.75,3.2
8.75,75.25,2020,7,19,27.59,5.29
8.75,75.75,2020,7,19,27.26,5.29
8.75,76.25,2020,7,19,26.78,6.12
8.75,76.75,2020,7,19,25.87,6.12
8.75,77.25,2020,7,19,26.2,5.25
9.25,74.25,2020,7,19,27.76,4.86
9.25,74.75,2020,7,19,27.75,4.86
9.25,75.25,2020,7,19,27.64,5.8
9.25,75.75,2020,7,19,27.36,5.8
9.25,76.25,2020,7,19,26.87,5.69
9.25,76.75,2020,7,19,25.28,5.69
9.25,77.25,2020,7,19,25.66,5.26
9.75,74.25,2020,7,19,27.74,4.86
9.75,74.75,2020,7,19,27.69,4.86
9.75,75.25,2020,7,19,27.55,5.8
9.75,75.75,2020,7,19,27.2,5.8
9.75,76.25,2020,7,19,26.52,5.69
9.75,76.75,2020,7,19,24.06,5.69
9.75,77.25,2020,7,19,24.06,5.26
10.25,74.25,2020,7,19,27.62,5.73
10.25,74.75,2020,7,19,27.5,5.73
10.25,75.25,2020,7,19,27.3,5.76
10.25,75.75,2020,7,19,26.87,5.76
10.25,76.25,2020,7,19,26.03,5
10.25,76.75,2020,7,19,23.61,5
10.25,77.25,2020,7,19,23.64,5.28
10.75,74.25,2020,7,19,27.39,5.73
10.75,74.75,2020,7,19,27.27,5.73
10.75,75.25,2020,7,19,27,5.76
10.75,75.75,2020,7,19,26.37,5.76
10.75,76.25,2020,7,19,25.07,5
10.75,76.75,2020,7,19,24.01,5
10.75,77.25,2020,7,19,24.79,5.28
11.25,74.25,2020,7,19,27.19,6.01
11.25,74.75,2020,7,19,27.07,6.01
11.25,75.25,2020,7,19,26.6,5.68
11.25,75.75,2020,7,19,25.51,5.68
11.25,76.25,2020,7,19,23.53,4.94
11.25,76.75,2020,7,19,23.54,4.94
11.25,77.25,2020,7,19,25.07,5.8
11.75,74.25,2020,7,19,27.08,6.01
11.75,74.75,2020,7,19,26.83,6.01
11.75,75.25,2020,7,19,25.92,5.68
11.75,75.75,2020,7,19,24.39,5.68
11.75,76.25,2020,7,19,22.74,4.94
11.75,76.75,2020,7,19,23.14,4.94
11.75,77.25,2020,7,19,24.4,5.8
12.25,74.25,2020,7,19,26.99,5.7
12.25,74.75,2020,7,19,26.46,5.7
12.25,75.25,2020,7,19,25.05,4.83
12.25,75.75,2020,7,19,23.3,4.83
12.25,76.25,2020,7,19,22.64,5.28
12.25,76.75,2020,7,19,23.47,5.28
12.25,77.25,2020,7,19,24.12,5.16
12.75,74.25,2020,7,19,26.87,5.7
12.75,74.75,2020,7,19,26.07,5.7
12.75,75.25,2020,7,19,24.46,4.83
12.75,75.75,2020,7,19,22.74,4.83
12.75,76.25,2020,7,19,22.54,5.28
12.75,76.75,2020,7,19,23.56,5.28
12.75,77.25,2020,7,19,23.9,5.16
8.25,74.25,2020,7,20,27.56,1.95
8.25,74.75,2020,7,20,27.41,1.95
8.25,75.25,2020,7,20,27.18,2.79
8.25,75.75,2020,7,20,26.86,2.79
8.25,76.25,2020,7,20,26.5,4.07
8.25,76.75,2020,7,20,26.12,4.07
8.25,77.25,2020,7,20,26.12,4.29
8.75,74.25,2020,7,20,27.63,1.95
8.75,74.75,2020,7,20,27.32,1.95
8.75,75.25,2020,7,20,26.95,2.79
8.75,75.75,2020,7,20,26.59,2.79
8.75,76.25,2020,7,20,26.27,4.07
8.75,76.75,2020,7,20,25.51,4.07
8.75,77.25,2020,7,20,25.6,4.29
9.25,74.25,2020,7,20,27.5,2.84
9.25,74.75,2020,7,20,27.1,2.84
9.25,75.25,2020,7,20,26.73,3.99
9.25,75.75,2020,7,20,26.47,3.99
9.25,76.25,2020,7,20,26.29,4.88
9.25,76.75,2020,7,20,25.01,4.88
9.25,77.25,2020,7,20,25.18,4.38
9.75,74.25,2020,7,20,27.24,2.84
9.75,74.75,2020,7,20,26.84,2.84
9.75,75.25,2020,7,20,26.53,3.99
9.75,75.75,2020,7,20,26.28,3.99
9.75,76.25,2020,7,20,26,4.88
9.75,76.75,2020,7,20,24.07,4.88
9.75,77.25,2020,7,20,24.08,4.38
10.25,74.25,2020,7,20,26.97,4.37
10.25,74.75,2020,7,20,26.66,4.37
10.25,75.25,2020,7,20,26.43,5.19
10.25,75.75,2020,7,20,26.13,5.19
10.25,76.25,2020,7,20,25.55,4.65
10.25,76.75,2020,7,20,23.73,4.65
10.25,77.25,2020,7,20,24.04,4.37
10.75,74.25,2020,7,20,26.89,4.37
10.75,74.75,2020,7,20,26.7,4.37
10.75,75.25,2020,7,20,26.45,5.19
10.75,75.75,2020,7,20,25.88,5.19
10.75,76.25,2020,7,20,24.67,4.65
10.75,76.75,2020,7,20,24.01,4.65
10.75,77.25,2020,7,20,25.18,4.37
11.25,74.25,2020,7,20,26.92,5.49
11.25,74.75,2020,7,20,26.82,5.49
11.25,75.25,2020,7,20,26.34,5.98
11.25,75.75,2020,7,20,25.23,5.98
11.25,76.25,2020,7,20,23.38,4.31
11.25,76.75,2020,7,20,23.58,4.31
11.25,77.25,2020,7,20,25.31,5.24
11.75,74.25,2020,7,20,26.91,5.49
11.75,74.75,2020,7,20,26.72,5.49
11.75,75.25,2020,7,20,25.82,5.98
11.75,75.75,2020,7,20,24.3,5.98
11.75,76.25,2020,7,20,22.9,4.31
11.75,76.75,2020,7,20,23.42,4.31
11.75,77.25,2020,7,20,24.62,5.24
12.25,74.25,2020,7,20,26.83,6
12.25,74.75,2020,7,20,26.38,6
12.25,75.25,2020,7,20,25.08,4.88
12.25,75.75,2020,7,20,23.49,4.88
12.25,76.25,2020,7,20,23.06,4.71
12.25,76.75,2020,7,20,23.87,4.71
12.25,77.25,2020,7,20,24.25,5.46
12.75,74.25,2020,7,20,26.79,6
12.75,74.75,2020,7,20,26.06,6
12.75,75.25,2020,7,20,24.56,4.88
12.75,75.75,2020,7,20,23.03,4.88
12.75,76.25,2020,7,20,23.01,4.71
12.75,76.75,2020,7,20,23.79,4.71
12.75,77.25,2020,7,20,23.78,5.46
8.25,74.25,2020,7,21,27.81,4.48
8.25,74.75,2020,7,21,27.74,4.48
8.25,75.25,2020,7,21,27.52,4.91
8.25,75.75,2020,7,21,27.16,4.91
8.25,76.25,2020,7,21,26.73,6.11
8.25,76.75,2020,7,21,26.35,6.11
8.25,77.25,2020,7,21,26.19,5.49
8.75,74.25,2020,7,21,27.8,4.48
8.75,74.75,2020,7,21,27.74,4.48
8.75,75.25,2020,7,21,27.45,4.91
8.75,75.75,2020,7,21,26.91,4.91
8.75,76.25,2020,7,21,26.26,6.11
8.75,76.75,2020,7,21,25.21,6.11
8.75,77.25,2020,7,21,25.27,5.49
9.25,74.25,2020,7,21,27.89,5.05
9.25,74.75,2020,7,21,27.82,5.05
9.25,75.25,2020,7,21,27.43,5.78
9.25,75.75,2020,7,21,26.78,5.78
9.25,76.25,2020,7,21,26.23,6.38
9.25,76.75,2020,7,21,24.71,6.38
9.25,77.25,2020,7,21,24.88,5.73
9.75,74.25,2020,7,21,27.97,5.05
9.75,74.75,2020,7,21,27.8,5.05
9.75,75.25,2020,7,21,27.33,5.78
9.75,75.75,2020,7,21,26.66,5.78
9.75,76.25,2020,7,21,26.18,6.38
9.75,76.75,2020,7,21,24.26,6.38
9.75,77.25,2020,7,21,24.08,5.73
10.25,74.25,2020,7,21,27.85,5.62
10.25,74.75,2020,7,21,27.56,5.62
10.25,75.25,2020,7,21,27.11,6.13
10.25,75.75,2020,7,21,26.55,6.13
10.25,76.25,2020,7,21,25.97,6.19
10.25,76.75,2020,7,21,24.21,6.19
10.25,77.25,2020,7,21,24.18,6.15
10.75,74.25,2020,7,21,27.57,5.62
10.75,74.75,2020,7,21,27.28,5.62
10.75,75.25,2020,7,21,26.91,6.13
10.75,75.75,2020,7,21,26.3,6.13
10.75,76.25,2020,7,21,25.26,6.19
10.75,76.75,2020,7,21,24.46,6.19
10.75,77.25,2020,7,21,25.27,6.15
11.25,74.25,2020,7,21,27.22,5.85
11.25,74.75,2020,7,21,27.07,5.85
11.25,75.25,2020,7,21,26.65,6.55
11.25,75.75,2020,7,21,25.69,6.55
11.25,76.25,2020,7,21,23.98,6.04
11.25,76.75,2020,7,21,23.91,6.04
11.25,77.25,2020,7,21,25.38,6.74
11.75,74.25,2020,7,21,26.88,5.85
11.75,74.75,2020,7,21,26.79,5.85
11.75,75.25,2020,7,21,26.12,6.55
11.75,75.75,2020,7,21,24.8,6.55
11.75,76.25,2020,7,21,23.32,6.04
11.75,76.75,2020,7,21,23.63,6.04
11.75,77.25,2020,7,21,24.69,6.74
12.25,74.25,2020,7,21,26.7,5.86
12.25,74.75,2020,7,21,26.49,5.86
12.25,75.25,2020,7,21,25.5,5.64
12.25,75.75,2020,7,21,24.09,5.64
12.25,76.25,2020,7,21,23.5,6.2
12.25,76.75,2020,7,21,24.11,6.2
12.25,77.25,2020,7,21,24.44,6.75
12.75,74.25,2020,7,21,26.73,5.86
12.75,74.75,2020,7,21,26.3,5.86
12.75,75.25,2020,7,21,25.15,5.64
12.75,75.75,2020,7,21,23.82,5.64
12.75,76.25,2020,7,21,23.73,6.2
12.75,76.75,2020,7,21,24.33,6.2
12.75,77.25,2020,7,21,24.27,6.75
8.25,74.25,2020,7,22,27.51,5.59
8.25,74.75,2020,7,22,27.59,5.59
8.25,75.25,2020,7,22,27.52,5.88
8.25,75.75,2020,7,22,27.28,5.88
8.25,76.25,2020,7,22,26.99,5.93
8.25,76.75,2020,7,22,26.74,5.93
8.25,77.25,2020,7,22,26.7,5.41
8.75,74.25,2020,7,22,27.47,5.59
8.75,74.75,2020,7,22,27.57,5.59
8.75,75.25,2020,7,22,27.5,5.88
8.75,75.75,2020,7,22,27.21,5.88
8.75,76.25,2020,7,22,26.7,5.93
8.75,76.75,2020,7,22,25.81,5.93
8.75,77.25,2020,7,22,25.94,5.41
9.25,74.25,2020,7,22,27.54,5.67
9.25,74.75,2020,7,22,27.61,5.67
9.25,75.25,2020,7,22,27.57,5.58
9.25,75.75,2020,7,22,27.32,5.58
9.25,76.25,2020,7,22,26.79,5.26
9.25,76.75,2020,7,22,25.08,5.26
9.25,77.25,2020,7,22,25.17,4.93
9.75,74.25,2020,7,22,27.67,5.67
9.75,74.75,2020,7,22,27.64,5.67
9.75,75.25,2020,7,22,27.56,5.58
9.75,75.75,2020,7,22,27.29,5.58
9.75,76.25,2020,7,22,26.65,5.26
9.75,76.75,2020,7,22,24.29,5.26
9.75,77.25,2020,7,22,24.15,4.93
10.25,74.25,2020,7,22,27.74,5.65
10.25,74.75,2020,7,22,27.62,5.65
10.25,75.25,2020,7,22,27.45,5.55
10.25,75.75,2020,7,22,27.09,5.55
10.25,76.25,2020,7,22,26.27,5.09
10.25,76.75,2020,7,22,24.32,5.09
10.25,77.25,2020,7,22,24.44,5.4
10.75,74.25,2020,7,22,27.81,5.65
10.75,74.75,2020,7,22,27.62,5.65
10.75,75.25,2020,7,22,27.38,5.55
10.75,75.75,2020,7,22,26.82,5.55
10.75,76.25,2020,7,22,25.48,5.09
10.75,76.75,2020,7,22,24.83,5.09
10.75,77.25,2020,7,22,25.71,5.4
11.25,74.25,2020,7,22,27.77,5.97
11.25,74.75,2020,7,22,27.59,5.97
11.25,75.25,2020,7,22,27.2,6.08
11.25,75.75,2020,7,22,26.23,6.08
11.25,76.25,2020,7,22,24.29,5.2
11.25,76.75,2020,7,22,24.44,5.2
11.25,77.25,2020,7,22,25.84,5.95
11.75,74.25,2020,7,22,27.62,5.97
11.75,74.75,2020,7,22,27.42,5.97
11.75,75.25,2020,7,22,26.66,6.08
11.75,75.75,2020,7,22,25.25,6.08
11.75,76.25,2020,7,22,23.76,5.2
11.75,76.75,2020,7,22,24.15,5.2
11.75,77.25,2020,7,22,25.05,5.95
12.25,74.25,2020,7,22,27.48,6.38
12.25,74.75,2020,7,22,27.12,6.38
12.25,75.25,2020,7,22,25.99,5.57
12.25,75.75,2020,7,22,24.41,5.57
12.25,76.25,2020,7,22,23.89,5.73
12.25,76.75,2020,7,22,24.47,5.73
12.25,77.25,2020,7,22,24.62,5.8
12.75,74.25,2020,7,22,27.42,6.38
12.75,74.75,2020,7,22,26.86,6.38
12.75,75.25,2020,7,22,25.6,5.57
12.75,75.75,2020,7,22,24.14,5.57
12.75,76.25,2020,7,22,24.01,5.73
12.75,76.75,2020,7,22,24.46,5.73
12.75,77.25,2020,7,22,24.28,5.8
8.25,74.25,2020,7,23,27.53,2.51
8.25,74.75,2020,7,23,27.5,2.51
8.25,75.25,2020,7,23,27.36,3.3
8.25,75.75,2020,7,23,27.13,3.3
8.25,76.25,2020,7,23,26.87,4.99
8.25,76.75,2020,7,23,26.57,4.99
8.25,77.25,2020,7,23,26.54,5.48
8.75,74.25,2020,7,23,27.42,2.51
8.75,74.75,2020,7,23,27.39,2.51
8.75,75.25,2020,7,23,27.25,3.3
8.75,75.75,2020,7,23,26.98,3.3
8.75,76.25,2020,7,23,26.64,4.99
8.75,76.75,2020,7,23,25.81,4.99
8.75,77.25,2020,7,23,25.88,5.48
9.25,74.25,2020,7,23,27.43,4.38
9.25,74.75,2020,7,23,27.41,4.38
9.25,75.25,2020,7,23,27.3,4.98
9.25,75.75,2020,7,23,27.07,4.98
9.25,76.25,2020,7,23,26.75,5.3
9.25,76.75,2020,7,23,25.24,5.3
9.25,77.25,2020,7,23,25.31,5.06
9.75,74.25,2020,7,23,27.57,4.38
9.75,74.75,2020,7,23,27.58,4.38
9.75,75.25,2020,7,23,27.47,4.98
9.75,75.75,2020,7,23,27.16,4.98
9.75,76.25,2020,7,23,26.6,5.3
9.75,76.75,2020,7,23,24.33,5.3
9.75,77.25,2020,7,23,24.31,5.06
10.25,74.25,2020,7,23,27.68,3.66
10.25,74.75,2020,7,23,27.7,3.66
10.25,75.25,2020,7,23,27.55,5.14
10.25,75.75,2020,7,23,27.1,5.14
10.25,76.25,2020,7,23,26.18,5.22
10.25,76.75,2020,7,23,24.12,5.22
10.25,77.25,2020,7,23,24.51,5.03
10.75,74.25,2020,7,23,27.6,3.66
10.75,74.75,2020,7,23,27.61,3.66
10.75,75.25,2020,7,23,27.4,5.14
10.75,75.75,2020,7,23,26.7,5.14
10.75,76.25,2020,7,23,25.23,5.22
10.75,76.75,2020,7,23,24.43,5.22
10.75,77.25,2020,7,23,25.6,5.03
11.25,74.25,2020,7,23,27.45,4.72
11.25,74.75,2020,7,23,27.41,4.72
11.25,75.25,2020,7,23,27,4.8
11.25,75.75,2020,7,23,25.91,4.8
11.25,76.25,2020,7,23,23.89,4.72
11.25,76.75,2020,7,23,23.89,4.72
11.25,77.25,2020,7,23,25.43,4.81
11.75,74.25,2020,7,23,27.35,4.72
11.75,74.75,2020,7,23,27.17,4.72
11.75,75.25,2020,7,23,26.39,4.8
11.75,75.75,2020,7,23,24.99,4.8
11.75,76.25,2020,7,23,23.47,4.72
11.75,76.75,2020,7,23,23.6,4.72
11.75,77.25,2020,7,23,24.44,4.81
12.25,74.25,2020,7,23,27.3,5.14
12.25,74.75,2020,7,23,26.93,5.14
12.25,75.25,2020,7,23,25.82,4.97
12.25,75.75,2020,7,23,24.35,4.97
12.25,76.25,2020,7,23,23.73,5.37
12.25,76.75,2020,7,23,23.99,5.37
12.25,77.25,2020,7,23,23.94,5.38
12.75,74.25,2020,7,23,27.26,5.14
12.75,74.75,2020,7,23,26.69,5.14
12.75,75.25,2020,7,23,25.46,4.97
12.75,75.75,2020,7,23,24.09,4.97
12.75,76.25,2020,7,23,23.81,5.37
12.75,76.75,2020,7,23,24.14,5.37
12.75,77.25,2020,7,23,23.74,5.38
8.25,74.25,2020,7,24,27.27,2.48
8.25,74.75,2020,7,24,27.28,2.48
8.25,75.25,2020,7,24,27.21,3.75
8.25,75.75,2020,7,24,27.06,3.75
8.25,76.25,2020,7,24,26.88,3.24
8.25,76.75,2020,7,24,26.42,3.24
8.25,77.25,2020,7,24,26.17,3.97
8.75,74.25,2020,7,24,27.34,2.48
8.75,74.75,2020,7,24,27.32,2.48
8.75,75.25,2020,7,24,27.21,3.75
8.75,75.75,2020,7,24,26.97,3.75
8.75,76.25,2020,7,24,26.58,3.24
8.75,76.75,2020,7,24,25.33,3.24
8.75,77.25,2020,7,24,24.99,3.97
9.25,74.25,2020,7,24,27.46,4.61
9.25,74.75,2020,7,24,27.45,4.61
9.25,75.25,2020,7,24,27.33,4.84
9.25,75.75,2020,7,24,27.04,4.84
9.25,76.25,2020,7,24,26.46,4.29
9.25,76.75,2020,7,24,24.44,4.29
9.25,77.25,2020,7,24,24.26,5.04
9.75,74.25,2020,7,24,27.53,4.61
9.75,74.75,2020,7,24,27.58,4.61
9.75,75.25,2020,7,24,27.48,4.84
9.75,75.75,2020,7,24,27.1,4.84
9.75,76.25,2020,7,24,26.24,4.29
9.75,76.75,2020,7,24,23.45,4.29
9.75,77.25,2020,7,24,23.33,5.04
10.25,74.25,2020,7,24,27.62,4.65
10.25,74.75,2020,7,24,27.67,4.65
10.25,75.25,2020,7,24,27.51,4.97
10.25,75.75,2020,7,24,26.97,4.97
10.25,76.25,2020,7,24,25.82,4.83
10.25,76.75,2020,7,24,23.38,4.83
10.25,77.25,2020,7,24,23.7,5.16
10.75,74.25,2020,7,24,27.7,4.65
10.75,74.75,2020,7,24,27.7,4.65
10.75,75.25,2020,7,24,27.39,4.97
10.75,75.75,2020,7,24,26.55,4.97
10.75,76.25,2020,7,24,24.88,4.83
10.75,76.75,2020,7,24,23.89,4.83
10.75,77.25,2020,7,24,25.04,5.16
11.25,74.25,2020,7,24,27.74,4.57
11.25,74.75,2020,7,24,27.62,4.57
11.25,75.25,2020,7,24,27.04,4.17
11.25,75.75,2020,7,24,25.72,4.17
11.25,76.25,2020,7,24,23.48,4.1
11.25,76.75,2020,7,24,23.46,4.1
11.25,77.25,2020,7,24,25.1,4.41
11.75,74.25,2020,7,24,27.72,4.57
11.75,74.75,2020,7,24,27.39,4.57
11.75,75.25,2020,7,24,26.3,4.17
11.75,75.75,2020,7,24,24.56,4.17
11.75,76.25,2020,7,24,22.8,4.1
11.75,76.75,2020,7,24,23.16,4.1
11.75,77.25,2020,7,24,24.29,4.41
12.25,74.25,2020,7,24,27.58,5.39
12.25,74.75,2020,7,24,26.99,5.39
12.25,75.25,2020,7,24,25.44,4.84
12.25,75.75,2020,7,24,23.52,4.84
12.25,76.25,2020,7,24,22.83,4.6
12.25,76.75,2020,7,24,23.58,4.6
12.25,77.25,2020,7,24,23.97,3.98
12.75,74.25,2020,7,24,27.36,5.39
12.75,74.75,2020,7,24,26.58,5.39
12.75,75.25,2020,7,24,24.88,4.84
12.75,75.75,2020,7,24,23.12,4.84
12.75,76.25,2020,7,24,23.05,4.6
12.75,76.75,2020,7,24,23.82,4.6
12.75,77.25,2020,7,24,23.79,3.98
8.25,74.25,2020,7,25,27.71,6.04
8.25,74.75,2020,7,25,27.65,6.04
8.25,75.25,2020,7,25,27.54,6.32
8.25,75.75,2020,7,25,27.38,6.32
8.25,76.25,2020,7,25,27.19,5.68
8.25,76.75,2020,7,25,26.7,5.68
8.25,77.25,2020,7,25,26.48,5.05
8.75,74.25,2020,7,25,27.65,6.04
8.75,74.75,2020,7,25,27.66,6.04
8.75,75.25,2020,7,25,27.59,6.32
8.75,75.75,2020,7,25,27.43,6.32
8.75,76.25,2020,7,25,27.13,5.68
8.75,76.75,2020,7,25,25.84,5.68
8.75,77.25,2020,7,25,25.56,5.05
9.25,74.25,2020,7,25,27.61,5.6
9.25,74.75,2020,7,25,27.67,5.6
9.25,75.25,2020,7,25,27.66,5.62
9.25,75.75,2020,7,25,27.5,5.62
9.25,76.25,2020,7,25,27.07,5.6
9.25,76.75,2020,7,25,24.83,5.6
9.25,77.25,2020,7,25,24.73,4.95
9.75,74.25,2020,7,25,27.68,5.6
9.75,74.75,2020,7,25,27.73,5.6
9.75,75.25,2020,7,25,27.7,5.62
9.75,75.75,2020,7,25,27.42,5.62
9.75,76.25,2020,7,25,26.62,5.6
9.75,76.75,2020,7,25,23.44,5.6
9.75,77.25,2020,7,25,23.34,4.95
10.25,74.25,2020,7,25,27.83,5.15
10.25,74.75,2020,7,25,27.82,5.15
10.25,75.25,2020,7,25,27.66,5.55
10.25,75.75,2020,7,25,27.11,5.55
10.25,76.25,2020,7,25,25.79,5.07
10.25,76.75,2020,7,25,22.93,5.07
10.25,77.25,2020,7,25,23.1,5.93
10.75,74.25,2020,7,25,27.89,5.15
10.75,74.75,2020,7,25,27.88,5.15
10.75,75.25,2020,7,25,27.52,5.55
10.75,75.75,2020,7,25,26.51,5.55
10.75,76.25,2020,7,25,24.5,5.07
10.75,76.75,2020,7,25,23.16,5.07
10.75,77.25,2020,7,25,24.07,5.93
11.25,74.25,2020,7,25,27.76,4.37
11.25,74.75,2020,7,25,27.73,4.37
11.25,75.25,2020,7,25,27.08,4.42
11.25,75.75,2020,7,25,25.5,4.42
11.25,76.25,2020,7,25,22.83,4.89
11.25,76.75,2020,7,25,22.5,4.89
11.25,77.25,2020,7,25,24,5.22
11.75,74.25,2020,7,25,27.58,4.37
11.75,74.75,2020,7,25,27.36,4.37
11.75,75.25,2020,7,25,26.24,4.42
11.75,75.75,2020,7,25,24.25,4.42
11.75,76.25,2020,7,25,22.02,4.89
11.75,76.75,2020,7,25,22.01,4.89
11.75,77.25,2020,7,25,23.21,5.22
12.25,74.25,2020,7,25,27.41,4.32
12.25,74.75,2020,7,25,26.88,4.32
12.25,75.25,2020,7,25,25.3,4.12
12.25,75.75,2020,7,25,23.2,4.12
12.25,76.25,2020,7,25,22.07,5.02
12.25,76.75,2020,7,25,22.39,5.02
12.25,77.25,2020,7,25,23,5.45
12.75,74.25,2020,7,25,27.12,4.32
12.75,74.75,2020,7,25,26.32,4.32
12.75,75.25,2020,7,25,24.57,4.12
12.75,75.75,2020,7,25,22.66,4.12
12.75,76.25,2020,7,25,22.21,5.02
12.75,76.75,2020,7,25,22.61,5.02
12.75,77.25,2020,7,25,22.86,5.45
8.25,74.25,2020,7,26,27.56,4.92
8.25,74.75,2020,7,26,27.55,4.92
8.25,75.25,2020,7,26,27.47,4.29
8.25,75.75,2020,7,26,27.33,4.29
8.25,76.25,2020,7,26,27.18,3.4
8.25,76.75,2020,7,26,26.65,3.4
8.25,77.25,2020,7,26,26.34,4.34
8.75,74.25,2020,7,26,27.4,4.92
8.75,74.75,2020,7,26,27.34,4.92
8.75,75.25,2020,7,26,27.25,4.29
8.75,75.75,2020,7,26,27.09,4.29
8.75,76.25,2020,7,26,26.84,3.4
8.75,76.75,2020,7,26,25.56,3.4
8.75,77.25,2020,7,26,25.3,4.34
9.25,74.25,2020,7,26,27.25,5.93
9.25,74.75,2020,7,26,27.18,5.93
9.25,75.25,2020,7,26,27.08,4.53
9.25,75.75,2020,7,26,26.89,4.53
9.25,76.25,2020,7,26,26.58,4.65
9.25,76.75,2020,7,26,24.61,4.65
9.25,77.25,2020,7,26,24.58,4.65
9.75,74.25,2020,7,26,27.03,5.93
9.75,74.75,2020,7,26,27.01,5.93
9.75,75.25,2020,7,26,26.94,4.53
9.75,75.75,2020,7,26,26.68,4.53
9.75,76.25,2020,7,26,26.1,4.65
9.75,76.75,2020,7,26,23.41,4.65
9.75,77.25,2020,7,26,23.38,4.65
10.25,74.25,2020,7,26,26.97,4.67
10.25,74.75,2020,7,26,26.97,4.67
10.25,75.25,2020,7,26,26.87,4.24
10.25,75.75,2020,7,26,26.45,4.24
10.25,76.25,2020,7,26,25.45,5.18
10.25,76.75,2020,7,26,23.07,5.18
10.25,77.25,2020,7,26,23.31,5.85
10.75,74.25,2020,7,26,27.11,4.67
10.75,74.75,2020,7,26,27.06,4.67
10.75,75.25,2020,7,26,26.82,4.24
10.75,75.75,2020,7,26,26.1,4.24
10.75,76.25,2020,7,26,24.51,5.18
10.75,76.75,2020,7,26,23.48,5.18
10.75,77.25,2020,7,26,24.48,5.85
11.25,74.25,2020,7,26,27.26,5.34
11.25,74.75,2020,7,26,27.09,5.34
11.25,75.25,2020,7,26,26.51,5
11.25,75.75,2020,7,26,25.24,5
11.25,76.25,2020,7,26,23.04,5.15
11.25,76.75,2020,7,26,23,5.15
11.25,77.25,2020,7,26,24.72,5.5
11.75,74.25,2020,7,26,27.23,5.34
11.75,74.75,2020,7,26,26.84,5.34
11.75,75.25,2020,7,26,25.68,5
11.75,75.75,2020,7,26,23.84,5
11.75,76.25,2020,7,26,21.99,5.15
11.75,76.75,2020,7,26,22.4,5.15
11.75,77.25,2020,7,26,23.87,5.5
12.25,74.25,2020,7,26,27.11,5.53
12.25,74.75,2020,7,26,26.41,5.53
12.25,75.25,2020,7,26,24.68,4.86
12.25,75.75,2020,7,26,22.54,4.86
12.25,76.25,2020,7,26,21.68,5.01
12.25,76.75,2020,7,26,22.45,5.01
12.25,77.25,2020,7,26,23.18,5.25
12.75,74.25,2020,7,26,27.05,5.53
12.75,74.75,2020,7,26,26.08,5.53
12.75,75.25,2020,7,26,24.12,4.86
12.75,75.75,2020,7,26,22.03,4.86
12.75,76.25,2020,7,26,21.67,5.01
12.75,76.75,2020,7,26,22.49,5.01
12.75,77.25,2020,7,26,22.73,5.25
8.25,74.25,2020,7,27,28.11,6.68
8.25,74.75,2020,7,27,27.98,6.68
8.25,75.25,2020,7,27,27.77,6.67
8.25,75.75,2020,7,27,27.55,6.67
8.25,76.25,2020,7,27,27.43,6.6
8.25,76.75,2020,7,27,26.94,6.6
8.25,77.25,2020,7,27,26.89,6.21
8.75,74.25,2020,7,27,27.9,6.68
8.75,74.75,2020,7,27,27.68,6.68
8.75,75.25,2020,7,27,27.47,6.67
8.75,75.75,2020,7,27,27.29,6.67
8.75,76.25,2020,7,27,27.15,6.6
8.75,76.75,2020,7,27,25.97,6.6
8.75,77.25,2020,7,27,26.13,6.21
9.25,74.25,2020,7,27,27.63,6.53
9.25,74.75,2020,7,27,27.41,6.53
9.25,75.25,2020,7,27,27.25,6.6
9.25,75.75,2020,7,27,27.1,6.6
9.25,76.25,2020,7,27,26.88,6.6
9.25,76.75,2020,7,27,24.98,6.6
9.25,77.25,2020,7,27,25.32,6.63
9.75,74.25,2020,7,27,27.4,6.53
9.75,74.75,2020,7,27,27.25,6.53
9.75,75.25,2020,7,27,27.14,6.6
9.75,75.75,2020,7,27,26.95,6.6
9.75,76.25,2020,7,27,26.46,6.6
9.75,76.75,2020,7,27,23.69,6.6
9.75,77.25,2020,7,27,23.87,6.63
10.25,74.25,2020,7,27,27.26,6.59
10.25,74.75,2020,7,27,27.16,6.59
10.25,75.25,2020,7,27,27.06,6.46
10.25,75.75,2020,7,27,26.77,6.46
10.25,76.25,2020,7,27,25.98,6.21
10.25,76.75,2020,7,27,23.31,6.21
10.25,77.25,2020,7,27,23.54,6.52
10.75,74.25,2020,7,27,27.17,6.59
10.75,74.75,2020,7,27,27.07,6.59
10.75,75.25,2020,7,27,26.89,6.46
10.75,75.75,2020,7,27,26.36,6.46
10.75,76.25,2020,7,27,25.03,6.21
10.75,76.75,2020,7,27,23.87,6.21
10.75,77.25,2020,7,27,24.73,6.52
11.25,74.25,2020,7,27,27.07,6.48
11.25,74.75,2020,7,27,26.94,6.48
11.25,75.25,2020,7,27,26.53,6.01
11.25,75.75,2020,7,27,25.51,6.01
11.25,76.25,2020,7,27,23.51,5.34
11.25,76.75,2020,7,27,23.59,5.34
11.25,77.25,2020,7,27,25.17,5.97
11.75,74.25,2020,7,27,27.06,6.48
11.75,74.75,2020,7,27,26.78,6.48
11.75,75.25,2020,7,27,25.88,6.01
11.75,75.75,2020,7,27,24.36,6.01
11.75,76.25,2020,7,27,22.7,5.34
11.75,76.75,2020,7,27,23.2,5.34
11.75,77.25,2020,7,27,24.47,5.97
12.25,74.25,2020,7,27,27.15,6.23
12.25,74.75,2020,7,27,26.6,6.23
12.25,75.25,2020,7,27,25.16,4.47
12.25,75.75,2020,7,27,23.35,4.47
12.25,76.25,2020,7,27,22.71,5.15
12.25,76.75,2020,7,27,23.45,5.15
12.25,77.25,2020,7,27,23.95,5.87
12.75,74.25,2020,7,27,27.11,6.23
12.75,74.75,2020,7,27,26.34,6.23
12.75,75.25,2020,7,27,24.69,4.47
12.75,75.75,2020,7,27,22.92,4.47
12.75,76.25,2020,7,27,22.78,5.15
12.75,76.75,2020,7,27,23.53,5.15
12.75,77.25,2020,7,27,23.62,5.87
8.25,74.25,2020,7,28,27.56,1.77
8.25,74.75,2020,7,28,27.56,1.77
8.25,75.25,2020,7,28,27.5,1.92
8.25,75.75,2020,7,28,27.41,1.92
8.25,76.25,2020,7,28,27.36,3.05
8.25,76.75,2020,7,28,26.83,3.05
8.25,77.25,2020,7,28,26.6,3.62
8.75,74.25,2020,7,28,27.5,1.77
8.75,74.75,2020,7,28,27.53,1.77
8.75,75.25,2020,7,28,27.47,1.92
8.75,75.75,2020,7,28,27.35,1.92
8.75,76.25,2020,7,28,27.17,3.05
8.75,76.75,2020,7,28,25.9,3.05
8.75,77.25,2020,7,28,25.8,3.62
9.25,74.25,2020,7,28,27.36,1.98
9.25,74.75,2020,7,28,27.39,1.98
9.25,75.25,2020,7,28,27.35,2.79
9.25,75.75,2020,7,28,27.18,2.79
9.25,76.25,2020,7,28,26.85,3.26
9.25,76.75,2020,7,28,24.83,3.26
9.25,77.25,2020,7,28,24.98,3.84
9.75,74.25,2020,7,28,27.14,1.98
9.75,74.75,2020,7,28,27.14,1.98
9.75,75.25,2020,7,28,27.1,2.79
9.75,75.75,2020,7,28,26.88,2.79
9.75,76.25,2020,7,28,26.3,3.26
9.75,76.75,2020,7,28,23.47,3.26
9.75,77.25,2020,7,28,23.51,3.84
10.25,74.25,2020,7,28,27.03,3.06
10.25,74.75,2020,7,28,26.98,3.06
10.25,75.25,2020,7,28,26.89,4.83
10.25,75.75,2020,7,28,26.57,4.83
10.25,76.25,2020,7,28,25.7,4.85
10.25,76.75,2020,7,28,23.11,4.85
10.25,77.25,2020,7,28,23.28,4.97
10.75,74.25,2020,7,28,27.1,3.06
10.75,74.75,2020,7,28,27.03,3.06
10.75,75.25,2020,7,28,26.81,4.83
10.75,75.75,2020,7,28,26.2,4.83
10.75,76.25,2020,7,28,24.81,4.85
10.75,76.75,2020,7,28,23.71,4.85
10.75,77.25,2020,7,28,24.61,4.97
11.25,74.25,2020,7,28,27.17,4.37
11.25,74.75,2020,7,28,27.08,4.37
11.25,75.25,2020,7,28,26.62,5.62
11.25,75.75,2020,7,28,25.5,5.62
11.25,76.25,2020,7,28,23.51,4.95
11.25,76.75,2020,7,28,23.61,4.95
11.25,77.25,2020,7,28,25.25,5.49
11.75,74.25,2020,7,28,27.24,4.37
11.75,74.75,2020,7,28,27.02,4.37
11.75,75.25,2020,7,28,26.09,5.62
11.75,75.75,2020,7,28,24.49,5.62
11.75,76.25,2020,7,28,22.9,4.95
11.75,76.75,2020,7,28,23.47,4.95
11.75,77.25,2020,7,28,24.82,5.49
12.25,74.25,2020,7,28,27.34,5.75
12.25,74.75,2020,7,28,26.84,5.75
12.25,75.25,2020,7,28,25.37,5.49
12.25,75.75,2020,7,28,23.52,5.49
12.25,76.25,2020,7,28,22.94,5.73
12.25,76.75,2020,7,28,23.76,5.73
12.25,77.25,2020,7,28,24.35,5.76
12.75,74.25,2020,7,28,27.4,5.75
12.75,74.75,2020,7,28,26.58,5.75
12.75,75.25,2020,7,28,24.85,5.49
12.75,75.75,2020,7,28,23.03,5.49
12.75,76.25,2020,7,28,22.91,5.73
12.75,76.75,2020,7,28,23.7,5.73
12.75,77.25,2020,7,28,23.82,5.76
8.25,74.25,2020,7,29,27.8,1.95
8.25,74.75,2020,7,29,27.65,1.95
8.25,75.25,2020,7,29,27.37,1.69
8.25,75.75,2020,7,29,27,1.69
8.25,76.25,2020,7,29,26.66,2.53
8.25,76.75,2020,7,29,25.97,2.53
8.25,77.25,2020,7,29,25.5,3.82
8.75,74.25,2020,7,29,27.57,1.95
8.75,74.75,2020,7,29,27.42,1.95
8.75,75.25,2020,7,29,27.18,1.69
8.75,75.75,2020,7,29,26.86,1.69
8.75,76.25,2020,7,29,26.48,2.53
8.75,76.75,2020,7,29,25.03,2.53
8.75,77.25,2020,7,29,24.65,3.82
9.25,74.25,2020,7,29,27.33,1.5
9.25,74.75,2020,7,29,27.23,1.5
9.25,75.25,2020,7,29,27.08,1.67
9.25,75.75,2020,7,29,26.79,1.67
9.25,76.25,2020,7,29,26.24,2.29
9.25,76.75,2020,7,29,24.14,2.29
9.25,77.25,2020,7,29,24.12,3.02
9.75,74.25,2020,7,29,27.15,1.5
9.75,74.75,2020,7,29,27.11,1.5
9.75,75.25,2020,7,29,27.02,1.67
9.75,75.75,2020,7,29,26.67,1.67
9.75,76.25,2020,7,29,25.81,2.29
9.75,76.75,2020,7,29,23.06,2.29
9.75,77.25,2020,7,29,23.17,3.02
10.25,74.25,2020,7,29,27.1,1.22
10.25,74.75,2020,7,29,27.08,1.22
10.25,75.25,2020,7,29,26.95,1.66
10.25,75.75,2020,7,29,26.48,1.66
10.25,76.25,2020,7,29,25.34,2.15
10.25,76.75,2020,7,29,22.85,2.15
10.25,77.25,2020,7,29,23.1,3.4
10.75,74.25,2020,7,29,27.13,1.22
10.75,74.75,2020,7,29,27.09,1.22
10.75,75.25,2020,7,29,26.81,1.66
10.75,75.75,2020,7,29,26.04,1.66
10.75,76.25,2020,7,29,24.48,2.15
10.75,76.75,2020,7,29,23.4,2.15
10.75,77.25,2020,7,29,24.17,3.4
11.25,74.25,2020,7,29,27.13,1.51
11.25,74.75,2020,7,29,27.06,1.51
11.25,75.25,2020,7,29,26.48,1.71
11.25,75.75,2020,7,29,25.17,1.71
11.25,76.25,2020,7,29,23.14,3.18
11.25,76.75,2020,7,29,23.08,3.18
11.25,77.25,2020,7,29,24.43,3.4
11.75,74.25,2020,7,29,27.14,1.51
11.75,74.75,2020,7,29,26.9,1.51
11.75,75.25,2020,7,29,25.81,1.71
11.75,75.75,2020,7,29,24.05,1.71
11.75,76.25,2020,7,29,22.47,3.18
11.75,76.75,2020,7,29,22.62,3.18
11.75,77.25,2020,7,29,23.53,3.4
12.25,74.25,2020,7,29,27.21,3.04
12.25,74.75,2020,7,29,26.61,3.04
12.25,75.25,2020,7,29,25,2.71
12.25,75.75,2020,7,29,23.06,2.71
12.25,76.25,2020,7,29,22.44,4
12.25,76.75,2020,7,29,22.71,4
12.25,77.25,2020,7,29,22.83,3.35
12.75,74.25,2020,7,29,27.21,3.04
12.75,74.75,2020,7,29,26.3,3.04
12.75,75.25,2020,7,29,24.51,2.71
12.75,75.75,2020,7,29,22.64,2.71
12.75,76.25,2020,7,29,22.37,4
12.75,76.75,2020,7,29,22.67,4
12.75,77.25,2020,7,29,22.55,3.35
8.25,74.25,2020,7,30,28.05,4.01
8.25,74.75,2020,7,30,28.08,4.01
8.25,75.25,2020,7,30,28.02,4.68
8.25,75.75,2020,7,30,27.87,4.68
8.25,76.25,2020,7,30,27.67,5.51
8.25,76.75,2020,7,30,26.94,5.51
8.25,77.25,2020,7,30,26.52,5.54
8.75,74.25,2020,7,30,28,4.01
8.75,74.75,2020,7,30,28.01,4.01
8.75,75.25,2020,7,30,27.95,4.68
8.75,75.75,2020,7,30,27.79,4.68
8.75,76.25,2020,7,30,27.48,5.51
8.75,76.75,2020,7,30,25.99,5.51
8.75,77.25,2020,7,30,25.7,5.54
9.25,74.25,2020,7,30,27.9,3.74
9.25,74.75,2020,7,30,27.92,3.74
9.25,75.25,2020,7,30,27.88,4.9
9.25,75.75,2020,7,30,27.7,4.9
9.25,76.25,2020,7,30,27.23,5.25
9.25,76.75,2020,7,30,24.96,5.25
9.25,77.25,2020,7,30,24.99,5.12
9.75,74.25,2020,7,30,27.73,3.74
9.75,74.75,2020,7,30,27.75,3.74
9.75,75.25,2020,7,30,27.71,4.9
9.75,75.75,2020,7,30,27.45,4.9
9.75,76.25,2020,7,30,26.65,5.25
9.75,76.75,2020,7,30,23.67,5.25
9.75,77.25,2020,7,30,23.86,5.12
10.25,74.25,2020,7,30,27.54,5.6
10.25,74.75,2020,7,30,27.54,5.6
10.25,75.25,2020,7,30,27.46,5.29
10.25,75.75,2020,7,30,27.04,5.29
10.25,76.25,2020,7,30,25.84,4.51
10.25,76.75,2020,7,30,23.25,4.51
10.25,77.25,2020,7,30,23.73,6.13
10.75,74.25,2020,7,30,27.43,5.6
10.75,74.75,2020,7,30,27.42,5.6
10.75,75.25,2020,7,30,27.19,5.29
10.75,75.75,2020,7,30,26.41,5.29
10.75,76.25,2020,7,30,24.69,4.51
10.75,76.75,2020,7,30,23.55,4.51
10.75,77.25,2020,7,30,24.69,6.13
11.25,74.25,2020,7,30,27.44,4.2
11.25,74.75,2020,7,30,27.37,4.2
11.25,75.25,2020,7,30,26.8,4.68
11.25,75.75,2020,7,30,25.46,4.68
11.25,76.25,2020,7,30,23.21,4.6
11.25,76.75,2020,7,30,23.07,4.6
11.25,77.25,2020,7,30,24.82,5.74
11.75,74.25,2020,7,30,27.49,4.2
11.75,74.75,2020,7,30,27.2,4.2
11.75,75.25,2020,7,30,26.08,4.68
11.75,75.75,2020,7,30,24.26,4.68
11.75,76.25,2020,7,30,22.46,4.6
11.75,76.75,2020,7,30,22.73,4.6
11.75,77.25,2020,7,30,24.12,5.74
12.25,74.25,2020,7,30,27.48,4.43
12.25,74.75,2020,7,30,26.81,4.43
12.25,75.25,2020,7,30,25.18,4.01
12.25,75.75,2020,7,30,23.18,4.01
12.25,76.25,2020,7,30,22.4,4.99
12.25,76.75,2020,7,30,23.03,4.99
12.25,77.25,2020,7,30,23.6,5.28
12.75,74.25,2020,7,30,27.35,4.43
12.75,74.75,2020,7,30,26.41,4.43
12.75,75.25,2020,7,30,24.61,4.01
12.75,75.75,2020,7,30,22.72,4.01
12.75,76.25,2020,7,30,22.4,4.99
12.75,76.75,2020,7,30,23.02,4.99
12.75,77.25,2020,7,30,23.14,5.28
8.25,74.25,2020,7,31,27.64,3.72
8.25,74.75,2020,7,31,27.64,3.72
8.25,75.25,2020,7,31,27.6,4.82
8.25,75.75,2020,7,31,27.51,4.82
8.25,76.25,2020,7,31,27.42,5.08
8.25,76.75,2020,7,31,26.67,5.08
8.25,77.25,2020,7,31,26.27,5.56
8.75,74.25,2020,7,31,27.55,3.72
8.75,74.75,2020,7,31,27.53,3.72
8.75,75.25,2020,7,31,27.48,4.82
8.75,75.75,2020,7,31,27.38,4.82
8.75,76.25,2020,7,31,27.19,5.08
8.75,76.75,2020,7,31,25.82,5.08
8.75,77.25,2020,7,31,25.57,5.56
9.25,74.25,2020,7,31,27.64,4.13
9.25,74.75,2020,7,31,27.59,4.13
9.25,75.25,2020,7,31,27.51,4.39
9.25,75.75,2020,7,31,27.35,4.39
9.25,76.25,2020,7,31,27.03,4.56
9.25,76.75,2020,7,31,24.99,4.56
9.25,77.25,2020,7,31,25,5
9.75,74.25,2020,7,31,27.71,4.13
9.75,74.75,2020,7,31,27.64,4.13
9.75,75.25,2020,7,31,27.53,4.39
9.75,75.75,2020,7,31,27.28,4.39
9.75,76.25,2020,7,31,26.64,4.56
9.75,76.75,2020,7,31,23.93,4.56
9.75,77.25,2020,7,31,23.95,5
10.25,74.25,2020,7,31,27.73,3.65
10.25,74.75,2020,7,31,27.63,3.65
10.25,75.25,2020,7,31,27.46,2.84
10.25,75.75,2020,7,31,27.03,2.84
10.25,76.25,2020,7,31,25.98,4.04
10.25,76.75,2020,7,31,23.63,4.04
10.25,77.25,2020,7,31,23.92,5.83
10.75,74.25,2020,7,31,27.73,3.65
10.75,74.75,2020,7,31,27.6,3.65
10.75,75.25,2020,7,31,27.27,2.84
10.75,75.75,2020,7,31,26.49,2.84
10.75,76.25,2020,7,31,24.94,4.04
10.75,76.75,2020,7,31,24,4.04
10.75,77.25,2020,7,31,25.07,5.83
11.25,74.25,2020,7,31,27.69,4.21
11.25,74.75,2020,7,31,27.5,4.21
11.25,75.25,2020,7,31,26.85,3.33
11.25,75.75,2020,7,31,25.55,3.33
11.25,76.25,2020,7,31,23.54,3.41
11.25,76.75,2020,7,31,23.61,3.41
11.25,77.25,2020,7,31,25.35,5.23
11.75,74.25,2020,7,31,27.64,4.21
11.75,74.75,2020,7,31,27.26,4.21
11.75,75.25,2020,7,31,26.11,3.33
11.75,75.75,2020,7,31,24.37,3.33
11.75,76.25,2020,7,31,22.83,3.41
11.75,76.75,2020,7,31,23.3,3.41
11.75,77.25,2020,7,31,24.65,5.23
12.25,74.25,2020,7,31,27.56,4.42
12.25,74.75,2020,7,31,26.87,4.42
12.25,75.25,2020,7,31,25.24,3.13
12.25,75.75,2020,7,31,23.32,3.13
12.25,76.25,2020,7,31,22.77,4.05
12.25,76.75,2020,7,31,23.62,4.05
12.25,77.25,2020,7,31,24.19,5.19
12.75,74.25,2020,7,31,27.38,4.42
12.75,74.75,2020,7,31,26.44,4.42
12.75,75.25,2020,7,31,24.67,3.13
12.75,75.75,2020,7,31,22.87,3.13
12.75,76.25,2020,7,31,22.78,4.05
12.75,76.75,2020,7,31,23.65,4.05
12.75,77.25,2020,7,31,23.71,5.19
8.25,74.25,2020,8,1,27.84,3.76
8.25,74.75,2020,8,1,27.85,3.76
8.25,75.25,2020,8,1,27.78,4.27
8.25,75.75,2020,8,1,27.64,4.27
8.25,76.25,2020,8,1,27.47,4.58
8.25,76.75,2020,8,1,26.67,4.58
8.25,77.25,2020,8,1,26.23,4.99
8.75,74.25,2020,8,1,27.79,3.76
8.75,74.75,2020,8,1,27.77,3.76
8.75,75.25,2020,8,1,27.68,4.27
8.75,75.75,2020,8,1,27.5,4.27
8.75,76.25,2020,8,1,27.26,4.58
8.75,76.75,2020,8,1,25.82,4.58
8.75,77.25,2020,8,1,25.48,4.99
9.25,74.25,2020,8,1,27.73,4.62
9.25,74.75,2020,8,1,27.67,4.62
9.25,75.25,2020,8,1,27.55,5
9.25,75.75,2020,8,1,27.36,5
9.25,76.25,2020,8,1,27.01,5.14
9.25,76.75,2020,8,1,24.72,5.14
9.25,77.25,2020,8,1,24.66,4.82
9.75,74.25,2020,8,1,27.71,4.62
9.75,74.75,2020,8,1,27.6,4.62
9.75,75.25,2020,8,1,27.47,5
9.75,75.75,2020,8,1,27.19,5
9.75,76.25,2020,8,1,26.48,5.14
9.75,76.75,2020,8,1,23.35,5.14
9.75,77.25,2020,8,1,23.29,4.82
10.25,74.25,2020,8,1,27.66,4.1
10.25,74.75,2020,8,1,27.5,4.1
10.25,75.25,2020,8,1,27.3,4.74
10.25,75.75,2020,8,1,26.85,4.74
10.25,76.25,2020,8,1,25.76,4.25
10.25,76.75,2020,8,1,22.93,4.25
10.25,77.25,2020,8,1,23.07,4.78
10.75,74.25,2020,8,1,27.53,4.1
10.75,74.75,2020,8,1,27.35,4.1
10.75,75.25,2020,8,1,26.99,4.74
10.75,75.75,2020,8,1,26.2,4.74
10.75,76.25,2020,8,1,24.6,4.25
10.75,76.75,2020,8,1,23.36,4.25
10.75,77.25,2020,8,1,24.31,4.78
11.25,74.25,2020,8,1,27.35,3.63
11.25,74.75,2020,8,1,27.11,3.63
11.25,75.25,2020,8,1,26.47,4.48
11.25,75.75,2020,8,1,25.17,4.48
11.25,76.25,2020,8,1,23.01,3.91
11.25,76.75,2020,8,1,22.98,3.91
11.25,77.25,2020,8,1,24.78,4.28
11.75,74.25,2020,8,1,27.17,3.63
11.75,74.75,2020,8,1,26.77,3.63
11.75,75.25,2020,8,1,25.66,4.48
11.75,75.75,2020,8,1,23.92,4.48
11.75,76.25,2020,8,1,22.19,3.91
11.75,76.75,2020,8,1,22.62,3.91
11.75,77.25,2020,8,1,24.13,4.28
12.25,74.25,2020,8,1,27.07,2.12
12.25,74.75,2020,8,1,26.4,2.12
12.25,75.25,2020,8,1,24.8,3.48
12.25,75.75,2020,8,1,22.86,3.48
12.25,76.25,2020,8,1,22.17,4.67
12.25,76.75,2020,8,1,22.94,4.67
12.25,77.25,2020,8,1,23.57,4.51
12.75,74.25,2020,8,1,27.05,2.12
12.75,74.75,2020,8,1,26.12,2.12
12.75,75.25,2020,8,1,24.29,3.48
12.75,75.75,2020,8,1,22.37,3.48
12.75,76.25,2020,8,1,22.16,4.67
12.75,76.75,2020,8,1,22.98,4.67
12.75,77.25,2020,8,1,23.09,4.51
8.25,74.25,2020,8,2,27.3,2.2
8.25,74.75,2020,8,2,27.23,2.2
8.25,75.25,2020,8,2,27.1,2.54
8.25,75.75,2020,8,2,26.93,2.54
8.25,76.25,2020,8,2,26.83,3.36
8.25,76.75,2020,8,2,26.28,3.36
8.25,77.25,2020,8,2,25.97,3.63
8.75,74.25,2020,8,2,27.35,2.2
8.75,74.75,2020,8,2,27.21,2.2
8.75,75.25,2020,8,2,27.04,2.54
8.75,75.75,2020,8,2,26.85,2.54
8.75,76.25,2020,8,2,26.68,3.36
8.75,76.75,2020,8,2,25.44,3.36
8.75,77.25,2020,8,2,25.18,3.63
9.25,74.25,2020,8,2,27.49,1.58
9.25,74.75,2020,8,2,27.31,1.58
9.25,75.25,2020,8,2,27.11,1.63
9.25,75.75,2020,8,2,26.88,1.63
9.25,76.25,2020,8,2,26.57,2.28
9.25,76.75,2020,8,2,24.39,2.28
9.25,77.25,2020,8,2,24.28,3.15
9.75,74.25,2020,8,2,27.62,1.58
9.75,74.75,2020,8,2,27.45,1.58
9.75,75.25,2020,8,2,27.25,1.63
9.75,75.75,2020,8,2,26.91,1.63
9.75,76.25,2020,8,2,26.21,2.28
9.75,76.75,2020,8,2,23.05,2.28
9.75,77.25,2020,8,2,22.88,3.15
10.25,74.25,2020,8,2,27.8,1.24
10.25,74.75,2020,8,2,27.64,1.24
10.25,75.25,2020,8,2,27.38,1.56
10.25,75.75,2020,8,2,26.84,1.56
10.25,76.25,2020,8,2,25.66,3.07
10.25,76.75,2020,8,2,22.75,3.07
10.25,77.25,2020,8,2,22.78,4.33
10.75,74.25,2020,8,2,27.91,1.24
10.75,74.75,2020,8,2,27.76,1.24
10.75,75.25,2020,8,2,27.35,1.56
10.75,75.75,2020,8,2,26.4,1.56
10.75,76.25,2020,8,2,24.59,3.07
10.75,76.75,2020,8,2,23.28,3.07
10.75,77.25,2020,8,2,24.02,4.33
11.25,74.25,2020,8,2,27.9,1.62
11.25,74.75,2020,8,2,27.69,1.62
11.25,75.25,2020,8,2,26.94,2.24
11.25,75.75,2020,8,2,25.36,2.24
11.25,76.25,2020,8,2,22.88,3.63
11.25,76.75,2020,8,2,22.78,3.63
11.25,77.25,2020,8,2,24.28,5.14
11.75,74.25,2020,8,2,27.84,1.62
11.75,74.75,2020,8,2,27.4,1.62
11.75,75.25,2020,8,2,26.09,2.24
11.75,75.75,2020,8,2,24,2.24
11.75,76.25,2020,8,2,21.93,3.63
11.75,76.75,2020,8,2,22.25,3.63
11.75,77.25,2020,8,2,23.44,5.14
12.25,74.25,2020,8,2,27.78,1.46
12.25,74.75,2020,8,2,26.97,1.46
12.25,75.25,2020,8,2,25.17,2.53
12.25,75.75,2020,8,2,22.99,2.53
12.25,76.25,2020,8,2,22.03,4.23
12.25,76.75,2020,8,2,22.51,4.23
12.25,77.25,2020,8,2,22.82,4.9
12.75,74.25,2020,8,2,27.67,1.46
12.75,74.75,2020,8,2,26.55,1.46
12.75,75.25,2020,8,2,24.6,2.53
12.75,75.75,2020,8,2,22.65,2.53
12.75,76.25,2020,8,2,22.32,4.23
12.75,76.75,2020,8,2,22.68,4.23
12.75,77.25,2020,8,2,22.49,4.9
8.25,74.25,2020,8,3,27.63,5.7
8.25,74.75,2020,8,3,27.57,5.7
8.25,75.25,2020,8,3,27.45,5.68
8.25,75.75,2020,8,3,27.26,5.68
8.25,76.25,2020,8,3,27.08,4.91
8.25,76.75,2020,8,3,26.35,4.91
8.25,77.25,2020,8,3,25.85,3.74
8.75,74.25,2020,8,3,27.38,5.7
8.75,74.75,2020,8,3,27.31,5.7
8.75,75.25,2020,8,3,27.2,5.68
8.75,75.75,2020,8,3,27.04,5.68
8.75,76.25,2020,8,3,26.8,4.91
8.75,76.75,2020,8,3,25.35,4.91
8.75,77.25,2020,8,3,24.93,3.74
9.25,74.25,2020,8,3,27.38,4.99
9.25,74.75,2020,8,3,27.32,4.99
9.25,75.25,2020,8,3,27.23,4.88
9.25,75.75,2020,8,3,27.04,4.88
9.25,76.25,2020,8,3,26.65,3.67
9.25,76.75,2020,8,3,24.33,3.67
9.25,77.25,2020,8,3,24.17,3.57
9.75,74.25,2020,8,3,27.54,4.99
9.75,74.75,2020,8,3,27.47,4.99
9.75,75.25,2020,8,3,27.38,4.88
9.75,75.75,2020,8,3,27.11,4.88
9.75,76.25,2020,8,3,26.33,3.67
9.75,76.75,2020,8,3,23.23,3.67
9.75,77.25,2020,8,3,23.1,3.57
10.25,74.25,2020,8,3,27.77,5.69
10.25,74.75,2020,8,3,27.66,5.69
10.25,75.25,2020,8,3,27.49,5.29
10.25,75.75,2020,8,3,27.01,5.29
10.25,76.25,2020,8,3,25.8,3.57
10.25,76.75,2020,8,3,23.05,3.57
10.25,77.25,2020,8,3,23.18,4.34
10.75,74.25,2020,8,3,27.92,5.69
10.75,74.75,2020,8,3,27.8,5.69
10.75,75.25,2020,8,3,27.45,5.29
10.75,75.75,2020,8,3,26.58,5.29
10.75,76.25,2020,8,3,24.8,3.57
10.75,76.75,2020,8,3,23.54,3.57
10.75,77.25,2020,8,3,24.41,4.34
11.25,74.25,2020,8,3,27.99,4.5
11.25,74.75,2020,8,3,27.8,4.5
11.25,75.25,2020,8,3,27.1,3.57
11.25,75.75,2020,8,3,25.64,3.57
11.25,76.25,2020,8,3,23.3,3.14
11.25,76.75,2020,8,3,23.11,3.14
11.25,77.25,2020,8,3,24.68,4.27
11.75,74.25,2020,8,3,28.02,4.5
11.75,74.75,2020,8,3,27.59,4.5
11.75,75.25,2020,8,3,26.33,3.57
11.75,75.75,2020,8,3,24.36,3.57
11.75,76.25,2020,8,3,22.53,3.14
11.75,76.75,2020,8,3,22.73,3.14
11.75,77.25,2020,8,3,23.99,4.27
12.25,74.25,2020,8,3,28.01,3.45
12.25,74.75,2020,8,3,27.21,3.45
12.25,75.25,2020,8,3,25.4,2.02
12.25,75.75,2020,8,3,23.28,2.02
12.25,76.25,2020,8,3,22.56,3.02
12.25,76.75,2020,8,3,23.11,3.02
12.25,77.25,2020,8,3,23.56,3.68
12.75,74.25,2020,8,3,27.93,3.45
12.75,74.75,2020,8,3,26.8,3.45
12.75,75.25,2020,8,3,24.79,2.02
12.75,75.75,2020,8,3,22.81,2.02
12.75,76.25,2020,8,3,22.62,3.02
12.75,76.75,2020,8,3,23.2,3.02
12.75,77.25,2020,8,3,23.2,3.68
8.25,74.25,2020,8,4,28.16,5.24
8.25,74.75,2020,8,4,28.04,5.24
8.25,75.25,2020,8,4,27.85,4.83
8.25,75.75,2020,8,4,27.6,4.83
8.25,76.25,2020,8,4,27.33,3.97
8.25,76.75,2020,8,4,26.62,3.97
8.25,77.25,2020,8,4,26.26,3.4
8.75,74.25,2020,8,4,28.09,5.24
8.75,74.75,2020,8,4,27.91,5.24
8.75,75.25,2020,8,4,27.7,4.83
8.75,75.75,2020,8,4,27.45,4.83
8.75,76.25,2020,8,4,27.16,3.97
8.75,76.75,2020,8,4,25.85,3.97
8.75,77.25,2020,8,4,25.62,3.4
9.25,74.25,2020,8,4,28.05,4.92
9.25,74.75,2020,8,4,27.89,4.92
9.25,75.25,2020,8,4,27.68,4.17
9.25,75.75,2020,8,4,27.41,4.17
9.25,76.25,2020,8,4,27.07,3.23
9.25,76.75,2020,8,4,24.92,3.23
9.25,77.25,2020,8,4,24.82,3.22
9.75,74.25,2020,8,4,28.02,4.92
9.75,74.75,2020,8,4,27.89,4.92
9.75,75.25,2020,8,4,27.72,4.17
9.75,75.75,2020,8,4,27.39,4.17
9.75,76.25,2020,8,4,26.75,3.23
9.75,76.75,2020,8,4,23.56,3.23
9.75,77.25,2020,8,4,23.31,3.22
10.25,74.25,2020,8,4,28.03,4.15
10.25,74.75,2020,8,4,27.93,4.15
10.25,75.25,2020,8,4,27.74,3.95
10.25,75.75,2020,8,4,27.28,3.95
10.25,76.25,2020,8,4,26.25,3.27
10.25,76.75,2020,8,4,23.23,3.27
10.25,77.25,2020,8,4,23.16,4.13
10.75,74.25,2020,8,4,28.08,4.15
10.75,74.75,2020,8,4,27.97,4.15
10.75,75.25,2020,8,4,27.67,3.95
10.75,75.75,2020,8,4,26.88,3.95
10.75,76.25,2020,8,4,25.21,3.27
10.75,76.75,2020,8,4,23.73,3.27
10.75,77.25,2020,8,4,24.52,4.13
11.25,74.25,2020,8,4,28.09,4.48
11.25,74.75,2020,8,4,27.92,4.48
11.25,75.25,2020,8,4,27.29,3.49
11.25,75.75,2020,8,4,25.87,3.49
11.25,76.25,2020,8,4,23.42,2.86
11.25,76.75,2020,8,4,23.06,2.86
11.25,77.25,2020,8,4,24.74,3.82
11.75,74.25,2020,8,4,28.04,4.48
11.75,74.75,2020,8,4,27.68,4.48
11.75,75.25,2020,8,4,26.44,3.49
11.75,75.75,2020,8,4,24.41,3.49
11.75,76.25,2020,8,4,22.3,2.86
11.75,76.75,2020,8,4,22.42,2.86
11.75,77.25,2020,8,4,23.85,3.82
12.25,74.25,2020,8,4,27.88,3.07
12.25,74.75,2020,8,4,27.18,3.07
12.25,75.25,2020,8,4,25.38,2.36
12.25,75.75,2020,8,4,23.09,2.36
12.25,76.25,2020,8,4,22.08,2.96
12.25,76.75,2020,8,4,22.68,2.96
12.25,77.25,2020,8,4,23.31,3.05
12.75,74.25,2020,8,4,27.6,3.07
12.75,74.75,2020,8,4,26.59,3.07
12.75,75.25,2020,8,4,24.57,2.36
12.75,75.75,2020,8,4,22.42,2.36
12.75,76.25,2020,8,4,21.96,2.96
12.75,76.75,2020,8,4,22.66,2.96
12.75,77.25,2020,8,4,22.81,3.05
8.25,74.25,2020,8,5,27.71,6.4
8.25,74.75,2020,8,5,27.68,6.4
8.25,75.25,2020,8,5,27.62,6.03
8.25,75.75,2020,8,5,27.51,6.03
8.25,76.25,2020,8,5,27.32,5.5
8.25,76.75,2020,8,5,26.59,5.5
8.25,77.25,2020,8,5,26.34,4.1
8.75,74.25,2020,8,5,27.7,6.4
8.75,74.75,2020,8,5,27.57,6.4
8.75,75.25,2020,8,5,27.45,6.03
8.75,75.75,2020,8,5,27.3,6.03
8.75,76.25,2020,8,5,27.05,5.5
8.75,76.75,2020,8,5,25.69,5.5
8.75,77.25,2020,8,5,25.64,4.1
9.25,74.25,2020,8,5,27.78,5.99
9.25,74.75,2020,8,5,27.65,5.99
9.25,75.25,2020,8,5,27.5,5.73
9.25,75.75,2020,8,5,27.28,5.73
9.25,76.25,2020,8,5,26.92,5.38
9.25,76.75,2020,8,5,24.74,5.38
9.25,77.25,2020,8,5,24.83,3.67
9.75,74.25,2020,8,5,27.9,5.99
9.75,74.75,2020,8,5,27.79,5.99
9.75,75.25,2020,8,5,27.62,5.73
9.75,75.75,2020,8,5,27.29,5.73
9.75,76.25,2020,8,5,26.64,5.38
9.75,76.75,2020,8,5,23.53,5.38
9.75,77.25,2020,8,5,23.48,3.67
10.25,74.25,2020,8,5,28.03,4.4
10.25,74.75,2020,8,5,27.91,4.4
10.25,75.25,2020,8,5,27.68,3.99
10.25,75.75,2020,8,5,27.18,3.99
10.25,76.25,2020,8,5,26.17,3.34
10.25,76.75,2020,8,5,23.34,3.34
10.25,77.25,2020,8,5,23.53,4.53
10.75,74.25,2020,8,5,28.11,4.4
10.75,74.75,2020,8,5,27.98,4.4
10.75,75.25,2020,8,5,27.61,3.99
10.75,75.75,2020,8,5,26.76,3.99
10.75,76.25,2020,8,5,25.13,3.34
10.75,76.75,2020,8,5,23.8,3.34
10.75,77.25,2020,8,5,24.93,4.53
11.25,74.25,2020,8,5,28.13,3.71
11.25,74.75,2020,8,5,27.9,3.71
11.25,75.25,2020,8,5,27.2,2.77
11.25,75.75,2020,8,5,25.76,2.77
11.25,76.25,2020,8,5,23.37,3.36
11.25,76.75,2020,8,5,23.08,3.36
11.25,77.25,2020,8,5,25.07,4.5
11.75,74.25,2020,8,5,28.04,3.71
11.75,74.75,2020,8,5,27.58,3.71
11.75,75.25,2020,8,5,26.31,2.77
11.75,75.75,2020,8,5,24.32,2.77
11.75,76.25,2020,8,5,22.26,3.36
11.75,76.75,2020,8,5,22.42,3.36
11.75,77.25,2020,8,5,23.98,4.5
12.25,74.25,2020,8,5,27.86,2.04
12.25,74.75,2020,8,5,27.06,2.04
12.25,75.25,2020,8,5,25.25,1.72
12.25,75.75,2020,8,5,23.05,1.72
12.25,76.25,2020,8,5,22.11,3.23
12.25,76.75,2020,8,5,22.72,3.23
12.25,77.25,2020,8,5,23.32,3.78
12.75,74.25,2020,8,5,27.69,2.04
12.75,74.75,2020,8,5,26.6,2.04
12.75,75.25,2020,8,5,24.58,1.72
12.75,75.75,2020,8,5,22.5,1.72
12.75,76.25,2020,8,5,22.16,3.23
12.75,76.75,2020,8,5,22.88,3.23
12.75,77.25,2020,8,5,22.98,3.78
8.25,74.25,2020,8,6,28.1,2.9
8.25,74.75,2020,8,6,28,2.9
8.25,75.25,2020,8,6,27.83,2.98
8.25,75.75,2020,8,6,27.6,2.98
8.25,76.25,2020,8,6,27.34,3.67
8.25,76.75,2020,8,6,26.7,3.67
8.25,77.25,2020,8,6,26.24,3.49
8.75,74.25,2020,8,6,28.16,2.9
8.75,74.75,2020,8,6,28.03,2.9
8.75,75.25,2020,8,6,27.83,2.98
8.75,75.75,2020,8,6,27.58,2.98
8.75,76.25,2020,8,6,27.28,3.67
8.75,76.75,2020,8,6,26.11,3.67
8.75,77.25,2020,8,6,25.81,3.49
9.25,74.25,2020,8,6,28.22,4.58
9.25,74.75,2020,8,6,28.12,4.58
9.25,75.25,2020,8,6,27.91,4.28
9.25,75.75,2020,8,6,27.61,4.28
9.25,76.25,2020,8,6,27.32,3.62
9.25,76.75,2020,8,6,25.38,3.62
9.25,77.25,2020,8,6,25.43,3.37
9.75,74.25,2020,8,6,28.29,4.58
9.75,74.75,2020,8,6,28.2,4.58
9.75,75.25,2020,8,6,27.97,4.28
9.75,75.75,2020,8,6,27.59,4.28
9.75,76.25,2020,8,6,27.08,3.62
9.75,76.75,2020,8,6,24.26,3.62
9.75,77.25,2020,8,6,24.39,3.37
10.25,74.25,2020,8,6,28.3,4.36
10.25,74.75,2020,8,6,28.21,4.36
10.25,75.25,2020,8,6,27.96,2.72
10.25,75.75,2020,8,6,27.46,2.72
10.25,76.25,2020,8,6,26.65,2.3
10.25,76.75,2020,8,6,24.08,2.3
10.25,77.25,2020,8,6,24.43,3.76
10.75,74.25,2020,8,6,28.22,4.36
10.75,74.75,2020,8,6,28.11,4.36
10.75,75.25,2020,8,6,27.79,2.72
10.75,75.75,2020,8,6,27.09,2.72
10.75,76.25,2020,8,6,25.74,2.3
10.75,76.75,2020,8,6,24.64,2.3
10.75,77.25,2020,8,6,25.78,3.76
11.25,74.25,2020,8,6,28.13,4.06
11.25,74.75,2020,8,6,27.92,4.06
11.25,75.25,2020,8,6,27.37,2.91
11.25,75.75,2020,8,6,26.23,2.91
11.25,76.25,2020,8,6,24.26,3.02
11.25,76.75,2020,8,6,24.23,3.02
11.25,77.25,2020,8,6,26.17,4.17
11.75,74.25,2020,8,6,28.07,4.06
11.75,74.75,2020,8,6,27.69,4.06
11.75,75.25,2020,8,6,26.67,2.91
11.75,75.75,2020,8,6,25.08,2.91
11.75,76.25,2020,8,6,23.48,3.02
11.75,76.75,2020,8,6,23.84,3.02
11.75,77.25,2020,8,6,25.39,4.17
12.25,74.25,2020,8,6,28.06,4.26
12.25,74.75,2020,8,6,27.43,4.26
12.25,75.25,2020,8,6,25.93,2.81
12.25,75.75,2020,8,6,24.12,2.81
12.25,76.25,2020,8,6,23.54,4.08
12.25,76.75,2020,8,6,24.24,4.08
12.25,77.25,2020,8,6,24.85,4.3
12.75,74.25,2020,8,6,28.02,4.26
12.75,74.75,2020,8,6,27.18,4.26
12.75,75.25,2020,8,6,25.47,2.81
12.75,75.75,2020,8,6,23.69,2.81
12.75,76.25,2020,8,6,23.59,4.08
12.75,76.75,2020,8,6,24.37,4.08
12.75,77.25,2020,8,6,24.45,4.3
8.25,74.25,2020,8,7,28.11,2.22
8.25,74.75,2020,8,7,27.94,2.22
8.25,75.25,2020,8,7,27.7,2.25
8.25,75.75,2020,8,7,27.41,2.25
8.25,76.25,2020,8,7,27.14,2.61
8.25,76.75,2020,8,7,26.53,2.61
8.25,77.25,2020,8,7,26.18,3.6
8.75,74.25,2020,8,7,28.02,2.22
8.75,74.75,2020,8,7,27.83,2.22
8.75,75.25,2020,8,7,27.56,2.25
8.75,75.75,2020,8,7,27.26,2.25
8.75,76.25,2020,8,7,26.98,2.61
8.75,76.75,2020,8,7,25.76,2.61
8.75,77.25,2020,8,7,25.53,3.6
9.25,74.25,2020,8,7,27.98,1.61
9.25,74.75,2020,8,7,27.8,1.61
9.25,75.25,2020,8,7,27.52,1.63
9.25,75.75,2020,8,7,27.17,1.63
9.25,76.25,2020,8,7,26.81,1.11
9.25,76.75,2020,8,7,24.77,1.11
9.25,77.25,2020,8,7,24.92,3.75
9.75,74.25,2020,8,7,27.99,1.61
9.75,74.75,2020,8,7,27.82,1.61
9.75,75.25,2020,8,7,27.53,1.63
9.75,75.75,2020,8,7,27.09,1.63
9.75,76.25,2020,8,7,26.46,1.11
9.75,76.75,2020,8,7,23.55,1.11
9.75,77.25,2020,8,7,23.91,3.75
10.25,74.25,2020,8,7,27.98,2.4
10.25,74.75,2020,8,7,27.82,2.4
10.25,75.25,2020,8,7,27.51,1.54
10.25,75.75,2020,8,7,26.95,1.54
10.25,76.25,2020,8,7,26.03,2.24
10.25,76.75,2020,8,7,23.36,2.24
10.25,77.25,2020,8,7,23.98,4.75
10.75,74.25,2020,8,7,27.9,2.4
10.75,74.75,2020,8,7,27.73,2.4
10.75,75.25,2020,8,7,27.35,1.54
10.75,75.75,2020,8,7,26.55,1.54
10.75,76.25,2020,8,7,25.1,2.24
10.75,76.75,2020,8,7,23.94,2.24
10.75,77.25,2020,8,7,25.27,4.75
11.25,74.25,2020,8,7,27.8,3.84
11.25,74.75,2020,8,7,27.57,3.84
11.25,75.25,2020,8,7,26.94,2.35
11.25,75.75,2020,8,7,25.66,2.35
11.25,76.25,2020,8,7,23.56,2.91
11.25,76.75,2020,8,7,23.52,2.91
11.25,77.25,2020,8,7,25.71,4.4
11.75,74.25,2020,8,7,27.74,3.84
11.75,74.75,2020,8,7,27.33,3.84
11.75,75.25,2020,8,7,26.23,2.35
11.75,75.75,2020,8,7,24.49,2.35
11.75,76.25,2020,8,7,22.73,2.91
11.75,76.75,2020,8,7,23.11,2.91
11.75,77.25,2020,8,7,24.96,4.4
12.25,74.25,2020,8,7,27.71,3.8
12.25,74.75,2020,8,7,27.06,3.8
12.25,75.25,2020,8,7,25.5,2.01
12.25,75.75,2020,8,7,23.58,2.01
12.25,76.25,2020,8,7,22.8,3.29
12.25,76.75,2020,8,7,23.51,3.29
12.25,77.25,2020,8,7,24.33,4.04
12.75,74.25,2020,8,7,27.66,3.8
12.75,74.75,2020,8,7,26.82,3.8
12.75,75.25,2020,8,7,25.12,2.01
12.75,75.75,2020,8,7,23.28,2.01
12.75,76.25,2020,8,7,22.99,3.29
12.75,76.75,2020,8,7,23.72,3.29
12.75,77.25,2020,8,7,23.91,4.04
8.25,74.25,2020,8,8,27.79,2.21
8.25,74.75,2020,8,8,27.66,2.21
8.25,75.25,2020,8,8,27.46,2.55
8.25,75.75,2020,8,8,27.22,2.55
8.25,76.25,2020,8,8,26.97,3
8.25,76.75,2020,8,8,26.26,3
8.25,77.25,2020,8,8,25.72,4.07
8.75,74.25,2020,8,8,27.77,2.21
8.75,74.75,2020,8,8,27.54,2.21
8.75,75.25,2020,8,8,27.27,2.55
8.75,75.75,2020,8,8,26.98,2.55
8.75,76.25,2020,8,8,26.68,3
8.75,76.75,2020,8,8,25.33,3
8.75,77.25,2020,8,8,24.96,4.07
9.25,74.25,2020,8,8,27.72,3.16
9.25,74.75,2020,8,8,27.49,3.16
9.25,75.25,2020,8,8,27.2,3.56
9.25,75.75,2020,8,8,26.88,3.56
9.25,76.25,2020,8,8,26.49,2.62
9.25,76.75,2020,8,8,24.39,2.62
9.25,77.25,2020,8,8,24.45,4.22
9.75,74.25,2020,8,8,27.75,3.16
9.75,74.75,2020,8,8,27.55,3.16
9.75,75.25,2020,8,8,27.28,3.56
9.75,75.75,2020,8,8,26.85,3.56
9.75,76.25,2020,8,8,26.11,2.62
9.75,76.75,2020,8,8,23.22,2.62
9.75,77.25,2020,8,8,23.4,4.22
10.25,74.25,2020,8,8,27.82,1.88
10.25,74.75,2020,8,8,27.65,1.88
10.25,75.25,2020,8,8,27.33,1.45
10.25,75.75,2020,8,8,26.73,1.45
10.25,76.25,2020,8,8,25.6,2.77
10.25,76.75,2020,8,8,22.97,2.77
10.25,77.25,2020,8,8,23.3,5
10.75,74.25,2020,8,8,27.81,1.88
10.75,74.75,2020,8,8,27.64,1.88
10.75,75.25,2020,8,8,27.2,1.45
10.75,75.75,2020,8,8,26.27,1.45
10.75,76.25,2020,8,8,24.6,2.77
10.75,76.75,2020,8,8,23.46,2.77
10.75,77.25,2020,8,8,24.48,5
11.25,74.25,2020,8,8,27.72,1.16
11.25,74.75,2020,8,8,27.47,1.16
11.25,75.25,2020,8,8,26.72,1.16
11.25,75.75,2020,8,8,25.26,1.16
11.25,76.25,2020,8,8,23,3.12
11.25,76.75,2020,8,8,23,3.12
11.25,77.25,2020,8,8,24.87,4.46
11.75,74.25,2020,8,8,27.61,1.16
11.75,74.75,2020,8,8,27.12,1.16
11.75,75.25,2020,8,8,25.84,1.16
11.75,75.75,2020,8,8,23.91,1.16
11.75,76.25,2020,8,8,22.1,3.12
11.75,76.75,2020,8,8,22.51,3.12
11.75,77.25,2020,8,8,24.08,4.46
12.25,74.25,2020,8,8,27.49,1.17
12.25,74.75,2020,8,8,26.66,1.17
12.25,75.25,2020,8,8,24.85,1.86
12.25,75.75,2020,8,8,22.7,1.86
12.25,76.25,2020,8,8,21.96,3.27
12.25,76.75,2020,8,8,22.72,3.27
12.25,77.25,2020,8,8,23.42,4.18
12.75,74.25,2020,8,8,27.33,1.17
12.75,74.75,2020,8,8,26.24,1.17
12.75,75.25,2020,8,8,24.19,1.86
12.75,75.75,2020,8,8,22.08,1.86
12.75,76.25,2020,8,8,21.81,3.27
12.75,76.75,2020,8,8,22.68,3.27
12.75,77.25,2020,8,8,22.92,4.18
8.25,74.25,2020,8,9,27.04,1.78
8.25,74.75,2020,8,9,26.88,1.78
8.25,75.25,2020,8,9,26.7,2.43
8.25,75.75,2020,8,9,26.52,2.43
8.25,76.25,2020,8,9,26.35,2.48
8.25,76.75,2020,8,9,25.67,2.48
8.25,77.25,2020,8,9,25.14,2.52
8.75,74.25,2020,8,9,26.97,1.78
8.75,74.75,2020,8,9,26.76,1.78
8.75,75.25,2020,8,9,26.56,2.43
8.75,75.75,2020,8,9,26.34,2.43
8.75,76.25,2020,8,9,26.08,2.48
8.75,76.75,2020,8,9,24.7,2.48
8.75,77.25,2020,8,9,24.22,2.52
9.25,74.25,2020,8,9,26.94,2.51
9.25,74.75,2020,8,9,26.75,2.51
9.25,75.25,2020,8,9,26.57,1.78
9.25,75.75,2020,8,9,26.31,1.78
9.25,76.25,2020,8,9,25.86,2.19
9.25,76.75,2020,8,9,23.84,2.19
9.25,77.25,2020,8,9,23.68,3.03
9.75,74.25,2020,8,9,26.94,2.51
9.75,74.75,2020,8,9,26.79,2.51
9.75,75.25,2020,8,9,26.61,1.78
9.75,75.75,2020,8,9,26.26,1.78
9.75,76.25,2020,8,9,25.49,2.19
9.75,76.75,2020,8,9,22.77,2.19
9.75,77.25,2020,8,9,22.63,3.03
10.25,74.25,2020,8,9,26.97,1.84
10.25,74.75,2020,8,9,26.84,1.84
10.25,75.25,2020,8,9,26.62,1.87
10.25,75.75,2020,8,9,26.12,1.87
10.25,76.25,2020,8,9,25.03,2.5
10.25,76.75,2020,8,9,22.49,2.5
10.25,77.25,2020,8,9,22.5,3.78
10.75,74.25,2020,8,9,27.07,1.84
10.75,74.75,2020,8,9,26.91,1.84
10.75,75.25,2020,8,9,26.56,1.87
10.75,75.75,2020,8,9,25.74,1.87
10.75,76.25,2020,8,9,24.06,2.5
10.75,76.75,2020,8,9,22.78,2.5
10.75,77.25,2020,8,9,23.49,3.78
11.25,74.25,2020,8,9,27.19,0.82
11.25,74.75,2020,8,9,26.91,0.82
11.25,75.25,2020,8,9,26.25,1.39
11.25,75.75,2020,8,9,24.88,1.39
11.25,76.25,2020,8,9,22.51,3.12
11.25,76.75,2020,8,9,22.17,3.12
11.25,77.25,2020,8,9,23.64,3.77
11.75,74.25,2020,8,9,27.26,0.82
11.75,74.75,2020,8,9,26.74,0.82
11.75,75.25,2020,8,9,25.53,1.39
11.75,75.75,2020,8,9,23.66,1.39
11.75,76.25,2020,8,9,21.69,3.12
11.75,76.75,2020,8,9,21.74,3.12
11.75,77.25,2020,8,9,22.92,3.77
12.25,74.25,2020,8,9,27.24,0.86
12.25,74.75,2020,8,9,26.43,0.86
12.25,75.25,2020,8,9,24.7,1.82
12.25,75.75,2020,8,9,22.6,1.82
12.25,76.25,2020,8,9,21.69,3.1
12.25,76.75,2020,8,9,22.18,3.1
12.25,77.25,2020,8,9,22.61,3.49
12.75,74.25,2020,8,9,27.18,0.86
12.75,74.75,2020,8,9,26.17,0.86
12.75,75.25,2020,8,9,24.26,1.82
12.75,75.75,2020,8,9,22.23,1.82
12.75,76.25,2020,8,9,21.85,3.1
12.75,76.75,2020,8,9,22.4,3.1
12.75,77.25,2020,8,9,22.37,3.49
8.25,74.25,2020,8,10,27.85,3.82
8.25,74.75,2020,8,10,27.7,3.82
8.25,75.25,2020,8,10,27.52,3.26
8.25,75.75,2020,8,10,27.31,3.26
8.25,76.25,2020,8,10,27.08,3.45
8.25,76.75,2020,8,10,26.5,3.45
8.25,77.25,2020,8,10,26.07,4.34
8.75,74.25,2020,8,10,27.69,3.82
8.75,74.75,2020,8,10,27.51,3.82
8.75,75.25,2020,8,10,27.3,3.26
8.75,75.75,2020,8,10,27.07,3.26
8.75,76.25,2020,8,10,26.79,3.45
8.75,76.75,2020,8,10,25.58,3.45
8.75,77.25,2020,8,10,25.16,4.34
9.25,74.25,2020,8,10,27.64,2.99
9.25,74.75,2020,8,10,27.46,2.99
9.25,75.25,2020,8,10,27.23,2.33
9.25,75.75,2020,8,10,26.93,2.33
9.25,76.25,2020,8,10,26.52,2.49
9.25,76.75,2020,8,10,24.58,2.49
9.25,77.25,2020,8,10,24.38,3.4
9.75,74.25,2020,8,10,27.63,2.99
9.75,74.75,2020,8,10,27.47,2.99
9.75,75.25,2020,8,10,27.23,2.33
9.75,75.75,2020,8,10,26.83,2.33
9.75,76.25,2020,8,10,26.12,2.49
9.75,76.75,2020,8,10,23.32,2.49
9.75,77.25,2020,8,10,23.13,3.4
10.25,74.25,2020,8,10,27.59,1.9
10.25,74.75,2020,8,10,27.44,1.9
10.25,75.25,2020,8,10,27.16,2.12
10.25,75.75,2020,8,10,26.61,2.12
10.25,76.25,2020,8,10,25.57,3.22
10.25,76.75,2020,8,10,22.94,3.22
10.25,77.25,2020,8,10,22.98,4.26
10.75,74.25,2020,8,10,27.47,1.9
10.75,74.75,2020,8,10,27.29,1.9
10.75,75.25,2020,8,10,26.9,2.12
10.75,75.75,2020,8,10,26.08,2.12
10.75,76.25,2020,8,10,24.53,3.22
10.75,76.75,2020,8,10,23.29,3.22
10.75,77.25,2020,8,10,24.12,4.26
11.25,74.25,2020,8,10,27.32,2.07
11.25,74.75,2020,8,10,27.03,2.07
11.25,75.25,2020,8,10,26.37,2.95
11.25,75.75,2020,8,10,25.08,2.95
11.25,76.25,2020,8,10,22.94,4.16
11.25,76.75,2020,8,10,22.7,4.16
11.25,77.25,2020,8,10,24.17,4.88
11.75,74.25,2020,8,10,27.19,2.07
11.75,74.75,2020,8,10,26.7,2.07
11.75,75.25,2020,8,10,25.57,2.95
11.75,75.75,2020,8,10,23.84,2.95
11.75,76.25,2020,8,10,22,4.16
11.75,76.75,2020,8,10,22.11,4.16
11.75,77.25,2020,8,10,23.21,4.88
12.25,74.25,2020,8,10,27.12,1.73
12.25,74.75,2020,8,10,26.39,1.73
12.25,75.25,2020,8,10,24.82,2.61
12.25,75.75,2020,8,10,22.91,2.61
12.25,76.25,2020,8,10,21.98,3.61
12.25,76.75,2020,8,10,22.4,3.61
12.25,77.25,2020,8,10,22.78,4.31
12.75,74.25,2020,8,10,27.08,1.73
12.75,74.75,2020,8,10,26.17,1.73
12.75,75.25,2020,8,10,24.47,2.61
12.75,75.75,2020,8,10,22.66,2.61
12.75,76.25,2020,8,10,22.24,3.61
12.75,76.75,2020,8,10,22.69,3.61
12.75,77.25,2020,8,10,22.66,4.31
8.25,74.25,2020,8,11,27.9,6.2
8.25,74.75,2020,8,11,27.8,6.2
8.25,75.25,2020,8,11,27.63,6.37
8.25,75.75,2020,8,11,27.38,6.37
8.25,76.25,2020,8,11,27.05,6.3
8.25,76.75,2020,8,11,26.41,6.3
8.25,77.25,2020,8,11,26.12,5.6
8.75,74.25,2020,8,11,27.91,6.2
8.75,74.75,2020,8,11,27.78,6.2
8.75,75.25,2020,8,11,27.59,6.37
8.75,75.75,2020,8,11,27.32,6.37
8.75,76.25,2020,8,11,26.96,6.3
8.75,76.75,2020,8,11,25.85,6.3
8.75,77.25,2020,8,11,25.67,5.6
9.25,74.25,2020,8,11,27.87,6.34
9.25,74.75,2020,8,11,27.76,6.34
9.25,75.25,2020,8,11,27.58,6.13
9.25,75.75,2020,8,11,27.32,6.13
9.25,76.25,2020,8,11,26.94,5
9.25,76.75,2020,8,11,25.03,5
9.25,77.25,2020,8,11,25.05,4.9
9.75,74.25,2020,8,11,27.88,6.34
9.75,74.75,2020,8,11,27.77,6.34
9.75,75.25,2020,8,11,27.57,6.13
9.75,75.75,2020,8,11,27.22,6.13
9.75,76.25,2020,8,11,26.6,5
9.75,76.75,2020,8,11,23.85,5
9.75,77.25,2020,8,11,23.88,4.9
10.25,74.25,2020,8,11,27.86,6.04
10.25,74.75,2020,8,11,27.76,6.04
10.25,75.25,2020,8,11,27.5,5.39
10.25,75.75,2020,8,11,26.98,5.39
10.25,76.25,2020,8,11,26,4.05
10.25,76.75,2020,8,11,23.51,4.05
10.25,77.25,2020,8,11,23.64,5.11
10.75,74.25,2020,8,11,27.8,6.04
10.75,74.75,2020,8,11,27.67,6.04
10.75,75.25,2020,8,11,27.31,5.39
10.75,75.75,2020,8,11,26.5,5.39
10.75,76.25,2020,8,11,24.95,4.05
10.75,76.75,2020,8,11,23.82,4.05
10.75,77.25,2020,8,11,24.71,5.11
11.25,74.25,2020,8,11,27.7,4.61
11.25,74.75,2020,8,11,27.48,4.61
11.25,75.25,2020,8,11,26.85,3.72
11.25,75.75,2020,8,11,25.57,3.72
11.25,76.25,2020,8,11,23.37,3.84
11.25,76.75,2020,8,11,23.23,3.84
11.25,77.25,2020,8,11,24.94,4.81
11.75,74.25,2020,8,11,27.61,4.61
11.75,74.75,2020,8,11,27.16,4.61
11.75,75.25,2020,8,11,26.05,3.72
11.75,75.75,2020,8,11,24.3,3.72
11.75,76.25,2020,8,11,22.44,3.84
11.75,76.75,2020,8,11,22.71,3.84
11.75,77.25,2020,8,11,24.16,4.81
12.25,74.25,2020,8,11,27.5,3.58
12.25,74.75,2020,8,11,26.75,3.58
12.25,75.25,2020,8,11,25.11,2.73
12.25,75.75,2020,8,11,23.12,2.73
12.25,76.25,2020,8,11,22.24,3.85
12.25,76.75,2020,8,11,22.95,3.85
12.25,77.25,2020,8,11,23.63,4.1
12.75,74.25,2020,8,11,27.36,3.58
12.75,74.75,2020,8,11,26.35,3.58
12.75,75.25,2020,8,11,24.48,2.73
12.75,75.75,2020,8,11,22.52,2.73
12.75,76.25,2020,8,11,22.17,3.85
12.75,76.75,2020,8,11,23.02,3.85
12.75,77.25,2020,8,11,23.27,4.1
8.25,74.25,2020,8,12,27.72,6.24
8.25,74.75,2020,8,12,27.66,6.24
8.25,75.25,2020,8,12,27.56,6.34
8.25,75.75,2020,8,12,27.39,6.34
8.25,76.25,2020,8,12,27.1,6.45
8.25,76.75,2020,8,12,26.42,6.45
8.25,77.25,2020,8,12,26.18,5.91
8.75,74.25,2020,8,12,27.75,6.24
8.75,74.75,2020,8,12,27.69,6.24
8.75,75.25,2020,8,12,27.57,6.34
8.75,75.75,2020,8,12,27.33,6.34
8.75,76.25,2020,8,12,26.96,6.45
8.75,76.75,2020,8,12,25.79,6.45
8.75,77.25,2020,8,12,25.68,5.91
9.25,74.25,2020,8,12,27.75,5.67
9.25,74.75,2020,8,12,27.68,5.67
9.25,75.25,2020,8,12,27.54,5.65
9.25,75.75,2020,8,12,27.29,5.65
9.25,76.25,2020,8,12,26.93,5.53
9.25,76.75,2020,8,12,24.98,5.53
9.25,77.25,2020,8,12,25.09,5.34
9.75,74.25,2020,8,12,27.77,5.67
9.75,74.75,2020,8,12,27.69,5.67
9.75,75.25,2020,8,12,27.52,5.65
9.75,75.75,2020,8,12,27.18,5.65
9.75,76.25,2020,8,12,26.61,5.53
9.75,76.75,2020,8,12,23.84,5.53
9.75,77.25,2020,8,12,23.97,5.34
10.25,74.25,2020,8,12,27.87,5.51
10.25,74.75,2020,8,12,27.77,5.51
10.25,75.25,2020,8,12,27.51,5.34
10.25,75.75,2020,8,12,27,5.34
10.25,76.25,2020,8,12,26.07,4.78
10.25,76.75,2020,8,12,23.52,4.78
10.25,77.25,2020,8,12,23.79,5.27
10.75,74.25,2020,8,12,27.94,5.51
10.75,74.75,2020,8,12,27.79,5.51
10.75,75.25,2020,8,12,27.39,5.34
10.75,75.75,2020,8,12,26.54,5.34
10.75,76.25,2020,8,12,25.04,4.78
10.75,76.75,2020,8,12,23.9,4.78
10.75,77.25,2020,8,12,24.86,5.27
11.25,74.25,2020,8,12,27.92,4.98
11.25,74.75,2020,8,12,27.66,4.98
11.25,75.25,2020,8,12,26.96,4.43
11.25,75.75,2020,8,12,25.63,4.43
11.25,76.25,2020,8,12,23.52,4.44
11.25,76.75,2020,8,12,23.43,4.44
11.25,77.25,2020,8,12,25.11,4.74
11.75,74.25,2020,8,12,27.83,4.98
11.75,74.75,2020,8,12,27.33,4.98
11.75,75.25,2020,8,12,26.15,4.43
11.75,75.75,2020,8,12,24.39,4.43
11.75,76.25,2020,8,12,22.65,4.44
11.75,76.75,2020,8,12,22.98,4.44
11.75,77.25,2020,8,12,24.33,4.74
12.25,74.25,2020,8,12,27.65,5.04
12.25,74.75,2020,8,12,26.84,5.04
12.25,75.25,2020,8,12,25.16,3.87
12.25,75.75,2020,8,12,23.2,3.87
12.25,76.25,2020,8,12,22.42,4.24
12.25,76.75,2020,8,12,23.15,4.24
12.25,77.25,2020,8,12,23.76,4.07
12.75,74.25,2020,8,12,27.44,5.04
12.75,74.75,2020,8,12,26.39,5.04
12.75,75.25,2020,8,12,24.48,3.87
12.75,75.75,2020,8,12,22.5,3.87
12.75,76.25,2020,8,12,22.17,4.24
12.75,76.75,2020,8,12,22.97,4.24
12.75,77.25,2020,8,12,23.18,4.07
8.25,74.25,2020,8,13,27.76,6.41
8.25,74.75,2020,8,13,27.72,6.41
8.25,75.25,2020,8,13,27.64,6.6
8.25,75.75,2020,8,13,27.47,6.6
8.25,76.25,2020,8,13,27.19,6.43
8.25,76.75,2020,8,13,26.43,6.43
8.25,77.25,2020,8,13,26.14,5.82
8.75,74.25,2020,8,13,27.72,6.41
8.75,74.75,2020,8,13,27.7,6.41
8.75,75.25,2020,8,13,27.61,6.6
8.75,75.75,2020,8,13,27.41,6.6
8.75,76.25,2020,8,13,27.05,6.43
8.75,76.75,2020,8,13,25.81,6.43
8.75,77.25,2020,8,13,25.74,5.82
9.25,74.25,2020,8,13,27.78,5.59
9.25,74.75,2020,8,13,27.7,5.59
9.25,75.25,2020,8,13,27.56,5.6
9.25,75.75,2020,8,13,27.32,5.6
9.25,76.25,2020,8,13,26.93,5.15
9.25,76.75,2020,8,13,24.99,5.15
9.25,77.25,2020,8,13,25.11,5.28
9.75,74.25,2020,8,13,27.88,5.59
9.75,74.75,2020,8,13,27.77,5.59
9.75,75.25,2020,8,13,27.57,5.6
9.75,75.75,2020,8,13,27.21,5.6
9.75,76.25,2020,8,13,26.52,5.15
9.75,76.75,2020,8,13,23.72,5.15
9.75,77.25,2020,8,13,23.8,5.28
10.25,74.25,2020,8,13,28.01,5.22
10.25,74.75,2020,8,13,27.88,5.22
10.25,75.25,2020,8,13,27.58,4.9
10.25,75.75,2020,8,13,26.99,4.9
10.25,76.25,2020,8,13,25.88,4.43
10.25,76.75,2020,8,13,23.31,4.43
10.25,77.25,2020,8,13,23.51,5.48
10.75,74.25,2020,8,13,28.09,5.22
10.75,74.75,2020,8,13,27.89,5.22
10.75,75.25,2020,8,13,27.41,4.9
10.75,75.75,2020,8,13,26.46,4.9
10.75,76.25,2020,8,13,24.81,4.43
10.75,76.75,2020,8,13,23.67,4.43
10.75,77.25,2020,8,13,24.68,5.48
11.25,74.25,2020,8,13,27.99,5.43
11.25,74.75,2020,8,13,27.7,5.43
11.25,75.25,2020,8,13,26.93,5.17
11.25,75.75,2020,8,13,25.48,5.17
11.25,76.25,2020,8,13,23.27,4.55
11.25,76.75,2020,8,13,23.21,4.55
11.25,77.25,2020,8,13,25.08,4.71
11.75,74.25,2020,8,13,27.81,5.43
11.75,74.75,2020,8,13,27.3,5.43
11.75,75.25,2020,8,13,26.06,5.17
11.75,75.75,2020,8,13,24.2,5.17
11.75,76.25,2020,8,13,22.39,4.55
11.75,76.75,2020,8,13,22.85,4.55
11.75,77.25,2020,8,13,24.38,4.71
12.25,74.25,2020,8,13,27.66,4.8
12.25,74.75,2020,8,13,26.84,4.8
12.25,75.25,2020,8,13,25.09,4.4
12.25,75.75,2020,8,13,23.03,4.4
12.25,76.25,2020,8,13,22.24,4.89
12.25,76.75,2020,8,13,23.1,4.89
12.25,77.25,2020,8,13,23.77,4.96
12.75,74.25,2020,8,13,27.54,4.8
12.75,74.75,2020,8,13,26.46,4.8
12.75,75.25,2020,8,13,24.49,4.4
12.75,75.75,2020,8,13,22.45,4.4
12.75,76.25,2020,8,13,22.16,4.89
12.75,76.75,2020,8,13,23.02,4.89
12.75,77.25,2020,8,13,23.18,4.96
8.25,74.25,2020,8,14,27.58,5.74
8.25,74.75,2020,8,14,27.61,5.74
8.25,75.25,2020,8,14,27.62,5.89
8.25,75.75,2020,8,14,27.55,5.89
8.25,76.25,2020,8,14,27.36,6.21
8.25,76.75,2020,8,14,26.59,6.21
8.25,77.25,2020,8,14,26.08,5.85
8.75,74.25,2020,8,14,27.59,5.74
8.75,74.75,2020,8,14,27.59,5.74
8.75,75.25,2020,8,14,27.6,5.89
8.75,75.75,2020,8,14,27.55,5.89
8.75,76.25,2020,8,14,27.27,6.21
8.75,76.75,2020,8,14,25.83,6.21
8.75,77.25,2020,8,14,25.41,5.85
9.25,74.25,2020,8,14,27.67,5.16
9.25,74.75,2020,8,14,27.65,5.16
9.25,75.25,2020,8,14,27.6,5.29
9.25,75.75,2020,8,14,27.47,5.29
9.25,76.25,2020,8,14,27.14,4.94
9.25,76.75,2020,8,14,24.95,4.94
9.25,77.25,2020,8,14,24.77,5.37
9.75,74.25,2020,8,14,27.84,5.16
9.75,74.75,2020,8,14,27.78,5.16
9.75,75.25,2020,8,14,27.62,5.29
9.75,75.75,2020,8,14,27.3,5.29
9.75,76.25,2020,8,14,26.72,4.94
9.75,76.75,2020,8,14,23.73,4.94
9.75,77.25,2020,8,14,23.6,5.37
10.25,74.25,2020,8,14,28.03,5.18
10.25,74.75,2020,8,14,27.97,5.18
10.25,75.25,2020,8,14,27.71,4.7
10.25,75.75,2020,8,14,27.12,4.7
10.25,76.25,2020,8,14,26.04,4.38
10.25,76.75,2020,8,14,23.28,4.38
10.25,77.25,2020,8,14,23.41,4.89
10.75,74.25,2020,8,14,28.11,5.18
10.75,74.75,2020,8,14,28.02,5.18
10.75,75.25,2020,8,14,27.61,4.7
10.75,75.75,2020,8,14,26.63,4.7
10.75,76.25,2020,8,14,24.8,4.38
10.75,76.75,2020,8,14,23.43,4.38
10.75,77.25,2020,8,14,24.44,4.89
11.25,74.25,2020,8,14,28.09,5.09
11.25,74.75,2020,8,14,27.9,5.09
11.25,75.25,2020,8,14,27.17,5.04
11.25,75.75,2020,8,14,25.63,5.04
11.25,76.25,2020,8,14,23.06,4.18
11.25,76.75,2020,8,14,22.82,4.18
11.25,77.25,2020,8,14,24.68,4.47
11.75,74.25,2020,8,14,28.01,5.09
11.75,74.75,2020,8,14,27.57,5.09
11.75,75.25,2020,8,14,26.29,5.04
11.75,75.75,2020,8,14,24.25,5.04
11.75,76.25,2020,8,14,22.11,4.18
11.75,76.75,2020,8,14,22.54,4.18
11.75,77.25,2020,8,14,24.12,4.47
12.25,74.25,2020,8,14,27.88,4.79
12.25,74.75,2020,8,14,27.07,4.79
12.25,75.25,2020,8,14,25.23,3.95
12.25,75.75,2020,8,14,22.96,3.95
12.25,76.25,2020,8,14,21.94,3.96
12.25,76.75,2020,8,14,22.89,3.96
12.25,77.25,2020,8,14,23.72,3.95
12.75,74.25,2020,8,14,27.72,4.79
12.75,74.75,2020,8,14,26.61,4.79
12.75,75.25,2020,8,14,24.49,3.95
12.75,75.75,2020,8,14,22.25,3.95
12.75,76.25,2020,8,14,21.78,3.96
12.75,76.75,2020,8,14,22.73,3.96
12.75,77.25,2020,8,14,23.09,3.95
8.25,74.25,2020,8,15,27.68,5.8
8.25,74.75,2020,8,15,27.65,5.8
8.25,75.25,2020,8,15,27.61,5.76
8.25,75.75,2020,8,15,27.51,5.76
8.25,76.25,2020,8,15,27.27,5.29
8.25,76.75,2020,8,15,26.45,5.29
8.25,77.25,2020,8,15,25.9,4.97
8.75,74.25,2020,8,15,27.63,5.8
8.75,74.75,2020,8,15,27.57,5.8
8.75,75.25,2020,8,15,27.49,5.76
8.75,75.75,2020,8,15,27.33,5.76
8.75,76.25,2020,8,15,27.05,5.29
8.75,76.75,2020,8,15,25.56,5.29
8.75,77.25,2020,8,15,25.1,4.97
9.25,74.25,2020,8,15,27.64,4.9
9.25,74.75,2020,8,15,27.55,4.9
9.25,75.25,2020,8,15,27.42,4.69
9.25,75.75,2020,8,15,27.22,4.69
9.25,76.25,2020,8,15,26.89,5.06
9.25,76.75,2020,8,15,24.63,5.06
9.25,77.25,2020,8,15,24.35,4.56
9.75,74.25,2020,8,15,27.67,4.9
9.75,74.75,2020,8,15,27.56,4.9
9.75,75.25,2020,8,15,27.39,4.69
9.75,75.75,2020,8,15,27.05,4.69
9.75,76.25,2020,8,15,26.41,5.06
9.75,76.75,2020,8,15,23.34,5.06
9.75,77.25,2020,8,15,23.05,4.56
10.25,74.25,2020,8,15,27.74,5.12
10.25,74.75,2020,8,15,27.62,5.12
10.25,75.25,2020,8,15,27.38,4.9
10.25,75.75,2020,8,15,26.86,4.9
10.25,76.25,2020,8,15,25.81,4.56
10.25,76.75,2020,8,15,23,4.56
10.25,77.25,2020,8,15,22.91,4.73
10.75,74.25,2020,8,15,27.84,5.12
10.75,74.75,2020,8,15,27.67,5.12
10.75,75.25,2020,8,15,27.28,4.9
10.75,75.75,2020,8,15,26.44,4.9
10.75,76.25,2020,8,15,24.8,4.56
10.75,76.75,2020,8,15,23.42,4.56
10.75,77.25,2020,8,15,24.2,4.73
11.25,74.25,2020,8,15,27.94,5.31
11.25,74.75,2020,8,15,27.68,5.31
11.25,75.25,2020,8,15,26.98,5.09
11.25,75.75,2020,8,15,25.58,5.09
11.25,76.25,2020,8,15,23.24,4.53
11.25,76.75,2020,8,15,22.89,4.53
11.25,77.25,2020,8,15,24.51,4.62
11.75,74.25,2020,8,15,28,5.31
11.75,74.75,2020,8,15,27.54,5.31
11.75,75.25,2020,8,15,26.32,5.09
11.75,75.75,2020,8,15,24.4,5.09
11.75,76.25,2020,8,15,22.37,4.53
11.75,76.75,2020,8,15,22.48,4.53
11.75,77.25,2020,8,15,23.76,4.62
12.25,74.25,2020,8,15,27.95,3.92
12.25,74.75,2020,8,15,27.18,3.92
12.25,75.25,2020,8,15,25.44,3.95
12.25,75.75,2020,8,15,23.3,3.95
12.25,76.25,2020,8,15,22.33,3.85
12.25,76.75,2020,8,15,22.94,3.85
12.25,77.25,2020,8,15,23.42,3.74
12.75,74.25,2020,8,15,27.78,3.92
12.75,74.75,2020,8,15,26.75,3.92
12.75,75.25,2020,8,15,24.8,3.95
12.75,75.75,2020,8,15,22.72,3.95
12.75,76.25,2020,8,15,22.37,3.85
12.75,76.75,2020,8,15,23.17,3.85
12.75,77.25,2020,8,15,23.27,3.74
8.25,74.25,2020,8,16,27.64,3.86
8.25,74.75,2020,8,16,27.6,3.86
8.25,75.25,2020,8,16,27.53,4.96
8.25,75.75,2020,8,16,27.4,4.96
8.25,76.25,2020,8,16,27.2,4.96
8.25,76.75,2020,8,16,26.45,4.96
8.25,77.25,2020,8,16,26.08,5.12
8.75,74.25,2020,8,16,27.7,3.86
8.75,74.75,2020,8,16,27.61,3.86
8.75,75.25,2020,8,16,27.51,4.96
8.75,75.75,2020,8,16,27.35,4.96
8.75,76.25,2020,8,16,27.07,4.96
8.75,76.75,2020,8,16,25.72,4.96
8.75,77.25,2020,8,16,25.44,5.12
9.25,74.25,2020,8,16,27.8,3.18
9.25,74.75,2020,8,16,27.67,3.18
9.25,75.25,2020,8,16,27.51,3.93
9.25,75.75,2020,8,16,27.28,3.93
9.25,76.25,2020,8,16,26.94,4.57
9.25,76.75,2020,8,16,24.87,4.57
9.25,77.25,2020,8,16,24.73,5.13
9.75,74.25,2020,8,16,27.95,3.18
9.75,74.75,2020,8,16,27.84,3.18
9.75,75.25,2020,8,16,27.64,3.93
9.75,75.75,2020,8,16,27.26,3.93
9.75,76.25,2020,8,16,26.65,4.57
9.75,76.75,2020,8,16,23.72,4.57
9.75,77.25,2020,8,16,23.54,5.13
10.25,74.25,2020,8,16,28.12,4.37
10.25,74.75,2020,8,16,28.04,4.37
10.25,75.25,2020,8,16,27.76,4.68
10.25,75.75,2020,8,16,27.18,4.68
10.25,76.25,2020,8,16,26.18,4.63
10.25,76.75,2020,8,16,23.42,4.63
10.25,77.25,2020,8,16,23.45,4.82
10.75,74.25,2020,8,16,28.21,4.37
10.75,74.75,2020,8,16,28.07,4.37
10.75,75.25,2020,8,16,27.64,4.68
10.75,75.75,2020,8,16,26.7,4.68
10.75,76.25,2020,8,16,25.03,4.63
10.75,76.75,2020,8,16,23.7,4.63
10.75,77.25,2020,8,16,24.68,4.82
11.25,74.25,2020,8,16,28.2,3.07
11.25,74.75,2020,8,16,27.95,3.07
11.25,75.25,2020,8,16,27.2,3.19
11.25,75.75,2020,8,16,25.72,3.19
11.25,76.25,2020,8,16,23.31,3.62
11.25,76.75,2020,8,16,23.11,3.62
11.25,77.25,2020,8,16,24.97,4.17
11.75,74.25,2020,8,16,28.04,3.07
11.75,74.75,2020,8,16,27.6,3.07
11.75,75.25,2020,8,16,26.38,3.19
11.75,75.75,2020,8,16,24.46,3.19
11.75,76.25,2020,8,16,22.46,3.62
11.75,76.75,2020,8,16,22.79,3.62
11.75,77.25,2020,8,16,24.28,4.17
12.25,74.25,2020,8,16,27.81,2.28
12.25,74.75,2020,8,16,27.1,2.28
12.25,75.25,2020,8,16,25.45,2.05
12.25,75.75,2020,8,16,23.41,2.05
12.25,76.25,2020,8,16,22.52,2.37
12.25,76.75,2020,8,16,23.27,2.37
12.25,77.25,2020,8,16,23.88,2.47
12.75,74.25,2020,8,16,27.61,2.28
12.75,74.75,2020,8,16,26.69,2.28
12.75,75.25,2020,8,16,24.86,2.05
12.75,75.75,2020,8,16,22.9,2.05
12.75,76.25,2020,8,16,22.59,2.37
12.75,76.75,2020,8,16,23.38,2.37
12.75,77.25,2020,8,16,23.51,2.47
8.25,74.25,2020,8,17,27.67,3.92
8.25,74.75,2020,8,17,27.64,3.92
8.25,75.25,2020,8,17,27.67,4.56
8.25,75.75,2020,8,17,27.68,4.56
8.25,76.25,2020,8,17,27.49,5.01
8.25,76.75,2020,8,17,26.84,5.01
8.25,77.25,2020,8,17,26.49,5.2
8.75,74.25,2020,8,17,27.58,3.92
8.75,74.75,2020,8,17,27.53,3.92
8.75,75.25,2020,8,17,27.53,4.56
8.75,75.75,2020,8,17,27.52,4.56
8.75,76.25,2020,8,17,27.34,5.01
8.75,76.75,2020,8,17,26.09,5.01
8.75,77.25,2020,8,17,25.94,5.2
9.25,74.25,2020,8,17,27.62,4.63
9.25,74.75,2020,8,17,27.53,4.63
9.25,75.25,2020,8,17,27.5,4.87
9.25,75.75,2020,8,17,27.46,4.87
9.25,76.25,2020,8,17,27.33,4.79
9.25,76.75,2020,8,17,25.28,4.79
9.25,77.25,2020,8,17,25.29,4.72
9.75,74.25,2020,8,17,27.86,4.63
9.75,74.75,2020,8,17,27.79,4.63
9.75,75.25,2020,8,17,27.7,4.87
9.75,75.75,2020,8,17,27.51,4.87
9.75,76.25,2020,8,17,27.09,4.79
9.75,76.75,2020,8,17,24.12,4.79
9.75,77.25,2020,8,17,24.12,4.72
10.25,74.25,2020,8,17,28.05,5.97
10.25,74.75,2020,8,17,28,5.97
10.25,75.25,2020,8,17,27.82,5.83
10.25,75.75,2020,8,17,27.39,5.83
10.25,76.25,2020,8,17,26.53,4.67
10.25,76.75,2020,8,17,23.83,4.67
10.25,77.25,2020,8,17,24.05,4.93
10.75,74.25,2020,8,17,28.16,5.97
10.75,74.75,2020,8,17,28.05,5.97
10.75,75.25,2020,8,17,27.69,5.83
10.75,75.75,2020,8,17,26.87,5.83
10.75,76.25,2020,8,17,25.38,4.67
10.75,76.75,2020,8,17,24.2,4.67
10.75,77.25,2020,8,17,25.38,4.93
11.25,74.25,2020,8,17,28.2,5.35
11.25,74.75,2020,8,17,27.94,5.35
11.25,75.25,2020,8,17,27.23,4.72
11.25,75.75,2020,8,17,25.85,4.72
11.25,76.25,2020,8,17,23.65,3.72
11.25,76.75,2020,8,17,23.65,3.72
11.25,77.25,2020,8,17,25.74,4.7
11.75,74.25,2020,8,17,28.14,5.35
11.75,74.75,2020,8,17,27.64,5.35
11.75,75.25,2020,8,17,26.37,4.72
11.75,75.75,2020,8,17,24.49,4.72
11.75,76.25,2020,8,17,22.66,3.72
11.75,76.75,2020,8,17,23.14,3.72
11.75,77.25,2020,8,17,24.85,4.7
12.25,74.25,2020,8,17,28.01,4.61
12.25,74.75,2020,8,17,27.2,4.61
12.25,75.25,2020,8,17,25.41,3.3
12.25,75.75,2020,8,17,23.29,3.3
12.25,76.25,2020,8,17,22.44,3.26
12.25,76.75,2020,8,17,23.26,3.26
12.25,77.25,2020,8,17,24.06,3.72
12.75,74.25,2020,8,17,27.84,4.61
12.75,74.75,2020,8,17,26.82,4.61
12.75,75.25,2020,8,17,24.86,3.3
12.75,75.75,2020,8,17,22.79,3.3
12.75,76.25,2020,8,17,22.42,3.26
12.75,76.75,2020,8,17,23.2,3.26
12.75,77.25,2020,8,17,23.51,3.72
8.25,74.25,2020,8,18,27.8,6.52
8.25,74.75,2020,8,18,27.71,6.52
8.25,75.25,2020,8,18,27.6,6.57
8.25,75.75,2020,8,18,27.48,6.57
8.25,76.25,2020,8,18,27.23,6.42
8.25,76.75,2020,8,18,26.72,6.42
8.25,77.25,2020,8,18,26.64,5.76
8.75,74.25,2020,8,18,27.68,6.52
8.75,74.75,2020,8,18,27.6,6.52
8.75,75.25,2020,8,18,27.48,6.57
8.75,75.75,2020,8,18,27.33,6.57
8.75,76.25,2020,8,18,27.08,6.42
8.75,76.75,2020,8,18,26.01,6.42
8.75,77.25,2020,8,18,26.12,5.76
9.25,74.25,2020,8,18,27.52,6.34
9.25,74.75,2020,8,18,27.49,6.34
9.25,75.25,2020,8,18,27.41,6.07
9.25,75.75,2020,8,18,27.27,6.07
9.25,76.25,2020,8,18,27.07,5.29
9.25,76.75,2020,8,18,25.25,5.29
9.25,77.25,2020,8,18,25.47,5.12
9.75,74.25,2020,8,18,27.52,6.34
9.75,74.75,2020,8,18,27.49,6.34
9.75,75.25,2020,8,18,27.44,6.07
9.75,75.75,2020,8,18,27.27,6.07
9.75,76.25,2020,8,18,26.84,5.29
9.75,76.75,2020,8,18,24.11,5.29
9.75,77.25,2020,8,18,24.31,5.12
10.25,74.25,2020,8,18,27.58,6.38
10.25,74.75,2020,8,18,27.55,6.38
10.25,75.25,2020,8,18,27.49,5.77
10.25,75.75,2020,8,18,27.19,5.77
10.25,76.25,2020,8,18,26.36,4.4
10.25,76.75,2020,8,18,23.8,4.4
10.25,77.25,2020,8,18,24.17,5.18
10.75,74.25,2020,8,18,27.77,6.38
10.75,74.75,2020,8,18,27.71,6.38
10.75,75.25,2020,8,18,27.5,5.77
10.75,75.75,2020,8,18,26.84,5.77
10.75,76.25,2020,8,18,25.36,4.4
10.75,76.75,2020,8,18,24.23,4.4
10.75,77.25,2020,8,18,25.46,5.18
11.25,74.25,2020,8,18,28.05,5.62
11.25,74.75,2020,8,18,27.85,5.62
11.25,75.25,2020,8,18,27.24,3.99
11.25,75.75,2020,8,18,25.95,3.99
11.25,76.25,2020,8,18,23.8,3.94
11.25,76.75,2020,8,18,23.83,3.94
11.25,77.25,2020,8,18,25.91,4.76
11.75,74.25,2020,8,18,28.16,5.62
11.75,74.75,2020,8,18,27.73,5.62
11.75,75.25,2020,8,18,26.54,3.99
11.75,75.75,2020,8,18,24.69,3.99
11.75,76.25,2020,8,18,22.9,3.94
11.75,76.75,2020,8,18,23.46,3.94
11.75,77.25,2020,8,18,25.12,4.76
12.25,74.25,2020,8,18,27.91,4.61
12.25,74.75,2020,8,18,27.26,4.61
12.25,75.25,2020,8,18,25.61,3.07
12.25,75.75,2020,8,18,23.56,3.07
12.25,76.25,2020,8,18,22.75,4.31
12.25,76.75,2020,8,18,23.68,4.31
12.25,77.25,2020,8,18,24.41,4.23
12.75,74.25,2020,8,18,27.68,4.61
12.75,74.75,2020,8,18,26.78,4.61
12.75,75.25,2020,8,18,24.93,3.07
12.75,75.75,2020,8,18,22.93,3.07
12.75,76.25,2020,8,18,22.65,4.31
12.75,76.75,2020,8,18,23.59,4.31
12.75,77.25,2020,8,18,23.85,4.23
8.25,74.25,2020,8,19,27.96,6.29
8.25,74.75,2020,8,19,28.01,6.29
8.25,75.25,2020,8,19,28.01,6.28
8.25,75.75,2020,8,19,27.89,6.28
8.25,76.25,2020,8,19,27.55,6.17
8.25,76.75,2020,8,19,26.93,6.17
8.25,77.25,2020,8,19,26.87,6.05
8.75,74.25,2020,8,19,28.1,6.29
8.75,74.75,2020,8,19,28.07,6.29
8.75,75.25,2020,8,19,28,6.28
8.75,75.75,2020,8,19,27.8,6.28
8.75,76.25,2020,8,19,27.36,6.17
8.75,76.75,2020,8,19,26.15,6.17
8.75,77.25,2020,8,19,26.19,6.05
9.25,74.25,2020,8,19,28.2,6.26
9.25,74.75,2020,8,19,28.14,6.26
9.25,75.25,2020,8,19,28,6.19
9.25,75.75,2020,8,19,27.73,6.19
9.25,76.25,2020,8,19,27.26,5.74
9.25,76.75,2020,8,19,25.29,5.74
9.25,77.25,2020,8,19,25.55,6.01
9.75,74.25,2020,8,19,28.28,6.26
9.75,74.75,2020,8,19,28.2,6.26
9.75,75.25,2020,8,19,27.99,6.19
9.75,75.75,2020,8,19,27.57,6.19
9.75,76.25,2020,8,19,26.85,5.74
9.75,76.75,2020,8,19,24.05,5.74
9.75,77.25,2020,8,19,24.4,6.01
10.25,74.25,2020,8,19,28.24,6.04
10.25,74.75,2020,8,19,28.14,6.04
10.25,75.25,2020,8,19,27.87,5.66
10.25,75.75,2020,8,19,27.29,5.66
10.25,76.25,2020,8,19,26.23,5.34
10.25,76.75,2020,8,19,23.61,5.34
10.25,77.25,2020,8,19,24.06,5.92
10.75,74.25,2020,8,19,28.16,6.04
10.75,74.75,2020,8,19,28.06,6.04
10.75,75.25,2020,8,19,27.69,5.66
10.75,75.75,2020,8,19,26.79,5.66
10.75,76.25,2020,8,19,25.11,5.34
10.75,76.75,2020,8,19,23.89,5.34
10.75,77.25,2020,8,19,25.01,5.92
11.25,74.25,2020,8,19,28.1,5.78
11.25,74.75,2020,8,19,27.93,5.78
11.25,75.25,2020,8,19,27.26,5.21
11.25,75.75,2020,8,19,25.78,5.21
11.25,76.25,2020,8,19,23.39,4.56
11.25,76.75,2020,8,19,23.34,4.56
11.25,77.25,2020,8,19,25.23,4.77
11.75,74.25,2020,8,19,27.97,5.78
11.75,74.75,2020,8,19,27.58,5.78
11.75,75.25,2020,8,19,26.38,5.21
11.75,75.75,2020,8,19,24.43,5.21
11.75,76.25,2020,8,19,22.42,4.56
11.75,76.75,2020,8,19,22.88,4.56
11.75,77.25,2020,8,19,24.46,4.77
12.25,74.25,2020,8,19,27.69,5.57
12.25,74.75,2020,8,19,27,5.57
12.25,75.25,2020,8,19,25.36,4.24
12.25,75.75,2020,8,19,23.3,4.24
12.25,76.25,2020,8,19,22.39,3.74
12.25,76.75,2020,8,19,23.2,3.74
12.25,77.25,2020,8,19,23.88,4.06
12.75,74.25,2020,8,19,27.46,5.57
12.75,74.75,2020,8,19,26.54,5.57
12.75,75.25,2020,8,19,24.74,4.24
12.75,75.75,2020,8,19,22.79,4.24
12.75,76.25,2020,8,19,22.49,3.74
12.75,76.75,2020,8,19,23.35,3.74
12.75,77.25,2020,8,19,23.54,4.06
8.25,74.25,2020,8,20,27.77,5.33
8.25,74.75,2020,8,20,27.78,5.33
8.25,75.25,2020,8,20,27.83,5.04
8.25,75.75,2020,8,20,27.83,5.04
8.25,76.25,2020,8,20,27.64,4.59
8.25,76.75,2020,8,20,26.95,4.59
8.25,77.25,2020,8,20,26.54,4.9
8.75,74.25,2020,8,20,27.77,5.33
8.75,74.75,2020,8,20,27.76,5.33
8.75,75.25,2020,8,20,27.78,5.04
8.75,75.75,2020,8,20,27.72,5.04
8.75,76.25,2020,8,20,27.39,4.59
8.75,76.75,2020,8,20,25.9,4.59
8.75,77.25,2020,8,20,25.58,4.9
9.25,74.25,2020,8,20,27.65,6.05
9.25,74.75,2020,8,20,27.65,6.05
9.25,75.25,2020,8,20,27.68,5.67
9.25,75.75,2020,8,20,27.61,5.67
9.25,76.25,2020,8,20,27.21,5.05
9.25,76.75,2020,8,20,24.92,5.05
9.25,77.25,2020,8,20,24.87,4.71
9.75,74.25,2020,8,20,27.56,6.05
9.75,74.75,2020,8,20,27.6,6.05
9.75,75.25,2020,8,20,27.62,5.67
9.75,75.75,2020,8,20,27.43,5.67
9.75,76.25,2020,8,20,26.77,5.05
9.75,76.75,2020,8,20,23.62,5.05
9.75,77.25,2020,8,20,23.67,4.71
10.25,74.25,2020,8,20,27.64,5.7
10.25,74.75,2020,8,20,27.66,5.7
10.25,75.25,2020,8,20,27.58,5.28
10.25,75.75,2020,8,20,27.16,5.28
10.25,76.25,2020,8,20,26.12,4.73
10.25,76.75,2020,8,20,23.24,4.73
10.25,77.25,2020,8,20,23.47,5.22
10.75,74.25,2020,8,20,27.72,5.7
10.75,74.75,2020,8,20,27.7,5.7
10.75,75.25,2020,8,20,27.46,5.28
10.75,75.75,2020,8,20,26.68,5.28
10.75,76.25,2020,8,20,25.02,4.73
10.75,76.75,2020,8,20,23.62,4.73
10.75,77.25,2020,8,20,24.51,5.22
11.25,74.25,2020,8,20,27.75,4.44
11.25,74.75,2020,8,20,27.67,4.44
11.25,75.25,2020,8,20,27.09,3.38
11.25,75.75,2020,8,20,25.71,3.38
11.25,76.25,2020,8,20,23.34,4.06
11.25,76.75,2020,8,20,23.1,4.06
11.25,77.25,2020,8,20,24.71,4.76
11.75,74.25,2020,8,20,27.86,4.44
11.75,74.75,2020,8,20,27.52,4.44
11.75,75.25,2020,8,20,26.34,3.38
11.75,75.75,2020,8,20,24.38,3.38
11.75,76.25,2020,8,20,22.39,4.06
11.75,76.75,2020,8,20,22.72,4.06
11.75,77.25,2020,8,20,24.09,4.76
12.25,74.25,2020,8,20,27.95,5
12.25,74.75,2020,8,20,27.22,5
12.25,75.25,2020,8,20,25.45,3.18
12.25,75.75,2020,8,20,23.26,3.18
12.25,76.25,2020,8,20,22.35,3.94
12.25,76.75,2020,8,20,23.16,3.94
12.25,77.25,2020,8,20,23.79,3.92
12.75,74.25,2020,8,20,27.9,5
12.75,74.75,2020,8,20,26.87,5
12.75,75.25,2020,8,20,24.88,3.18
12.75,75.75,2020,8,20,22.77,3.18
12.75,76.25,2020,8,20,22.4,3.94
12.75,76.75,2020,8,20,23.3,3.94
12.75,77.25,2020,8,20,23.49,3.92
8.25,74.25,2020,8,21,27.9,6.34
8.25,74.75,2020,8,21,27.84,6.34
8.25,75.25,2020,8,21,27.77,6.28
8.25,75.75,2020,8,21,27.66,6.28
8.25,76.25,2020,8,21,27.46,5.89
8.25,76.75,2020,8,21,27.01,5.89
8.25,77.25,2020,8,21,27.02,5.92
8.75,74.25,2020,8,21,27.93,6.34
8.75,74.75,2020,8,21,27.81,6.34
8.75,75.25,2020,8,21,27.69,6.28
8.75,75.75,2020,8,21,27.52,6.28
8.75,76.25,2020,8,21,27.28,5.89
8.75,76.75,2020,8,21,26.25,5.89
8.75,77.25,2020,8,21,26.6,5.92
9.25,74.25,2020,8,21,27.93,5.96
9.25,74.75,2020,8,21,27.75,5.96
9.25,75.25,2020,8,21,27.58,6.02
9.25,75.75,2020,8,21,27.43,6.02
9.25,76.25,2020,8,21,27.26,5.72
9.25,76.75,2020,8,21,25.41,5.72
9.25,77.25,2020,8,21,25.99,5.76
9.75,74.25,2020,8,21,27.88,5.96
9.75,74.75,2020,8,21,27.7,5.96
9.75,75.25,2020,8,21,27.54,6.02
9.75,75.75,2020,8,21,27.36,6.02
9.75,76.25,2020,8,21,27.1,5.72
9.75,76.75,2020,8,21,24.27,5.72
9.75,77.25,2020,8,21,24.84,5.76
10.25,74.25,2020,8,21,27.84,4.8
10.25,74.75,2020,8,21,27.71,4.8
10.25,75.25,2020,8,21,27.54,5.32
10.25,75.75,2020,8,21,27.24,5.32
10.25,76.25,2020,8,21,26.73,5.32
10.25,76.75,2020,8,21,24.01,5.32
10.25,77.25,2020,8,21,24.67,5.77
10.75,74.25,2020,8,21,27.8,4.8
10.75,74.75,2020,8,21,27.68,4.8
10.75,75.25,2020,8,21,27.44,5.32
10.75,75.75,2020,8,21,26.88,5.32
10.75,76.25,2020,8,21,25.7,5.32
10.75,76.75,2020,8,21,24.47,5.32
10.75,77.25,2020,8,21,25.82,5.77
11.25,74.25,2020,8,21,27.81,5.02
11.25,74.75,2020,8,21,27.61,5.02
11.25,75.25,2020,8,21,27.12,4.37
11.25,75.75,2020,8,21,26.01,4.37
11.25,76.25,2020,8,21,23.96,4.6
11.25,76.75,2020,8,21,24.03,4.6
11.25,77.25,2020,8,21,26.13,5.16
11.75,74.25,2020,8,21,27.83,5.02
11.75,74.75,2020,8,21,27.44,5.02
11.75,75.25,2020,8,21,26.4,4.37
11.75,75.75,2020,8,21,24.73,4.37
11.75,76.25,2020,8,21,22.91,4.6
11.75,76.75,2020,8,21,23.57,4.6
11.75,77.25,2020,8,21,25.3,5.16
12.25,74.25,2020,8,21,27.86,5.45
12.25,74.75,2020,8,21,27.17,5.45
12.25,75.25,2020,8,21,25.57,4.02
12.25,75.75,2020,8,21,23.59,4.02
12.25,76.25,2020,8,21,22.76,4.53
12.25,76.75,2020,8,21,23.79,4.53
12.25,77.25,2020,8,21,24.57,4.61
12.75,74.25,2020,8,21,27.88,5.45
12.75,74.75,2020,8,21,26.9,5.45
12.75,75.25,2020,8,21,25.03,4.02
12.75,75.75,2020,8,21,23.05,4.02
12.75,76.25,2020,8,21,22.76,4.53
12.75,76.75,2020,8,21,23.75,4.53
12.75,77.25,2020,8,21,23.97,4.61
8.25,74.25,2020,8,22,28.13,6.74
8.25,74.75,2020,8,22,28.14,6.74
8.25,75.25,2020,8,22,28.09,6.36
8.25,75.75,2020,8,22,27.93,6.36
8.25,76.25,2020,8,22,27.64,6.62
8.25,76.75,2020,8,22,27.19,6.62
8.25,77.25,2020,8,22,27.33,6.01
8.75,74.25,2020,8,22,28.37,6.74
8.75,74.75,2020,8,22,28.24,6.74
8.75,75.25,2020,8,22,28.02,6.36
8.75,75.75,2020,8,22,27.71,6.36
8.75,76.25,2020,8,22,27.41,6.62
8.75,76.75,2020,8,22,26.53,6.62
8.75,77.25,2020,8,22,27.14,6.01
9.25,74.25,2020,8,22,28.31,5.75
9.25,74.75,2020,8,22,28.1,5.75
9.25,75.25,2020,8,22,27.84,5.51
9.25,75.75,2020,8,22,27.57,5.51
9.25,76.25,2020,8,22,27.38,6.06
9.25,76.75,2020,8,22,25.79,6.06
9.25,77.25,2020,8,22,26.6,5.88
9.75,74.25,2020,8,22,28.14,5.75
9.75,74.75,2020,8,22,27.97,5.75
9.75,75.25,2020,8,22,27.74,5.51
9.75,75.75,2020,8,22,27.48,5.51
9.75,76.25,2020,8,22,27.16,6.06
9.75,76.75,2020,8,22,24.67,6.06
9.75,77.25,2020,8,22,25.37,5.88
10.25,74.25,2020,8,22,28.07,5.67
10.25,74.75,2020,8,22,27.92,5.67
10.25,75.25,2020,8,22,27.7,5.45
10.25,75.75,2020,8,22,27.35,5.45
10.25,76.25,2020,8,22,26.79,5.5
10.25,76.75,2020,8,22,24.32,5.5
10.25,77.25,2020,8,22,24.98,5.99
10.75,74.25,2020,8,22,28.06,5.67
10.75,74.75,2020,8,22,27.92,5.67
10.75,75.25,2020,8,22,27.63,5.45
10.75,75.75,2020,8,22,27.02,5.45
10.75,76.25,2020,8,22,25.83,5.5
10.75,76.75,2020,8,22,24.69,5.5
10.75,77.25,2020,8,22,26,5.99
11.25,74.25,2020,8,22,28.18,5.85
11.25,74.75,2020,8,22,27.98,5.85
11.25,75.25,2020,8,22,27.39,5.11
11.25,75.75,2020,8,22,26.18,5.11
11.25,76.25,2020,8,22,24.13,4.96
11.25,76.75,2020,8,22,24.17,4.96
11.25,77.25,2020,8,22,26.19,5.43
11.75,74.25,2020,8,22,28.22,5.85
11.75,74.75,2020,8,22,27.85,5.85
11.75,75.25,2020,8,22,26.73,5.11
11.75,75.75,2020,8,22,24.93,5.11
11.75,76.25,2020,8,22,23.06,4.96
11.75,76.75,2020,8,22,23.65,4.96
11.75,77.25,2020,8,22,25.24,5.43
12.25,74.25,2020,8,22,28.1,4.86
12.25,74.75,2020,8,22,27.46,4.86
12.25,75.25,2020,8,22,25.84,3.75
12.25,75.75,2020,8,22,23.79,3.75
12.25,76.25,2020,8,22,22.89,4.95
12.25,76.75,2020,8,22,23.83,4.95
12.25,77.25,2020,8,22,24.51,5.38
12.75,74.25,2020,8,22,27.93,4.86
12.75,74.75,2020,8,22,27.04,4.86
12.75,75.25,2020,8,22,25.17,3.75
12.75,75.75,2020,8,22,23.14,3.75
12.75,76.25,2020,8,22,22.81,4.95
12.75,76.75,2020,8,22,23.75,4.95
12.75,77.25,2020,8,22,23.99,5.38
8.25,74.25,2020,8,23,28.07,5.86
8.25,74.75,2020,8,23,28.04,5.86
8.25,75.25,2020,8,23,27.99,5.52
8.25,75.75,2020,8,23,27.87,5.52
8.25,76.25,2020,8,23,27.63,5.73
8.25,76.75,2020,8,23,27.18,5.73
8.25,77.25,2020,8,23,27.22,5.43
8.75,74.25,2020,8,23,28.1,5.86
8.75,74.75,2020,8,23,28.07,5.86
8.75,75.25,2020,8,23,27.95,5.52
8.75,75.75,2020,8,23,27.7,5.52
8.75,76.25,2020,8,23,27.31,5.73
8.75,76.75,2020,8,23,26.33,5.73
8.75,77.25,2020,8,23,26.68,5.43
9.25,74.25,2020,8,23,28.02,5.31
9.25,74.75,2020,8,23,28,5.31
9.25,75.25,2020,8,23,27.86,3.69
9.25,75.75,2020,8,23,27.58,3.69
9.25,76.25,2020,8,23,27.23,3.74
9.25,76.75,2020,8,23,25.48,3.74
9.25,77.25,2020,8,23,26.04,4.74
9.75,74.25,2020,8,23,27.92,5.31
9.75,74.75,2020,8,23,27.89,5.31
9.75,75.25,2020,8,23,27.75,3.69
9.75,75.75,2020,8,23,27.45,3.69
9.75,76.25,2020,8,23,26.99,3.74
9.75,76.75,2020,8,23,24.27,3.74
9.75,77.25,2020,8,23,24.78,4.74
10.25,74.25,2020,8,23,27.88,6.06
10.25,74.75,2020,8,23,27.82,6.06
10.25,75.25,2020,8,23,27.63,4.35
10.25,75.75,2020,8,23,27.23,4.35
10.25,76.25,2020,8,23,26.52,4.17
10.25,76.75,2020,8,23,23.85,4.17
10.25,77.25,2020,8,23,24.36,4.53
10.75,74.25,2020,8,23,27.9,6.06
10.75,74.75,2020,8,23,27.77,6.06
10.75,75.25,2020,8,23,27.48,4.35
10.75,75.75,2020,8,23,26.8,4.35
10.75,76.25,2020,8,23,25.46,4.17
10.75,76.75,2020,8,23,24.18,4.17
10.75,77.25,2020,8,23,25.29,4.53
11.25,74.25,2020,8,23,27.9,6.33
11.25,74.75,2020,8,23,27.7,6.33
11.25,75.25,2020,8,23,27.14,5.71
11.25,75.75,2020,8,23,25.93,5.71
11.25,76.25,2020,8,23,23.78,4.84
11.25,76.75,2020,8,23,23.7,4.84
11.25,77.25,2020,8,23,25.51,5.08
11.75,74.25,2020,8,23,27.89,6.33
11.75,74.75,2020,8,23,27.53,6.33
11.75,75.25,2020,8,23,26.47,5.71
11.75,75.75,2020,8,23,24.74,5.71
11.75,76.25,2020,8,23,22.85,4.84
11.75,76.75,2020,8,23,23.32,4.84
11.75,77.25,2020,8,23,24.73,5.08
12.25,74.25,2020,8,23,27.86,6.06
12.25,74.75,2020,8,23,27.25,6.06
12.25,75.25,2020,8,23,25.68,4.74
12.25,75.75,2020,8,23,23.67,4.74
12.25,76.25,2020,8,23,22.77,4.62
12.25,76.75,2020,8,23,23.64,4.62
12.25,77.25,2020,8,23,24.18,4.72
12.75,74.25,2020,8,23,27.8,6.06
12.75,74.75,2020,8,23,26.94,6.06
12.75,75.25,2020,8,23,25.13,4.74
12.75,75.75,2020,8,23,23.13,4.74
12.75,76.25,2020,8,23,22.78,4.62
12.75,76.75,2020,8,23,23.66,4.62
12.75,77.25,2020,8,23,23.75,4.72
8.25,74.25,2020,8,24,28.13,6.19
8.25,74.75,2020,8,24,28.13,6.19
8.25,75.25,2020,8,24,28.08,6.18
8.25,75.75,2020,8,24,27.95,6.18
8.25,76.25,2020,8,24,27.75,6.28
8.25,76.75,2020,8,24,27.14,6.28
8.25,77.25,2020,8,24,27.29,5.88
8.75,74.25,2020,8,24,28.13,6.19
8.75,74.75,2020,8,24,28.09,6.19
8.75,75.25,2020,8,24,27.96,6.18
8.75,75.75,2020,8,24,27.71,6.18
8.75,76.25,2020,8,24,27.35,6.28
8.75,76.75,2020,8,24,26.08,6.28
8.75,77.25,2020,8,24,26.71,5.88
9.25,74.25,2020,8,24,28.03,6.29
9.25,74.75,2020,8,24,27.96,6.29
9.25,75.25,2020,8,24,27.81,6.14
9.25,75.75,2020,8,24,27.53,6.14
9.25,76.25,2020,8,24,27.12,5.92
9.25,76.75,2020,8,24,25.2,5.92
9.25,77.25,2020,8,24,25.97,5.68
9.75,74.25,2020,8,24,27.93,6.29
9.75,74.75,2020,8,24,27.86,6.29
9.75,75.25,2020,8,24,27.72,6.14
9.75,75.75,2020,8,24,27.4,6.14
9.75,76.25,2020,8,24,26.76,5.92
9.75,76.75,2020,8,24,24.05,5.92
9.75,77.25,2020,8,24,24.73,5.68
10.25,74.25,2020,8,24,27.88,5.87
10.25,74.75,2020,8,24,27.82,5.87
10.25,75.25,2020,8,24,27.65,5.46
10.25,75.75,2020,8,24,27.21,5.46
10.25,76.25,2020,8,24,26.31,5.76
10.25,76.75,2020,8,24,23.76,5.76
10.25,77.25,2020,8,24,24.43,5.62
10.75,74.25,2020,8,24,27.86,5.87
10.75,74.75,2020,8,24,27.76,5.87
10.75,75.25,2020,8,24,27.48,5.46
10.75,75.75,2020,8,24,26.81,5.46
10.75,76.25,2020,8,24,25.44,5.76
10.75,76.75,2020,8,24,24.3,5.76
10.75,77.25,2020,8,24,25.33,5.62
11.25,74.25,2020,8,24,27.86,6.09
11.25,74.75,2020,8,24,27.66,6.09
11.25,75.25,2020,8,24,27.11,5.89
11.25,75.75,2020,8,24,25.96,5.89
11.25,76.25,2020,8,24,23.92,5.02
11.25,76.75,2020,8,24,23.99,5.02
11.25,77.25,2020,8,24,25.51,5.28
11.75,74.25,2020,8,24,27.83,6.09
11.75,74.75,2020,8,24,27.45,6.09
11.75,75.25,2020,8,24,26.43,5.89
11.75,75.75,2020,8,24,24.81,5.89
11.75,76.25,2020,8,24,23.05,5.02
11.75,76.75,2020,8,24,23.65,5.02
11.75,77.25,2020,8,24,24.84,5.28
12.25,74.25,2020,8,24,27.8,6.14
12.25,74.75,2020,8,24,27.16,6.14
12.25,75.25,2020,8,24,25.66,4.59
12.25,75.75,2020,8,24,23.82,4.59
12.25,76.25,2020,8,24,23.08,4.96
12.25,76.75,2020,8,24,23.95,4.96
12.25,77.25,2020,8,24,24.46,5.33
12.75,74.25,2020,8,24,27.81,6.14
12.75,74.75,2020,8,24,26.92,6.14
12.75,75.25,2020,8,24,25.19,4.59
12.75,75.75,2020,8,24,23.37,4.59
12.75,76.25,2020,8,24,23.22,4.96
12.75,76.75,2020,8,24,24.07,4.96
12.75,77.25,2020,8,24,24.23,5.33
8.25,74.25,2020,8,25,27.94,6.13
8.25,74.75,2020,8,25,27.96,6.13
8.25,75.25,2020,8,25,28.01,6.08
8.25,75.75,2020,8,25,28.03,6.08
8.25,76.25,2020,8,25,27.96,6.11
8.25,76.75,2020,8,25,27.34,6.11
8.25,77.25,2020,8,25,27.42,5.91
8.75,74.25,2020,8,25,27.94,6.13
8.75,74.75,2020,8,25,28,6.13
8.75,75.25,2020,8,25,28.03,6.08
8.75,75.75,2020,8,25,27.94,6.08
8.75,76.25,2020,8,25,27.65,6.11
8.75,76.75,2020,8,25,26.28,6.11
8.75,77.25,2020,8,25,26.61,5.91
9.25,74.25,2020,8,25,28.03,5.85
9.25,74.75,2020,8,25,28.09,5.85
9.25,75.25,2020,8,25,28.06,5.61
9.25,75.75,2020,8,25,27.86,5.61
9.25,76.25,2020,8,25,27.39,5.97
9.25,76.75,2020,8,25,25.34,5.97
9.25,77.25,2020,8,25,25.73,5.95
9.75,74.25,2020,8,25,28.18,5.85
9.75,74.75,2020,8,25,28.19,5.85
9.75,75.25,2020,8,25,28.09,5.61
9.75,75.75,2020,8,25,27.77,5.61
9.75,76.25,2020,8,25,27.04,5.97
9.75,76.75,2020,8,25,24.28,5.97
9.75,77.25,2020,8,25,24.62,5.95
10.25,74.25,2020,8,25,28.27,6.47
10.25,74.75,2020,8,25,28.26,6.47
10.25,75.25,2020,8,25,28.08,6.39
10.25,75.75,2020,8,25,27.56,6.39
10.25,76.25,2020,8,25,26.54,6.7
10.25,76.75,2020,8,25,24.04,6.7
10.25,77.25,2020,8,25,24.53,6.28
10.75,74.25,2020,8,25,28.28,6.47
10.75,74.75,2020,8,25,28.26,6.47
10.75,75.25,2020,8,25,27.92,6.39
10.75,75.75,2020,8,25,27.05,6.39
10.75,76.25,2020,8,25,25.51,6.7
10.75,76.75,2020,8,25,24.51,6.7
10.75,77.25,2020,8,25,25.61,6.28
11.25,74.25,2020,8,25,28.24,6.38
11.25,74.75,2020,8,25,28.12,6.38
11.25,75.25,2020,8,25,27.47,6.63
11.25,75.75,2020,8,25,26.08,6.63
11.25,76.25,2020,8,25,23.93,6.39
11.25,76.75,2020,8,25,24.11,6.39
11.25,77.25,2020,8,25,25.87,6.37
11.75,74.25,2020,8,25,28.21,6.38
11.75,74.75,2020,8,25,27.84,6.38
11.75,75.25,2020,8,25,26.67,6.63
11.75,75.75,2020,8,25,24.88,6.63
11.75,76.25,2020,8,25,23.21,6.39
11.75,76.75,2020,8,25,23.8,6.39
11.75,77.25,2020,8,25,25.24,6.37
12.25,74.25,2020,8,25,28.16,5.49
12.25,74.75,2020,8,25,27.45,5.49
12.25,75.25,2020,8,25,25.81,5.85
12.25,75.75,2020,8,25,23.92,5.85
12.25,76.25,2020,8,25,23.37,6.88
12.25,76.75,2020,8,25,24.26,6.88
12.25,77.25,2020,8,25,24.93,6.73
12.75,74.25,2020,8,25,28.06,5.49
12.75,74.75,2020,8,25,27.08,5.49
12.75,75.25,2020,8,25,25.25,5.85
12.75,75.75,2020,8,25,23.46,5.85
12.75,76.25,2020,8,25,23.52,6.88
12.75,76.75,2020,8,25,24.51,6.88
12.75,77.25,2020,8,25,24.72,6.73
8.25,74.25,2020,8,26,28.06,5.45
8.25,74.75,2020,8,26,28.26,5.45
8.25,75.25,2020,8,26,28.37,5.45
8.25,75.75,2020,8,26,28.35,5.45
8.25,76.25,2020,8,26,28.17,5.23
8.25,76.75,2020,8,26,27.31,5.23
8.25,77.25,2020,8,26,26.91,5.42
8.75,74.25,2020,8,26,28.2,5.45
8.75,74.75,2020,8,26,28.33,5.45
8.75,75.25,2020,8,26,28.36,5.45
8.75,75.75,2020,8,26,28.22,5.45
8.75,76.25,2020,8,26,27.8,5.23
8.75,76.75,2020,8,26,26.16,5.23
8.75,77.25,2020,8,26,26.01,5.42
9.25,74.25,2020,8,26,28.31,5.49
9.25,74.75,2020,8,26,28.38,5.49
9.25,75.25,2020,8,26,28.33,5.44
9.25,75.75,2020,8,26,28.07,5.44
9.25,76.25,2020,8,26,27.42,5.25
9.25,76.75,2020,8,26,25.2,5.25
9.25,77.25,2020,8,26,25.22,4.85
9.75,74.25,2020,8,26,28.39,5.49
9.75,74.75,2020,8,26,28.43,5.49
9.75,75.25,2020,8,26,28.34,5.44
9.75,75.75,2020,8,26,27.92,5.44
9.75,76.25,2020,8,26,26.94,5.25
9.75,76.75,2020,8,26,24.09,5.25
9.75,77.25,2020,8,26,23.96,4.85
10.25,74.25,2020,8,26,28.42,5.22
10.25,74.75,2020,8,26,28.47,5.22
10.25,75.25,2020,8,26,28.29,5.19
10.25,75.75,2020,8,26,27.66,5.19
10.25,76.25,2020,8,26,26.33,5.04
10.25,76.75,2020,8,26,23.79,5.04
10.25,77.25,2020,8,26,23.88,4.99
10.75,74.25,2020,8,26,28.43,5.22
10.75,74.75,2020,8,26,28.46,5.22
10.75,75.25,2020,8,26,28.1,5.19
10.75,75.75,2020,8,26,27.15,5.19
10.75,76.25,2020,8,26,25.45,5.04
10.75,76.75,2020,8,26,24.3,5.04
10.75,77.25,2020,8,26,25.15,4.99
11.25,74.25,2020,8,26,28.39,5.61
11.25,74.75,2020,8,26,28.29,5.61
11.25,75.25,2020,8,26,27.61,5.62
11.25,75.75,2020,8,26,26.21,5.62
11.25,76.25,2020,8,26,24.15,5.24
11.25,76.75,2020,8,26,24.03,5.24
11.25,77.25,2020,8,26,25.51,4.84
11.75,74.25,2020,8,26,28.31,5.61
11.75,74.75,2020,8,26,27.9,5.61
11.75,75.25,2020,8,26,26.67,5.62
11.75,75.75,2020,8,26,24.87,5.62
11.75,76.25,2020,8,26,23.27,5.24
11.75,76.75,2020,8,26,23.61,5.24
11.75,77.25,2020,8,26,24.68,4.84
12.25,74.25,2020,8,26,28.23,5.45
12.25,74.75,2020,8,26,27.41,5.45
12.25,75.25,2020,8,26,25.58,5.74
12.25,75.75,2020,8,26,23.52,5.74
12.25,76.25,2020,8,26,22.87,5.84
12.25,76.75,2020,8,26,23.68,5.84
12.25,77.25,2020,8,26,24.08,5.35
12.75,74.25,2020,8,26,28.15,5.45
12.75,74.75,2020,8,26,26.98,5.45
12.75,75.25,2020,8,26,24.87,5.74
12.75,75.75,2020,8,26,22.81,5.74
12.75,76.25,2020,8,26,22.64,5.84
12.75,76.75,2020,8,26,23.63,5.84
12.75,77.25,2020,8,26,23.74,5.35
8.25,74.25,2020,8,27,28.13,6.74
8.25,74.75,2020,8,27,28.28,6.74
8.25,75.25,2020,8,27,28.36,6.63
8.25,75.75,2020,8,27,28.38,6.63
8.25,76.25,2020,8,27,28.31,6.33
8.25,76.75,2020,8,27,27.57,6.33
8.25,77.25,2020,8,27,27.33,6.73
8.75,74.25,2020,8,27,28.3,6.74
8.75,74.75,2020,8,27,28.29,6.74
8.75,75.25,2020,8,27,28.24,6.63
8.75,75.75,2020,8,27,28.15,6.63
8.75,76.25,2020,8,27,27.88,6.33
8.75,76.75,2020,8,27,26.46,6.33
8.75,77.25,2020,8,27,26.41,6.73
9.25,74.25,2020,8,27,28.33,6.58
9.25,74.75,2020,8,27,28.25,6.58
9.25,75.25,2020,8,27,28.14,6.36
9.25,75.75,2020,8,27,27.92,6.36
9.25,76.25,2020,8,27,27.41,6.51
9.25,76.75,2020,8,27,25.39,6.51
9.25,77.25,2020,8,27,25.51,6.44
9.75,74.25,2020,8,27,28.26,6.58
9.75,74.75,2020,8,27,28.19,6.58
9.75,75.25,2020,8,27,28.07,6.36
9.75,75.75,2020,8,27,27.71,6.36
9.75,76.25,2020,8,27,26.86,6.51
9.75,76.75,2020,8,27,23.98,6.51
9.75,77.25,2020,8,27,24.14,6.44
10.25,74.25,2020,8,27,28.21,6.17
10.25,74.75,2020,8,27,28.16,6.17
10.25,75.25,2020,8,27,27.99,6.06
10.25,75.75,2020,8,27,27.46,6.06
10.25,76.25,2020,8,27,26.28,6.22
10.25,76.75,2020,8,27,23.56,6.22
10.25,77.25,2020,8,27,23.96,6.28
10.75,74.25,2020,8,27,28.18,6.17
10.75,74.75,2020,8,27,28.14,6.17
10.75,75.25,2020,8,27,27.82,6.06
10.75,75.75,2020,8,27,26.96,6.06
10.75,76.25,2020,8,27,25.38,6.22
10.75,76.75,2020,8,27,24.24,6.22
10.75,77.25,2020,8,27,25.33,6.28
11.25,74.25,2020,8,27,28.17,5.83
11.25,74.75,2020,8,27,28.03,5.83
11.25,75.25,2020,8,27,27.34,5.94
11.25,75.75,2020,8,27,25.95,5.94
11.25,76.25,2020,8,27,23.9,6.09
11.25,76.75,2020,8,27,24.13,6.09
11.25,77.25,2020,8,27,25.83,5.88
11.75,74.25,2020,8,27,28.15,5.83
11.75,74.75,2020,8,27,27.71,5.83
11.75,75.25,2020,8,27,26.43,5.94
11.75,75.75,2020,8,27,24.55,5.94
11.75,76.25,2020,8,27,22.93,6.09
11.75,76.75,2020,8,27,23.68,6.09
11.75,77.25,2020,8,27,24.94,5.88
12.25,74.25,2020,8,27,28.1,5.24
12.25,74.75,2020,8,27,27.26,5.24
12.25,75.25,2020,8,27,25.41,5.58
12.25,75.75,2020,8,27,23.32,5.58
12.25,76.25,2020,8,27,22.72,6.22
12.25,76.75,2020,8,27,23.68,6.22
12.25,77.25,2020,8,27,24.12,5.67
12.75,74.25,2020,8,27,28.01,5.24
12.75,74.75,2020,8,27,26.88,5.24
12.75,75.25,2020,8,27,24.81,5.58
12.75,75.75,2020,8,27,22.79,5.58
12.75,76.25,2020,8,27,22.74,6.22
12.75,76.75,2020,8,27,23.68,6.22
12.75,77.25,2020,8,27,23.7,5.67
8.25,74.25,2020,8,28,28.12,6.98
8.25,74.75,2020,8,28,28.19,6.98
8.25,75.25,2020,8,28,28.14,7.06
8.25,75.75,2020,8,28,27.99,7.06
8.25,76.25,2020,8,28,27.8,6.87
8.25,76.75,2020,8,28,27.26,6.87
8.25,77.25,2020,8,28,27.3,6.83
8.75,74.25,2020,8,28,28.09,6.98
8.75,74.75,2020,8,28,28.05,6.98
8.75,75.25,2020,8,28,27.93,7.06
8.75,75.75,2020,8,28,27.78,7.06
8.75,76.25,2020,8,28,27.58,6.87
8.75,76.75,2020,8,28,26.41,6.87
8.75,77.25,2020,8,28,26.8,6.83
9.25,74.25,2020,8,28,28.19,6.96
9.25,74.75,2020,8,28,28.08,6.96
9.25,75.25,2020,8,28,27.92,6.98
9.25,75.75,2020,8,28,27.71,6.98
9.25,76.25,2020,8,28,27.39,6.74
9.25,76.75,2020,8,28,25.59,6.74
9.25,77.25,2020,8,28,26.15,6.38
9.75,74.25,2020,8,28,28.27,6.96
9.75,74.75,2020,8,28,28.13,6.96
9.75,75.25,2020,8,28,27.94,6.98
9.75,75.75,2020,8,28,27.61,6.98
9.75,76.25,2020,8,28,26.98,6.74
9.75,76.75,2020,8,28,24.45,6.74
9.75,77.25,2020,8,28,24.99,6.38
10.25,74.25,2020,8,28,28.36,6.86
10.25,74.75,2020,8,28,28.24,6.86
10.25,75.25,2020,8,28,27.97,6.89
10.25,75.75,2020,8,28,27.44,6.89
10.25,76.25,2020,8,28,26.47,6.93
10.25,76.75,2020,8,28,24.06,6.93
10.25,77.25,2020,8,28,24.74,6.61
10.75,74.25,2020,8,28,28.43,6.86
10.75,74.75,2020,8,28,28.28,6.86
10.75,75.25,2020,8,28,27.86,6.89
10.75,75.75,2020,8,28,27,6.89
10.75,76.25,2020,8,28,25.54,6.93
10.75,76.75,2020,8,28,24.57,6.93
10.75,77.25,2020,8,28,25.91,6.61
11.25,74.25,2020,8,28,28.4,6.35
11.25,74.75,2020,8,28,28.15,6.35
11.25,75.25,2020,8,28,27.43,6.61
11.25,75.75,2020,8,28,26.07,6.61
11.25,76.25,2020,8,28,24.03,6.69
11.25,76.75,2020,8,28,24.38,6.69
11.25,77.25,2020,8,28,26.32,6.94
11.75,74.25,2020,8,28,28.33,6.35
11.75,74.75,2020,8,28,27.83,6.35
11.75,75.25,2020,8,28,26.58,6.61
11.75,75.75,2020,8,28,24.77,6.61
11.75,76.25,2020,8,28,23.1,6.69
11.75,76.75,2020,8,28,24.07,6.69
11.75,77.25,2020,8,28,25.53,6.94
12.25,74.25,2020,8,28,28.2,6.18
12.25,74.75,2020,8,28,27.35,6.18
12.25,75.25,2020,8,28,25.54,6.11
12.25,75.75,2020,8,28,23.53,6.11
12.25,76.25,2020,8,28,22.99,6.76
12.25,76.75,2020,8,28,24.21,6.76
12.25,77.25,2020,8,28,24.84,6.95
12.75,74.25,2020,8,28,28.02,6.18
12.75,74.75,2020,8,28,26.82,6.18
12.75,75.25,2020,8,28,24.7,6.11
12.75,75.75,2020,8,28,22.76,6.11
12.75,76.25,2020,8,28,22.96,6.76
12.75,76.75,2020,8,28,24.12,6.76
12.75,77.25,2020,8,28,24.28,6.95
8.25,74.25,2020,8,29,27.84,6.36
8.25,74.75,2020,8,29,27.83,6.36
8.25,75.25,2020,8,29,27.88,6.41
8.25,75.75,2020,8,29,27.99,6.41
8.25,76.25,2020,8,29,28.12,6.39
8.25,76.75,2020,8,29,27.48,6.39
8.25,77.25,2020,8,29,27.01,6.66
8.75,74.25,2020,8,29,27.88,6.36
8.75,74.75,2020,8,29,27.95,6.36
8.75,75.25,2020,8,29,28.08,6.41
8.75,75.75,2020,8,29,28.19,6.41
8.75,76.25,2020,8,29,28.12,6.39
8.75,76.75,2020,8,29,26.41,6.39
8.75,77.25,2020,8,29,26.08,6.66
9.25,74.25,2020,8,29,28.17,6.49
9.25,74.75,2020,8,29,28.28,6.49
9.25,75.25,2020,8,29,28.32,6.57
9.25,75.75,2020,8,29,28.22,6.57
9.25,76.25,2020,8,29,27.89,6.6
9.25,76.75,2020,8,29,25.39,6.6
9.25,77.25,2020,8,29,25.45,6.51
9.75,74.25,2020,8,29,28.38,6.49
9.75,74.75,2020,8,29,28.44,6.49
9.75,75.25,2020,8,29,28.36,6.57
9.75,75.75,2020,8,29,28.04,6.57
9.75,76.25,2020,8,29,27.35,6.6
9.75,76.75,2020,8,29,24.17,6.6
9.75,77.25,2020,8,29,24.4,6.51
10.25,74.25,2020,8,29,28.35,5.88
10.25,74.75,2020,8,29,28.39,5.88
10.25,75.25,2020,8,29,28.26,6.6
10.25,75.75,2020,8,29,27.78,6.6
10.25,76.25,2020,8,29,26.67,6.76
10.25,76.75,2020,8,29,23.74,6.76
10.25,77.25,2020,8,29,24.14,6.77
10.75,74.25,2020,8,29,28.25,5.88
10.75,74.75,2020,8,29,28.26,5.88
10.75,75.25,2020,8,29,28.01,6.6
10.75,75.75,2020,8,29,27.22,6.6
10.75,76.25,2020,8,29,25.54,6.76
10.75,76.75,2020,8,29,24.19,6.76
10.75,77.25,2020,8,29,25.23,6.77
11.25,74.25,2020,8,29,28.13,5.47
11.25,74.75,2020,8,29,28.05,5.47
11.25,75.25,2020,8,29,27.49,5.88
11.25,75.75,2020,8,29,26.18,5.88
11.25,76.25,2020,8,29,23.88,6.18
11.25,76.75,2020,8,29,24.02,6.18
11.25,77.25,2020,8,29,25.78,6.89
11.75,74.25,2020,8,29,28.02,5.47
11.75,74.75,2020,8,29,27.71,5.47
11.75,75.25,2020,8,29,26.65,5.88
11.75,75.75,2020,8,29,24.87,5.88
11.75,76.25,2020,8,29,22.98,6.18
11.75,76.75,2020,8,29,23.91,6.18
11.75,77.25,2020,8,29,25.33,6.89
12.25,74.25,2020,8,29,27.88,5.11
12.25,74.75,2020,8,29,27.28,5.11
12.25,75.25,2020,8,29,25.72,5.01
12.25,75.75,2020,8,29,23.78,5.01
12.25,76.25,2020,8,29,23.07,6.16
12.25,76.75,2020,8,29,24.34,6.16
12.25,77.25,2020,8,29,24.93,6.89
12.75,74.25,2020,8,29,27.71,5.11
12.75,74.75,2020,8,29,26.86,5.11
12.75,75.25,2020,8,29,25.08,5.01
12.75,75.75,2020,8,29,23.25,5.01
12.75,76.25,2020,8,29,23.25,6.16
12.75,76.75,2020,8,29,24.48,6.16
12.75,77.25,2020,8,29,24.66,6.89
8.25,74.25,2020,8,30,28.09,6.71
8.25,74.75,2020,8,30,28.07,6.71
8.25,75.25,2020,8,30,28.02,6.62
8.25,75.75,2020,8,30,27.96,6.62
8.25,76.25,2020,8,30,27.87,6.51
8.25,76.75,2020,8,30,27.35,6.51
8.25,77.25,2020,8,30,27.1,6.52
8.75,74.25,2020,8,30,28.29,6.71
8.75,74.75,2020,8,30,28.16,6.71
8.75,75.25,2020,8,30,28,6.62
8.75,75.75,2020,8,30,27.86,6.62
8.75,76.25,2020,8,30,27.71,6.51
8.75,76.75,2020,8,30,26.48,6.51
8.75,77.25,2020,8,30,26.4,6.52
9.25,74.25,2020,8,30,28.2,6.5
9.25,74.75,2020,8,30,28.04,6.5
9.25,75.25,2020,8,30,27.87,6.7
9.25,75.75,2020,8,30,27.7,6.7
9.25,76.25,2020,8,30,27.51,6.41
9.25,76.75,2020,8,30,25.63,6.41
9.25,77.25,2020,8,30,25.86,6.06
9.75,74.25,2020,8,30,27.98,6.5
9.75,74.75,2020,8,30,27.86,6.5
9.75,75.25,2020,8,30,27.75,6.7
9.75,75.75,2020,8,30,27.55,6.7
9.75,76.25,2020,8,30,27.12,6.41
9.75,76.75,2020,8,30,24.54,6.41
9.75,77.25,2020,8,30,24.83,6.06
10.25,74.25,2020,8,30,27.83,6.71
10.25,74.75,2020,8,30,27.78,6.71
10.25,75.25,2020,8,30,27.69,6.86
10.25,75.75,2020,8,30,27.36,6.86
10.25,76.25,2020,8,30,26.58,6.47
10.25,76.75,2020,8,30,24.2,6.47
10.25,77.25,2020,8,30,24.64,6.4
10.75,74.25,2020,8,30,27.85,6.71
10.75,74.75,2020,8,30,27.78,6.71
10.75,75.25,2020,8,30,27.58,6.86
10.75,75.75,2020,8,30,26.97,6.86
10.75,76.25,2020,8,30,25.65,6.47
10.75,76.75,2020,8,30,24.68,6.47
10.75,77.25,2020,8,30,25.84,6.4
11.25,74.25,2020,8,30,27.95,6.51
11.25,74.75,2020,8,30,27.77,6.51
11.25,75.25,2020,8,30,27.24,6.63
11.25,75.75,2020,8,30,26.12,6.63
11.25,76.25,2020,8,30,24.17,5.76
11.25,76.75,2020,8,30,24.49,5.76
11.25,77.25,2020,8,30,26.34,6.56
11.75,74.25,2020,8,30,28,6.51
11.75,74.75,2020,8,30,27.59,6.51
11.75,75.25,2020,8,30,26.52,6.63
11.75,75.75,2020,8,30,24.9,6.63
11.75,76.25,2020,8,30,23.26,5.76
11.75,76.75,2020,8,30,24.19,5.76
11.75,77.25,2020,8,30,25.64,6.56
12.25,74.25,2020,8,30,27.94,6.03
12.25,74.75,2020,8,30,27.26,6.03
12.25,75.25,2020,8,30,25.71,5.26
12.25,75.75,2020,8,30,23.86,5.26
12.25,76.25,2020,8,30,23.14,5.98
12.25,76.75,2020,8,30,24.3,5.98
12.25,77.25,2020,8,30,24.95,6.2
12.75,74.25,2020,8,30,27.85,6.03
12.75,74.75,2020,8,30,26.94,6.03
12.75,75.25,2020,8,30,25.19,5.26
12.75,75.75,2020,8,30,23.35,5.26
12.75,76.25,2020,8,30,23.1,5.98
12.75,76.75,2020,8,30,24.14,5.98
12.75,77.25,2020,8,30,24.38,6.2
8.25,74.25,2020,8,31,28.07,5.38
8.25,74.75,2020,8,31,28.14,5.38
8.25,75.25,2020,8,31,28.14,6.05
8.25,75.75,2020,8,31,28.08,6.05
8.25,76.25,2020,8,31,27.96,6.09
8.25,76.75,2020,8,31,27.32,6.09
8.25,77.25,2020,8,31,26.8,6
8.75,74.25,2020,8,31,28.12,5.38
8.75,74.75,2020,8,31,28.17,5.38
8.75,75.25,2020,8,31,28.14,6.05
8.75,75.75,2020,8,31,28,6.05
8.75,76.25,2020,8,31,27.71,6.09
8.75,76.75,2020,8,31,26.26,6.09
8.75,77.25,2020,8,31,25.78,6
9.25,74.25,2020,8,31,28.1,5.38
9.25,74.75,2020,8,31,28.12,5.38
9.25,75.25,2020,8,31,28.03,5.76
9.25,75.75,2020,8,31,27.77,5.76
9.25,76.25,2020,8,31,27.27,6.03
9.25,76.75,2020,8,31,25.16,6.03
9.25,77.25,2020,8,31,25.11,5.82
9.75,74.25,2020,8,31,28.04,5.38
9.75,74.75,2020,8,31,28.03,5.38
9.75,75.25,2020,8,31,27.88,5.76
9.75,75.75,2020,8,31,27.49,5.76
9.75,76.25,2020,8,31,26.69,6.03
9.75,76.75,2020,8,31,23.9,6.03
9.75,77.25,2020,8,31,24.01,5.82
10.25,74.25,2020,8,31,27.93,5.87
10.25,74.75,2020,8,31,27.89,5.87
10.25,75.25,2020,8,31,27.69,5.94
10.25,75.75,2020,8,31,27.17,5.94
10.25,76.25,2020,8,31,26.08,6.07
10.25,76.75,2020,8,31,23.54,6.07
10.25,77.25,2020,8,31,23.83,5.88
10.75,74.25,2020,8,31,27.83,5.87
10.75,74.75,2020,8,31,27.75,5.87
10.75,75.25,2020,8,31,27.46,5.94
10.75,75.75,2020,8,31,26.71,5.94
10.75,76.25,2020,8,31,25.17,6.07
10.75,76.75,2020,8,31,24.02,6.07
10.75,77.25,2020,8,31,25.01,5.88
11.25,74.25,2020,8,31,27.77,5.82
11.25,74.75,2020,8,31,27.61,5.82
11.25,75.25,2020,8,31,27.07,5.77
11.25,75.75,2020,8,31,25.87,5.77
11.25,76.25,2020,8,31,23.8,4.86
11.25,76.75,2020,8,31,23.75,4.86
11.25,77.25,2020,8,31,25.44,5.72
11.75,74.25,2020,8,31,27.78,5.82
11.75,74.75,2020,8,31,27.39,5.82
11.75,75.25,2020,8,31,26.35,5.77
11.75,75.75,2020,8,31,24.72,5.77
11.75,76.25,2020,8,31,23.05,4.86
11.75,76.75,2020,8,31,23.47,4.86
11.75,77.25,2020,8,31,24.8,5.72
12.25,74.25,2020,8,31,27.79,5.24
12.25,74.75,2020,8,31,27.08,5.24
12.25,75.25,2020,8,31,25.55,4.91
12.25,75.75,2020,8,31,23.73,4.91
12.25,76.25,2020,8,31,23.01,4.93
12.25,76.75,2020,8,31,23.79,4.93
12.25,77.25,2020,8,31,24.35,5.6
12.75,74.25,2020,8,31,27.71,5.24
12.75,74.75,2020,8,31,26.79,5.24
12.75,75.25,2020,8,31,25.08,4.91
12.75,75.75,2020,8,31,23.27,4.91
12.75,76.25,2020,8,31,22.95,4.93
12.75,76.75,2020,8,31,23.84,4.93
12.75,77.25,2020,8,31,24.03,5.6
8.25,74.25,2020,9,1,27.34,5.55
8.25,74.75,2020,9,1,27.23,5.55
8.25,75.25,2020,9,1,27.12,6.13
8.25,75.75,2020,9,1,27.05,6.13
8.25,76.25,2020,9,1,27.01,6.01
8.25,76.75,2020,9,1,26.58,6.01
8.25,77.25,2020,9,1,26.53,5.42
8.75,74.25,2020,9,1,27.42,5.55
8.75,74.75,2020,9,1,27.28,5.55
8.75,75.25,2020,9,1,27.1,6.13
8.75,75.75,2020,9,1,26.92,6.13
8.75,76.25,2020,9,1,26.8,6.01
8.75,76.75,2020,9,1,25.74,6.01
8.75,77.25,2020,9,1,25.87,5.42
9.25,74.25,2020,9,1,27.38,4.07
9.25,74.75,2020,9,1,27.23,4.07
9.25,75.25,2020,9,1,26.98,6.12
9.25,75.75,2020,9,1,26.69,6.12
9.25,76.25,2020,9,1,26.45,5.73
9.25,76.75,2020,9,1,24.73,5.73
9.25,77.25,2020,9,1,25.05,4.98
9.75,74.25,2020,9,1,27.33,4.07
9.75,74.75,2020,9,1,27.18,4.07
9.75,75.25,2020,9,1,26.91,6.12
9.75,75.75,2020,9,1,26.52,6.12
9.75,76.25,2020,9,1,25.95,5.73
9.75,76.75,2020,9,1,23.52,5.73
9.75,77.25,2020,9,1,23.75,4.98
10.25,74.25,2020,9,1,27.28,4.07
10.25,74.75,2020,9,1,27.16,4.07
10.25,75.25,2020,9,1,26.92,5.92
10.25,75.75,2020,9,1,26.43,5.92
10.25,76.25,2020,9,1,25.48,5.62
10.25,76.75,2020,9,1,23.19,5.62
10.25,77.25,2020,9,1,23.42,5.66
10.75,74.25,2020,9,1,27.2,4.07
10.75,74.75,2020,9,1,27.11,4.07
10.75,75.25,2020,9,1,26.82,5.92
10.75,75.75,2020,9,1,26.14,5.92
10.75,76.25,2020,9,1,24.69,5.62
10.75,76.75,2020,9,1,23.65,5.62
10.75,77.25,2020,9,1,24.42,5.66
11.25,74.25,2020,9,1,27.15,4.29
11.25,74.75,2020,9,1,27.02,4.29
11.25,75.25,2020,9,1,26.5,5.65
11.25,75.75,2020,9,1,25.34,5.65
11.25,76.25,2020,9,1,23.31,5.29
11.25,76.75,2020,9,1,23.27,5.29
11.25,77.25,2020,9,1,24.61,5.74
11.75,74.25,2020,9,1,27.24,4.29
11.75,74.75,2020,9,1,26.91,4.29
11.75,75.25,2020,9,1,25.89,5.65
11.75,75.75,2020,9,1,24.22,5.65
11.75,76.25,2020,9,1,22.44,5.29
11.75,76.75,2020,9,1,22.67,5.29
11.75,77.25,2020,9,1,23.58,5.74
12.25,74.25,2020,9,1,27.4,4.73
12.25,74.75,2020,9,1,26.75,4.73
12.25,75.25,2020,9,1,25.2,4.53
12.25,75.75,2020,9,1,23.24,4.53
12.25,76.25,2020,9,1,22.24,4.98
12.25,76.75,2020,9,1,22.66,4.98
12.25,77.25,2020,9,1,22.86,5.09
12.75,74.25,2020,9,1,27.56,4.73
12.75,74.75,2020,9,1,26.59,4.73
12.75,75.25,2020,9,1,24.77,4.53
12.75,75.75,2020,9,1,22.78,4.53
12.75,76.25,2020,9,1,22.17,4.98
12.75,76.75,2020,9,1,22.69,4.98
12.75,77.25,2020,9,1,22.67,5.09
8.25,74.25,2020,9,2,27.13,4.74
8.25,74.75,2020,9,2,27.07,4.74
8.25,75.25,2020,9,2,27.02,4.79
8.25,75.75,2020,9,2,26.98,4.79
8.25,76.25,2020,9,2,26.93,3.9
8.25,76.75,2020,9,2,26.55,3.9
8.25,77.25,2020,9,2,26.35,3.57
8.75,74.25,2020,9,2,27.33,4.74
8.75,74.75,2020,9,2,27.25,4.74
8.75,75.25,2020,9,2,27.17,4.79
8.75,75.75,2020,9,2,27.08,4.79
8.75,76.25,2020,9,2,26.92,3.9
8.75,76.75,2020,9,2,25.71,3.9
8.75,77.25,2020,9,2,25.6,3.57
9.25,74.25,2020,9,2,27.41,3.99
9.25,74.75,2020,9,2,27.33,3.99
9.25,75.25,2020,9,2,27.22,4.75
9.25,75.75,2020,9,2,27.09,4.75
9.25,76.25,2020,9,2,26.8,4.18
9.25,76.75,2020,9,2,24.68,4.18
9.25,77.25,2020,9,2,24.71,3.67
9.75,74.25,2020,9,2,27.3,3.99
9.75,74.75,2020,9,2,27.23,3.99
9.75,75.25,2020,9,2,27.1,4.75
9.75,75.75,2020,9,2,26.85,4.75
9.75,76.25,2020,9,2,26.26,4.18
9.75,76.75,2020,9,2,23.33,4.18
9.75,77.25,2020,9,2,23.31,3.67
10.25,74.25,2020,9,2,27.04,2.84
10.25,74.75,2020,9,2,26.98,2.84
10.25,75.25,2020,9,2,26.81,5.28
10.25,75.75,2020,9,2,26.41,5.28
10.25,76.25,2020,9,2,25.46,4.39
10.25,76.75,2020,9,2,22.88,4.39
10.25,77.25,2020,9,2,23.12,3.73
10.75,74.25,2020,9,2,26.72,2.84
10.75,74.75,2020,9,2,26.64,2.84
10.75,75.25,2020,9,2,26.38,5.28
10.75,75.75,2020,9,2,25.72,5.28
10.75,76.25,2020,9,2,24.29,4.39
10.75,76.75,2020,9,2,23.15,4.39
10.75,77.25,2020,9,2,24.13,3.73
11.25,74.25,2020,9,2,26.55,5.14
11.25,74.75,2020,9,2,26.41,5.14
11.25,75.25,2020,9,2,25.93,4.56
11.25,75.75,2020,9,2,24.81,4.56
11.25,76.25,2020,9,2,22.73,4.01
11.25,76.75,2020,9,2,22.53,4.01
11.25,77.25,2020,9,2,24.12,3.94
11.75,74.25,2020,9,2,26.81,5.14
11.75,74.75,2020,9,2,26.48,5.14
11.75,75.25,2020,9,2,25.56,4.56
11.75,75.75,2020,9,2,23.99,4.56
11.75,76.25,2020,9,2,22.02,4.01
11.75,76.75,2020,9,2,21.98,4.01
11.75,77.25,2020,9,2,23.02,3.94
12.25,74.25,2020,9,2,27.28,3.96
12.25,74.75,2020,9,2,26.66,3.96
12.25,75.25,2020,9,2,25.24,4.22
12.25,75.75,2020,9,2,23.39,4.22
12.25,76.25,2020,9,2,22.15,4.06
12.25,76.75,2020,9,2,22.33,4.06
12.25,77.25,2020,9,2,22.52,3.4
12.75,74.25,2020,9,2,27.52,3.96
12.75,74.75,2020,9,2,26.66,3.96
12.75,75.25,2020,9,2,24.99,4.22
12.75,75.75,2020,9,2,23.08,4.22
12.75,76.25,2020,9,2,22.3,4.06
12.75,76.75,2020,9,2,22.6,4.06
12.75,77.25,2020,9,2,22.55,3.4
8.25,74.25,2020,9,3,27.93,5.41
8.25,74.75,2020,9,3,27.94,5.41
8.25,75.25,2020,9,3,27.91,5.37
8.25,75.75,2020,9,3,27.83,5.37
8.25,76.25,2020,9,3,27.73,6.26
8.25,76.75,2020,9,3,27.06,6.26
8.25,77.25,2020,9,3,26.5,6.06
8.75,74.25,2020,9,3,27.91,5.41
8.75,74.75,2020,9,3,27.93,5.41
8.75,75.25,2020,9,3,27.89,5.37
8.75,75.75,2020,9,3,27.74,5.37
8.75,76.25,2020,9,3,27.44,6.26
8.75,76.75,2020,9,3,25.87,6.26
8.75,77.25,2020,9,3,25.48,6.06
9.25,74.25,2020,9,3,27.85,4.72
9.25,74.75,2020,9,3,27.89,4.72
9.25,75.25,2020,9,3,27.84,5.86
9.25,75.75,2020,9,3,27.64,5.86
9.25,76.25,2020,9,3,27.21,6.1
9.25,76.75,2020,9,3,24.95,6.1
9.25,77.25,2020,9,3,24.78,6.06
9.75,74.25,2020,9,3,27.6,4.72
9.75,74.75,2020,9,3,27.64,4.72
9.75,75.25,2020,9,3,27.58,5.86
9.75,75.75,2020,9,3,27.32,5.86
9.75,76.25,2020,9,3,26.7,6.1
9.75,76.75,2020,9,3,23.92,6.1
9.75,77.25,2020,9,3,23.75,6.06
10.25,74.25,2020,9,3,27.15,5.79
10.25,74.75,2020,9,3,27.19,5.79
10.25,75.25,2020,9,3,27.2,6.54
10.25,75.75,2020,9,3,26.94,6.54
10.25,76.25,2020,9,3,26.04,5.5
10.25,76.75,2020,9,3,23.72,5.5
10.25,77.25,2020,9,3,23.85,5.04
10.75,74.25,2020,9,3,26.72,5.79
10.75,74.75,2020,9,3,26.74,5.79
10.75,75.25,2020,9,3,26.78,6.54
10.75,75.75,2020,9,3,26.44,6.54
10.75,76.25,2020,9,3,25.08,5.5
10.75,76.75,2020,9,3,24.11,5.5
10.75,77.25,2020,9,3,24.94,5.04
11.25,74.25,2020,9,3,26.53,5.61
11.25,74.75,2020,9,3,26.49,5.61
11.25,75.25,2020,9,3,26.3,6.28
11.25,75.75,2020,9,3,25.55,6.28
11.25,76.25,2020,9,3,23.7,4.89
11.25,76.75,2020,9,3,23.57,4.89
11.25,77.25,2020,9,3,24.9,5.08
11.75,74.25,2020,9,3,26.63,5.61
11.75,74.75,2020,9,3,26.42,5.61
11.75,75.25,2020,9,3,25.7,6.28
11.75,75.75,2020,9,3,24.44,6.28
11.75,76.25,2020,9,3,22.97,4.89
11.75,76.75,2020,9,3,23.11,4.89
11.75,77.25,2020,9,3,23.99,5.08
12.25,74.25,2020,9,3,26.84,5.94
12.25,74.75,2020,9,3,26.35,5.94
12.25,75.25,2020,9,3,25.16,5.26
12.25,75.75,2020,9,3,23.69,5.26
12.25,76.25,2020,9,3,23,4.65
12.25,76.75,2020,9,3,23.38,4.65
12.25,77.25,2020,9,3,23.59,4.44
12.75,74.25,2020,9,3,26.9,5.94
12.75,74.75,2020,9,3,26.19,5.94
12.75,75.25,2020,9,3,24.81,5.26
12.75,75.75,2020,9,3,23.34,5.26
12.75,76.25,2020,9,3,23.01,4.65
12.75,76.75,2020,9,3,23.4,4.65
12.75,77.25,2020,9,3,23.32,4.44
8.25,74.25,2020,9,4,28.14,6.26
8.25,74.75,2020,9,4,28.15,6.26
8.25,75.25,2020,9,4,28.19,6.26
8.25,75.75,2020,9,4,28.22,6.26
8.25,76.25,2020,9,4,28.17,6.24
8.25,76.75,2020,9,4,27.47,6.24
8.25,77.25,2020,9,4,26.82,5.38
8.75,74.25,2020,9,4,28.13,6.26
8.75,74.75,2020,9,4,28.12,6.26
8.75,75.25,2020,9,4,28.15,6.26
8.75,75.75,2020,9,4,28.16,6.26
8.75,76.25,2020,9,4,27.98,6.24
8.75,76.75,2020,9,4,26.43,6.24
8.75,77.25,2020,9,4,25.96,5.38
9.25,74.25,2020,9,4,28.16,6.54
9.25,74.75,2020,9,4,28.17,6.54
9.25,75.25,2020,9,4,28.17,6.38
9.25,75.75,2020,9,4,28.09,6.38
9.25,76.25,2020,9,4,27.79,5.59
9.25,76.75,2020,9,4,25.67,5.59
9.25,77.25,2020,9,4,25.54,4.65
9.75,74.25,2020,9,4,28.16,6.54
9.75,74.75,2020,9,4,28.17,6.54
9.75,75.25,2020,9,4,28.11,6.38
9.75,75.75,2020,9,4,27.88,6.38
9.75,76.25,2020,9,4,27.35,5.59
9.75,76.75,2020,9,4,24.76,5.59
9.75,77.25,2020,9,4,24.63,4.65
10.25,74.25,2020,9,4,28.04,6.56
10.25,74.75,2020,9,4,28.05,6.56
10.25,75.25,2020,9,4,27.94,6.21
10.25,75.75,2020,9,4,27.55,6.21
10.25,76.25,2020,9,4,26.7,4.8
10.25,76.75,2020,9,4,24.56,4.8
10.25,77.25,2020,9,4,24.72,4.63
10.75,74.25,2020,9,4,27.87,6.56
10.75,74.75,2020,9,4,27.88,6.56
10.75,75.25,2020,9,4,27.71,6.21
10.75,75.75,2020,9,4,27.09,6.21
10.75,76.25,2020,9,4,25.66,4.8
10.75,76.75,2020,9,4,24.8,4.8
10.75,77.25,2020,9,4,25.78,4.63
11.25,74.25,2020,9,4,27.66,6.61
11.25,74.75,2020,9,4,27.64,6.61
11.25,75.25,2020,9,4,27.26,6.45
11.25,75.75,2020,9,4,26.21,6.45
11.25,76.25,2020,9,4,24.24,4.74
11.25,76.75,2020,9,4,24.15,4.74
11.25,77.25,2020,9,4,25.66,5.1
11.75,74.25,2020,9,4,27.42,6.61
11.75,74.75,2020,9,4,27.29,6.61
11.75,75.25,2020,9,4,26.52,6.45
11.75,75.75,2020,9,4,25.15,6.45
11.75,76.25,2020,9,4,23.61,4.74
11.75,76.75,2020,9,4,23.78,4.74
11.75,77.25,2020,9,4,24.76,5.1
12.25,74.25,2020,9,4,27.26,6.78
12.25,74.75,2020,9,4,26.94,6.78
12.25,75.25,2020,9,4,25.86,5.57
12.25,75.75,2020,9,4,24.41,5.57
12.25,76.25,2020,9,4,23.77,5.41
12.25,76.75,2020,9,4,24.23,5.41
12.25,77.25,2020,9,4,24.42,5.33
12.75,74.25,2020,9,4,27.21,6.78
12.75,74.75,2020,9,4,26.67,6.78
12.75,75.25,2020,9,4,25.45,5.57
12.75,75.75,2020,9,4,24.09,5.57
12.75,76.25,2020,9,4,23.9,5.41
12.75,76.75,2020,9,4,24.4,5.41
12.75,77.25,2020,9,4,24.26,5.33
8.25,74.25,2020,9,5,27.77,5.01
8.25,74.75,2020,9,5,27.8,5.01
8.25,75.25,2020,9,5,27.83,5.03
8.25,75.75,2020,9,5,27.88,5.03
8.25,76.25,2020,9,5,27.97,5.44
8.25,76.75,2020,9,5,27.39,5.44
8.25,77.25,2020,9,5,26.68,5.02
8.75,74.25,2020,9,5,27.89,5.01
8.75,74.75,2020,9,5,27.94,5.01
8.75,75.25,2020,9,5,27.93,5.03
8.75,75.75,2020,9,5,27.87,5.03
8.75,76.25,2020,9,5,27.74,5.44
8.75,76.75,2020,9,5,26.08,5.44
8.75,77.25,2020,9,5,25.51,5.02
9.25,74.25,2020,9,5,28.01,5.89
9.25,74.75,2020,9,5,28.03,5.89
9.25,75.25,2020,9,5,27.97,6
9.25,75.75,2020,9,5,27.81,6
9.25,76.25,2020,9,5,27.49,4.87
9.25,76.75,2020,9,5,25.12,4.87
9.25,77.25,2020,9,5,24.8,4.53
9.75,74.25,2020,9,5,27.98,5.89
9.75,74.75,2020,9,5,27.95,5.89
9.75,75.25,2020,9,5,27.85,6
9.75,75.75,2020,9,5,27.67,6
9.75,76.25,2020,9,5,27.33,4.87
9.75,76.75,2020,9,5,24.4,4.87
9.75,77.25,2020,9,5,24.02,4.53
10.25,74.25,2020,9,5,27.89,6.26
10.25,74.75,2020,9,5,27.81,6.26
10.25,75.25,2020,9,5,27.68,5.96
10.25,75.75,2020,9,5,27.53,5.96
10.25,76.25,2020,9,5,27.24,4.98
10.25,76.75,2020,9,5,24.72,4.98
10.25,77.25,2020,9,5,24.51,5.07
10.75,74.25,2020,9,5,27.87,6.26
10.75,74.75,2020,9,5,27.79,6.26
10.75,75.25,2020,9,5,27.62,5.96
10.75,75.75,2020,9,5,27.27,5.96
10.75,76.25,2020,9,5,26.49,4.98
10.75,76.75,2020,9,5,25.36,4.98
10.75,77.25,2020,9,5,25.87,5.07
11.25,74.25,2020,9,5,27.91,6.41
11.25,74.75,2020,9,5,27.86,6.41
11.25,75.25,2020,9,5,27.5,5.98
11.25,75.75,2020,9,5,26.62,5.98
11.25,76.25,2020,9,5,24.91,4.64
11.25,76.75,2020,9,5,24.61,4.64
11.25,77.25,2020,9,5,25.86,4.73
11.75,74.25,2020,9,5,27.94,6.41
11.75,74.75,2020,9,5,27.8,6.41
11.75,75.25,2020,9,5,27.03,5.98
11.75,75.75,2020,9,5,25.67,5.98
11.75,76.25,2020,9,5,24.07,4.64
11.75,76.75,2020,9,5,24.01,4.64
11.75,77.25,2020,9,5,24.88,4.73
12.25,74.25,2020,9,5,27.76,6.01
12.25,74.75,2020,9,5,27.45,6.01
12.25,75.25,2020,9,5,26.34,5.04
12.25,75.75,2020,9,5,24.82,5.04
12.25,76.25,2020,9,5,24.04,4.72
12.25,76.75,2020,9,5,24.34,4.72
12.25,77.25,2020,9,5,24.47,4.44
12.75,74.25,2020,9,5,27.48,6.01
12.75,74.75,2020,9,5,26.91,6.01
12.75,75.25,2020,9,5,25.74,5.04
12.75,75.75,2020,9,5,24.44,5.04
12.75,76.25,2020,9,5,24.12,4.72
12.75,76.75,2020,9,5,24.56,4.72
12.75,77.25,2020,9,5,24.42,4.44
8.25,74.25,2020,9,6,27.57,1.63
8.25,74.75,2020,9,6,27.54,1.63
8.25,75.25,2020,9,6,27.52,2.05
8.25,75.75,2020,9,6,27.53,2.05
8.25,76.25,2020,9,6,27.55,2
8.25,76.75,2020,9,6,27.11,2
8.25,77.25,2020,9,6,26.5,3.56
8.75,74.25,2020,9,6,27.6,1.63
8.75,74.75,2020,9,6,27.58,1.63
8.75,75.25,2020,9,6,27.59,2.05
8.75,75.75,2020,9,6,27.59,2.05
8.75,76.25,2020,9,6,27.47,2
8.75,76.75,2020,9,6,26.01,2
8.75,77.25,2020,9,6,25.33,3.56
9.25,74.25,2020,9,6,27.69,0.91
9.25,74.75,2020,9,6,27.63,0.91
9.25,75.25,2020,9,6,27.59,1.28
9.25,75.75,2020,9,6,27.51,1.28
9.25,76.25,2020,9,6,27.23,2.02
9.25,76.75,2020,9,6,24.95,2.02
9.25,77.25,2020,9,6,24.52,4.26
9.75,74.25,2020,9,6,27.88,0.91
9.75,74.75,2020,9,6,27.78,0.91
9.75,75.25,2020,9,6,27.65,1.28
9.75,75.75,2020,9,6,27.42,1.28
9.75,76.25,2020,9,6,26.91,2.02
9.75,76.75,2020,9,6,23.95,2.02
9.75,77.25,2020,9,6,23.67,4.26
10.25,74.25,2020,9,6,28.03,1.2
10.25,74.75,2020,9,6,27.95,1.2
10.25,75.25,2020,9,6,27.76,2.46
10.25,75.75,2020,9,6,27.36,2.46
10.25,76.25,2020,9,6,26.58,3.38
10.25,76.75,2020,9,6,24.05,3.38
10.25,77.25,2020,9,6,24.14,4.6
10.75,74.25,2020,9,6,27.85,1.2
10.75,74.75,2020,9,6,27.91,1.2
10.75,75.25,2020,9,6,27.7,2.46
10.75,75.75,2020,9,6,27.04,2.46
10.75,76.25,2020,9,6,25.7,3.38
10.75,76.75,2020,9,6,24.6,3.38
10.75,77.25,2020,9,6,25.47,4.6
11.25,74.25,2020,9,6,27.44,4.36
11.25,74.75,2020,9,6,27.59,4.36
11.25,75.25,2020,9,6,27.25,4.97
11.25,75.75,2020,9,6,26.16,4.97
11.25,76.25,2020,9,6,24.22,4.11
11.25,76.75,2020,9,6,24.11,4.11
11.25,77.25,2020,9,6,25.53,5.13
11.75,74.25,2020,9,6,27.31,4.36
11.75,74.75,2020,9,6,27.29,4.36
11.75,75.25,2020,9,6,26.47,4.97
11.75,75.75,2020,9,6,24.92,4.97
11.75,76.25,2020,9,6,23.37,4.11
11.75,76.75,2020,9,6,23.72,4.11
11.75,77.25,2020,9,6,24.72,5.13
12.25,74.25,2020,9,6,27.52,6
12.25,74.75,2020,9,6,27.14,6
12.25,75.25,2020,9,6,25.73,4.3
12.25,75.75,2020,9,6,23.89,4.3
12.25,76.25,2020,9,6,23.18,4.99
12.25,76.75,2020,9,6,23.95,4.99
12.25,77.25,2020,9,6,24.31,4.92
12.75,74.25,2020,9,6,27.68,6
12.75,74.75,2020,9,6,27.03,6
12.75,75.25,2020,9,6,25.39,4.3
12.75,75.75,2020,9,6,23.59,4.3
12.75,76.25,2020,9,6,23.24,4.99
12.75,76.75,2020,9,6,24.03,4.99
12.75,77.25,2020,9,6,24.09,4.92
8.25,74.25,2020,9,7,28.11,5.43
8.25,74.75,2020,9,7,28.07,5.43
8.25,75.25,2020,9,7,28.04,4.62
8.25,75.75,2020,9,7,28.01,4.62
8.25,76.25,2020,9,7,28,4.49
8.25,76.75,2020,9,7,27.4,4.49
8.25,77.25,2020,9,7,26.82,5.16
8.75,74.25,2020,9,7,28.11,5.43
8.75,74.75,2020,9,7,28.09,5.43
8.75,75.25,2020,9,7,28.08,4.62
8.75,75.75,2020,9,7,28.06,4.62
8.75,76.25,2020,9,7,27.94,4.49
8.75,76.75,2020,9,7,26.3,4.49
8.75,77.25,2020,9,7,25.71,5.16
9.25,74.25,2020,9,7,28.06,4.07
9.25,74.75,2020,9,7,28.07,4.07
9.25,75.25,2020,9,7,28.06,4.21
9.25,75.75,2020,9,7,27.96,4.21
9.25,76.25,2020,9,7,27.65,4.65
9.25,76.75,2020,9,7,25.15,4.65
9.25,77.25,2020,9,7,24.85,5.33
9.75,74.25,2020,9,7,28.03,4.07
9.75,74.75,2020,9,7,28.03,4.07
9.75,75.25,2020,9,7,27.98,4.21
9.75,75.75,2020,9,7,27.76,4.21
9.75,76.25,2020,9,7,27.14,4.65
9.75,76.75,2020,9,7,23.88,4.65
9.75,77.25,2020,9,7,23.72,5.33
10.25,74.25,2020,9,7,28.04,2.97
10.25,74.75,2020,9,7,28,2.97
10.25,75.25,2020,9,7,27.87,4.64
10.25,75.75,2020,9,7,27.48,4.64
10.25,76.25,2020,9,7,26.49,4.19
10.25,76.75,2020,9,7,23.53,4.19
10.25,77.25,2020,9,7,23.67,5.33
10.75,74.25,2020,9,7,28.07,2.97
10.75,74.75,2020,9,7,27.96,2.97
10.75,75.25,2020,9,7,27.63,4.64
10.75,75.75,2020,9,7,26.84,4.64
10.75,76.25,2020,9,7,25.19,4.19
10.75,76.75,2020,9,7,23.74,4.19
10.75,77.25,2020,9,7,24.55,5.33
11.25,74.25,2020,9,7,28.1,1.71
11.25,74.75,2020,9,7,27.87,1.71
11.25,75.25,2020,9,7,27.1,2.76
11.25,75.75,2020,9,7,25.57,2.76
11.25,76.25,2020,9,7,23.13,3.96
11.25,76.75,2020,9,7,22.88,3.96
11.25,77.25,2020,9,7,24.38,4.86
11.75,74.25,2020,9,7,28.08,1.71
11.75,74.75,2020,9,7,27.57,1.71
11.75,75.25,2020,9,7,26.14,2.76
11.75,75.75,2020,9,7,23.98,2.76
11.75,76.25,2020,9,7,21.9,3.96
11.75,76.75,2020,9,7,22.2,3.96
11.75,77.25,2020,9,7,23.49,4.86
12.25,74.25,2020,9,7,27.97,2.93
12.25,74.75,2020,9,7,27.09,2.93
12.25,75.25,2020,9,7,25.14,4.14
12.25,75.75,2020,9,7,22.85,4.14
12.25,76.25,2020,9,7,21.89,4.56
12.25,76.75,2020,9,7,22.58,4.56
12.25,77.25,2020,9,7,23.22,5.26
12.75,74.25,2020,9,7,27.88,2.93
12.75,74.75,2020,9,7,26.79,2.93
12.75,75.25,2020,9,7,24.74,4.14
12.75,75.75,2020,9,7,22.64,4.14
12.75,76.25,2020,9,7,22.23,4.56
12.75,76.75,2020,9,7,23.05,4.56
12.75,77.25,2020,9,7,23.33,5.26
8.25,74.25,2020,9,8,28.15,3.48
8.25,74.75,2020,9,8,28.12,3.48
8.25,75.25,2020,9,8,28.09,4.95
8.25,75.75,2020,9,8,28.07,4.95
8.25,76.25,2020,9,8,28.09,5.41
8.25,76.75,2020,9,8,27.49,5.41
8.25,77.25,2020,9,8,26.77,5.35
8.75,74.25,2020,9,8,28.12,3.48
8.75,74.75,2020,9,8,28.11,3.48
8.75,75.25,2020,9,8,28.1,4.95
8.75,75.75,2020,9,8,28.09,4.95
8.75,76.25,2020,9,8,28.03,5.41
8.75,76.75,2020,9,8,26.46,5.41
8.75,77.25,2020,9,8,25.71,5.35
9.25,74.25,2020,9,8,28.03,3.12
9.25,74.75,2020,9,8,28.05,3.12
9.25,75.25,2020,9,8,28.04,3.96
9.25,75.75,2020,9,8,27.94,3.96
9.25,76.25,2020,9,8,27.64,4.13
9.25,76.75,2020,9,8,25.35,4.13
9.25,77.25,2020,9,8,24.91,4.81
9.75,74.25,2020,9,8,27.95,3.12
9.75,74.75,2020,9,8,27.99,3.12
9.75,75.25,2020,9,8,27.96,3.96
9.75,75.75,2020,9,8,27.7,3.96
9.75,76.25,2020,9,8,27.01,4.13
9.75,76.75,2020,9,8,24.12,4.13
9.75,77.25,2020,9,8,23.85,4.81
10.25,74.25,2020,9,8,28,5.29
10.25,74.75,2020,9,8,28.01,5.29
10.25,75.25,2020,9,8,27.91,4.95
10.25,75.75,2020,9,8,27.47,4.95
10.25,76.25,2020,9,8,26.35,4.5
10.25,76.75,2020,9,8,23.74,4.5
10.25,77.25,2020,9,8,23.81,5.91
10.75,74.25,2020,9,8,28.1,5.29
10.75,74.75,2020,9,8,28.04,5.29
10.75,75.25,2020,9,8,27.77,4.95
10.75,75.75,2020,9,8,27.03,4.95
10.75,76.25,2020,9,8,25.39,4.5
10.75,76.75,2020,9,8,24.06,4.5
10.75,77.25,2020,9,8,24.86,5.91
11.25,74.25,2020,9,8,28.18,6.04
11.25,74.75,2020,9,8,28,6.04
11.25,75.25,2020,9,8,27.38,4.86
11.25,75.75,2020,9,8,26.1,4.86
11.25,76.25,2020,9,8,23.94,4.53
11.25,76.75,2020,9,8,23.67,4.53
11.25,77.25,2020,9,8,25.12,5.11
11.75,74.25,2020,9,8,28.28,6.04
11.75,74.75,2020,9,8,27.83,6.04
11.75,75.25,2020,9,8,26.65,4.86
11.75,75.75,2020,9,8,24.89,4.86
11.75,76.25,2020,9,8,23.12,4.53
11.75,76.75,2020,9,8,23.46,4.53
11.75,77.25,2020,9,8,24.59,5.11
12.25,74.25,2020,9,8,28.39,5.78
12.25,74.75,2020,9,8,27.58,5.78
12.25,75.25,2020,9,8,25.89,4.53
12.25,75.75,2020,9,8,23.96,4.53
12.25,76.25,2020,9,8,23.21,5.05
12.25,76.75,2020,9,8,23.92,5.05
12.25,77.25,2020,9,8,24.32,5.57
12.75,74.25,2020,9,8,28.41,5.78
12.75,74.75,2020,9,8,27.32,5.78
12.75,75.25,2020,9,8,25.45,4.53
12.75,75.75,2020,9,8,23.63,4.53
12.75,76.25,2020,9,8,23.42,5.05
12.75,76.75,2020,9,8,24.14,5.05
12.75,77.25,2020,9,8,24.13,5.57
8.25,74.25,2020,9,9,27.96,2.3
8.25,74.75,2020,9,9,27.9,2.3
8.25,75.25,2020,9,9,27.84,1.54
8.25,75.75,2020,9,9,27.8,1.54
8.25,76.25,2020,9,9,27.77,1.48
8.25,76.75,2020,9,9,27.25,1.48
8.25,77.25,2020,9,9,26.59,3.2
8.75,74.25,2020,9,9,27.87,2.3
8.75,74.75,2020,9,9,27.79,2.3
8.75,75.25,2020,9,9,27.7,1.54
8.75,75.75,2020,9,9,27.6,1.54
8.75,76.25,2020,9,9,27.44,1.48
8.75,76.75,2020,9,9,26.15,1.48
8.75,77.25,2020,9,9,25.5,3.2
9.25,74.25,2020,9,9,27.8,4
9.25,74.75,2020,9,9,27.73,4
9.25,75.25,2020,9,9,27.6,3.71
9.25,75.75,2020,9,9,27.4,3.71
9.25,76.25,2020,9,9,27.1,3.04
9.25,76.75,2020,9,9,25.08,3.04
9.25,77.25,2020,9,9,24.67,3.91
9.75,74.25,2020,9,9,27.56,4
9.75,74.75,2020,9,9,27.51,4
9.75,75.25,2020,9,9,27.41,3.71
9.75,75.75,2020,9,9,27.17,3.71
9.75,76.25,2020,9,9,26.67,3.04
9.75,76.75,2020,9,9,23.8,3.04
9.75,77.25,2020,9,9,23.44,3.91
10.25,74.25,2020,9,9,27.24,4.38
10.25,74.75,2020,9,9,27.19,4.38
10.25,75.25,2020,9,9,27.14,4.55
10.25,75.75,2020,9,9,26.91,4.55
10.25,76.25,2020,9,9,26.22,3.79
10.25,76.75,2020,9,9,23.5,3.79
10.25,77.25,2020,9,9,23.49,4.23
10.75,74.25,2020,9,9,27.15,4.38
10.75,74.75,2020,9,9,27.06,4.38
10.75,75.25,2020,9,9,26.95,4.55
10.75,75.75,2020,9,9,26.54,4.55
10.75,76.25,2020,9,9,25.27,3.79
10.75,76.75,2020,9,9,23.92,3.79
10.75,77.25,2020,9,9,24.71,4.23
11.25,74.25,2020,9,9,27.25,4.97
11.25,74.75,2020,9,9,27.09,4.97
11.25,75.25,2020,9,9,26.71,5.08
11.25,75.75,2020,9,9,25.77,5.08
11.25,76.25,2020,9,9,23.74,3.53
11.25,76.75,2020,9,9,23.47,3.53
11.25,77.25,2020,9,9,24.93,4.43
11.75,74.25,2020,9,9,27.38,4.97
11.75,74.75,2020,9,9,27.06,4.97
11.75,75.25,2020,9,9,26.17,5.08
11.75,75.75,2020,9,9,24.68,5.08
11.75,76.25,2020,9,9,22.92,3.53
11.75,76.75,2020,9,9,23.24,3.53
11.75,77.25,2020,9,9,24.38,4.43
12.25,74.25,2020,9,9,27.6,4.95
12.25,74.75,2020,9,9,26.98,4.95
12.25,75.25,2020,9,9,25.56,4.67
12.25,75.75,2020,9,9,23.78,4.67
12.25,76.25,2020,9,9,22.96,4.62
12.25,76.75,2020,9,9,23.69,4.62
12.25,77.25,2020,9,9,24.13,4.88
12.75,74.25,2020,9,9,27.88,4.95
12.75,74.75,2020,9,9,26.89,4.95
12.75,75.25,2020,9,9,25.19,4.67
12.75,75.75,2020,9,9,23.43,4.67
12.75,76.25,2020,9,9,23.08,4.62
12.75,76.75,2020,9,9,23.76,4.62
12.75,77.25,2020,9,9,23.78,4.88
8.25,74.25,2020,9,10,27.72,4.81
8.25,74.75,2020,9,10,27.71,4.81
8.25,75.25,2020,9,10,27.68,5.21
8.25,75.75,2020,9,10,27.61,5.21
8.25,76.25,2020,9,10,27.51,5.08
8.25,76.75,2020,9,10,26.82,5.08
8.25,77.25,2020,9,10,26.18,4.57
8.75,74.25,2020,9,10,27.6,4.81
8.75,74.75,2020,9,10,27.58,4.81
8.75,75.25,2020,9,10,27.55,5.21
8.75,75.75,2020,9,10,27.48,5.21
8.75,76.25,2020,9,10,27.29,5.08
8.75,76.75,2020,9,10,25.74,5.08
8.75,77.25,2020,9,10,25.08,4.57
9.25,74.25,2020,9,10,27.66,4.42
9.25,74.75,2020,9,10,27.61,4.42
9.25,75.25,2020,9,10,27.52,4.14
9.25,75.75,2020,9,10,27.33,4.14
9.25,76.25,2020,9,10,26.95,3.92
9.25,76.75,2020,9,10,24.66,3.92
9.25,77.25,2020,9,10,24.28,3.49
9.75,74.25,2020,9,10,27.69,4.42
9.75,74.75,2020,9,10,27.63,4.42
9.75,75.25,2020,9,10,27.49,4.14
9.75,75.75,2020,9,10,27.15,4.14
9.75,76.25,2020,9,10,26.42,3.92
9.75,76.75,2020,9,10,23.42,3.92
9.75,77.25,2020,9,10,23.12,3.49
10.25,74.25,2020,9,10,27.65,2.65
10.25,74.75,2020,9,10,27.55,2.65
10.25,75.25,2020,9,10,27.34,3.08
10.25,75.75,2020,9,10,26.87,3.08
10.25,76.25,2020,9,10,25.85,2.89
10.25,76.75,2020,9,10,23.18,2.89
10.25,77.25,2020,9,10,23.22,4.12
10.75,74.25,2020,9,10,27.68,2.65
10.75,74.75,2020,9,10,27.45,2.65
10.75,75.25,2020,9,10,27.07,3.08
10.75,75.75,2020,9,10,26.33,3.08
10.75,76.25,2020,9,10,24.81,2.89
10.75,76.75,2020,9,10,23.58,2.89
10.75,77.25,2020,9,10,24.33,4.12
11.25,74.25,2020,9,10,27.7,1.36
11.25,74.75,2020,9,10,27.35,1.36
11.25,75.25,2020,9,10,26.64,1.84
11.25,75.75,2020,9,10,25.33,1.84
11.25,76.25,2020,9,10,23.16,3.69
11.25,76.75,2020,9,10,22.9,3.69
11.25,77.25,2020,9,10,24.12,4.64
11.75,74.25,2020,9,10,27.69,1.36
11.75,74.75,2020,9,10,27.2,1.36
11.75,75.25,2020,9,10,25.99,1.84
11.75,75.75,2020,9,10,24.14,1.84
11.75,76.25,2020,9,10,22.23,3.69
11.75,76.75,2020,9,10,22.33,3.69
11.75,77.25,2020,9,10,23.09,4.64
12.25,74.25,2020,9,10,27.75,2.29
12.25,74.75,2020,9,10,26.99,2.29
12.25,75.25,2020,9,10,25.29,3.15
12.25,75.75,2020,9,10,23.21,3.15
12.25,76.25,2020,9,10,22.24,4.44
12.25,76.75,2020,9,10,22.74,4.44
12.25,77.25,2020,9,10,22.84,4.61
12.75,74.25,2020,9,10,27.86,2.29
12.75,74.75,2020,9,10,26.74,2.29
12.75,75.25,2020,9,10,24.75,3.15
12.75,75.75,2020,9,10,22.69,3.15
12.75,76.25,2020,9,10,22.24,4.44
12.75,76.75,2020,9,10,22.79,4.44
12.75,77.25,2020,9,10,22.61,4.61
8.25,74.25,2020,9,11,28.1,5.21
8.25,74.75,2020,9,11,28.12,5.21
8.25,75.25,2020,9,11,28.14,6.14
8.25,75.75,2020,9,11,28.13,6.14
8.25,76.25,2020,9,11,28.06,6.35
8.25,76.75,2020,9,11,27.39,6.35
8.25,77.25,2020,9,11,26.67,5.48
8.75,74.25,2020,9,11,27.95,5.21
8.75,74.75,2020,9,11,27.95,5.21
8.75,75.25,2020,9,11,27.95,6.14
8.75,75.75,2020,9,11,27.9,6.14
8.75,76.25,2020,9,11,27.69,6.35
8.75,76.75,2020,9,11,25.97,6.35
8.75,77.25,2020,9,11,25.26,5.48
9.25,74.25,2020,9,11,27.88,3.34
9.25,74.75,2020,9,11,27.87,3.34
9.25,75.25,2020,9,11,27.81,3.18
9.25,75.75,2020,9,11,27.62,3.18
9.25,76.25,2020,9,11,27.13,3.84
9.25,76.75,2020,9,11,24.43,3.84
9.25,77.25,2020,9,11,23.87,5.03
9.75,74.25,2020,9,11,27.82,3.34
9.75,74.75,2020,9,11,27.82,3.34
9.75,75.25,2020,9,11,27.72,3.18
9.75,75.75,2020,9,11,27.37,3.18
9.75,76.25,2020,9,11,26.49,3.84
9.75,76.75,2020,9,11,23,3.84
9.75,77.25,2020,9,11,22.43,5.03
10.25,74.25,2020,9,11,27.64,2.24
10.25,74.75,2020,9,11,27.64,2.24
10.25,75.25,2020,9,11,27.52,1.54
10.25,75.75,2020,9,11,27.06,1.54
10.25,76.25,2020,9,11,25.94,2.27
10.25,76.75,2020,9,11,22.86,2.27
10.25,77.25,2020,9,11,22.66,4.83
10.75,74.25,2020,9,11,27.43,2.24
10.75,74.75,2020,9,11,27.39,2.24
10.75,75.25,2020,9,11,27.13,1.54
10.75,75.75,2020,9,11,26.4,1.54
10.75,76.25,2020,9,11,24.85,2.27
10.75,76.75,2020,9,11,23.48,2.27
10.75,77.25,2020,9,11,24.11,4.83
11.25,74.25,2020,9,11,27.5,1.5
11.25,74.75,2020,9,11,27.31,1.5
11.25,75.25,2020,9,11,26.64,1.49
11.25,75.75,2020,9,11,25.25,1.49
11.25,76.25,2020,9,11,22.99,2.69
11.25,76.75,2020,9,11,22.9,2.69
11.25,77.25,2020,9,11,24.21,4.16
11.75,74.25,2020,9,11,27.75,1.5
11.75,74.75,2020,9,11,27.31,1.5
11.75,75.25,2020,9,11,26.01,1.49
11.75,75.75,2020,9,11,23.98,1.49
11.75,76.25,2020,9,11,21.96,2.69
11.75,76.75,2020,9,11,22.29,2.69
11.75,77.25,2020,9,11,23.31,4.16
12.25,74.25,2020,9,11,27.95,1.21
12.25,74.75,2020,9,11,27.12,1.21
12.25,75.25,2020,9,11,25.22,1.99
12.25,75.75,2020,9,11,22.93,1.99
12.25,76.25,2020,9,11,21.96,3.3
12.25,76.75,2020,9,11,22.54,3.3
12.25,77.25,2020,9,11,22.85,4.11
12.75,74.25,2020,9,11,27.98,1.21
12.75,74.75,2020,9,11,26.75,1.21
12.75,75.25,2020,9,11,24.55,1.99
12.75,75.75,2020,9,11,22.32,1.99
12.75,76.25,2020,9,11,21.96,3.3
12.75,76.75,2020,9,11,22.62,3.3
12.75,77.25,2020,9,11,22.5,4.11
8.25,74.25,2020,9,12,27.77,4.5
8.25,74.75,2020,9,12,27.76,4.5
8.25,75.25,2020,9,12,27.74,4.21
8.25,75.75,2020,9,12,27.71,4.21
8.25,76.25,2020,9,12,27.65,4.02
8.25,76.75,2020,9,12,27.09,4.02
8.25,77.25,2020,9,12,26.45,4.21
8.75,74.25,2020,9,12,27.67,4.5
8.75,74.75,2020,9,12,27.66,4.5
8.75,75.25,2020,9,12,27.63,4.21
8.75,75.75,2020,9,12,27.57,4.21
8.75,76.25,2020,9,12,27.45,4.02
8.75,76.75,2020,9,12,25.81,4.02
8.75,77.25,2020,9,12,25.05,4.21
9.25,74.25,2020,9,12,27.63,2.66
9.25,74.75,2020,9,12,27.61,2.66
9.25,75.25,2020,9,12,27.57,2.17
9.25,75.75,2020,9,12,27.48,2.17
9.25,76.25,2020,9,12,27.25,2.66
9.25,76.75,2020,9,12,24.49,2.66
9.25,77.25,2020,9,12,23.91,4.04
9.75,74.25,2020,9,12,27.59,2.66
9.75,74.75,2020,9,12,27.58,2.66
9.75,75.25,2020,9,12,27.53,2.17
9.75,75.75,2020,9,12,27.33,2.17
9.75,76.25,2020,9,12,26.77,2.66
9.75,76.75,2020,9,12,23.1,2.66
9.75,77.25,2020,9,12,22.68,4.04
10.25,74.25,2020,9,12,27.57,2.52
10.25,74.75,2020,9,12,27.53,2.52
10.25,75.25,2020,9,12,27.4,1.52
10.25,75.75,2020,9,12,26.99,1.52
10.25,76.25,2020,9,12,25.98,2.2
10.25,76.75,2020,9,12,22.73,2.2
10.25,77.25,2020,9,12,22.7,3.9
10.75,74.25,2020,9,12,27.59,2.52
10.75,74.75,2020,9,12,27.46,2.52
10.75,75.25,2020,9,12,27.09,1.52
10.75,75.75,2020,9,12,26.19,1.52
10.75,76.25,2020,9,12,24.41,2.2
10.75,76.75,2020,9,12,22.93,2.2
10.75,77.25,2020,9,12,23.75,3.9
11.25,74.25,2020,9,12,27.62,1.71
11.25,74.75,2020,9,12,27.35,1.71
11.25,75.25,2020,9,12,26.51,1.42
11.25,75.75,2020,9,12,24.85,1.42
11.25,76.25,2020,9,12,22.23,2.96
11.25,76.75,2020,9,12,21.99,2.96
11.25,77.25,2020,9,12,23.57,3.59
11.75,74.25,2020,9,12,27.55,1.71
11.75,74.75,2020,9,12,27,1.71
11.75,75.25,2020,9,12,25.49,1.42
11.75,75.75,2020,9,12,23.22,1.42
11.75,76.25,2020,9,12,21.01,2.96
11.75,76.75,2020,9,12,21.25,2.96
11.75,77.25,2020,9,12,22.55,3.59
12.25,74.25,2020,9,12,27.45,1.17
12.25,74.75,2020,9,12,26.46,1.17
12.25,75.25,2020,9,12,24.31,1.88
12.25,75.75,2020,9,12,21.8,1.88
12.25,76.25,2020,9,12,20.77,3.28
12.25,76.75,2020,9,12,21.4,3.28
12.25,77.25,2020,9,12,21.98,3.36
12.75,74.25,2020,9,12,27.45,1.17
12.75,74.75,2020,9,12,26.07,1.17
12.75,75.25,2020,9,12,23.62,1.88
12.75,75.75,2020,9,12,21.14,1.88
12.75,76.25,2020,9,12,20.67,3.28
12.75,76.75,2020,9,12,21.42,3.28
12.75,77.25,2020,9,12,21.59,3.36
8.25,74.25,2020,9,13,27.67,4.09
8.25,74.75,2020,9,13,27.65,4.09
8.25,75.25,2020,9,13,27.63,3.89
8.25,75.75,2020,9,13,27.6,3.89
8.25,76.25,2020,9,13,27.58,3.46
8.25,76.75,2020,9,13,27.03,3.46
8.25,77.25,2020,9,13,26.36,3.35
8.75,74.25,2020,9,13,27.76,4.09
8.75,74.75,2020,9,13,27.72,4.09
8.75,75.25,2020,9,13,27.64,3.89
8.75,75.75,2020,9,13,27.52,3.89
8.75,76.25,2020,9,13,27.37,3.46
8.75,76.75,2020,9,13,25.88,3.46
8.75,77.25,2020,9,13,25.14,3.35
9.25,74.25,2020,9,13,27.75,3.14
9.25,74.75,2020,9,13,27.68,3.14
9.25,75.25,2020,9,13,27.55,2.79
9.25,75.75,2020,9,13,27.34,2.79
9.25,76.25,2020,9,13,26.99,2.23
9.25,76.75,2020,9,13,24.63,2.23
9.25,77.25,2020,9,13,24.09,2.48
9.75,74.25,2020,9,13,27.67,3.14
9.75,74.75,2020,9,13,27.53,3.14
9.75,75.25,2020,9,13,27.37,2.79
9.75,75.75,2020,9,13,27.06,2.79
9.75,76.25,2020,9,13,26.36,2.23
9.75,76.75,2020,9,13,23.11,2.23
9.75,77.25,2020,9,13,22.65,2.48
10.25,74.25,2020,9,13,27.49,1.93
10.25,74.75,2020,9,13,27.31,1.93
10.25,75.25,2020,9,13,27.11,1.26
10.25,75.75,2020,9,13,26.68,1.26
10.25,76.25,2020,9,13,25.6,1.65
10.25,76.75,2020,9,13,22.53,1.65
10.25,77.25,2020,9,13,22.38,2.47
10.75,74.25,2020,9,13,27.22,1.93
10.75,74.75,2020,9,13,27.03,1.93
10.75,75.25,2020,9,13,26.71,1.26
10.75,75.75,2020,9,13,25.9,1.26
10.75,76.25,2020,9,13,24.04,1.65
10.75,76.75,2020,9,13,22.5,1.65
10.75,77.25,2020,9,13,23.21,2.47
11.25,74.25,2020,9,13,26.93,1.73
11.25,74.75,2020,9,13,26.71,1.73
11.25,75.25,2020,9,13,26.07,1.97
11.25,75.75,2020,9,13,24.57,1.97
11.25,76.25,2020,9,13,21.73,2.41
11.25,76.75,2020,9,13,21.4,2.41
11.25,77.25,2020,9,13,22.94,2.4
11.75,74.25,2020,9,13,26.72,1.73
11.75,74.75,2020,9,13,26.38,1.73
11.75,75.25,2020,9,13,25.11,1.97
11.75,75.75,2020,9,13,22.9,1.97
11.75,76.25,2020,9,13,20.41,2.41
11.75,76.75,2020,9,13,20.58,2.41
11.75,77.25,2020,9,13,21.85,2.4
12.25,74.25,2020,9,13,26.72,2.32
12.25,74.75,2020,9,13,26.02,2.32
12.25,75.25,2020,9,13,24.02,2.47
12.25,75.75,2020,9,13,21.39,2.47
12.25,76.25,2020,9,13,20.12,3.09
12.25,76.75,2020,9,13,20.78,3.09
12.25,77.25,2020,9,13,21.35,2.96
12.75,74.25,2020,9,13,26.79,2.32
12.75,74.75,2020,9,13,25.68,2.32
12.75,75.25,2020,9,13,23.31,2.47
12.75,75.75,2020,9,13,20.68,2.47
12.75,76.25,2020,9,13,19.99,3.09
12.75,76.75,2020,9,13,20.8,3.09
12.75,77.25,2020,9,13,21.01,2.96
8.25,74.25,2020,9,14,27.4,4.51
8.25,74.75,2020,9,14,27.45,4.51
8.25,75.25,2020,9,14,27.5,4.7
8.25,75.75,2020,9,14,27.54,4.7
8.25,76.25,2020,9,14,27.56,4.87
8.25,76.75,2020,9,14,27,4.87
8.25,77.25,2020,9,14,26.44,4.11
8.75,74.25,2020,9,14,27.33,4.51
8.75,74.75,2020,9,14,27.36,4.51
8.75,75.25,2020,9,14,27.4,4.7
8.75,75.75,2020,9,14,27.42,4.7
8.75,76.25,2020,9,14,27.37,4.87
8.75,76.75,2020,9,14,25.84,4.87
8.75,77.25,2020,9,14,25.35,4.11
9.25,74.25,2020,9,14,27.43,4.67
9.25,74.75,2020,9,14,27.4,4.67
9.25,75.25,2020,9,14,27.38,4.3
9.25,75.75,2020,9,14,27.3,4.3
9.25,76.25,2020,9,14,27.06,4.23
9.25,76.75,2020,9,14,24.59,4.23
9.25,77.25,2020,9,14,24.36,3.37
9.75,74.25,2020,9,14,27.51,4.67
9.75,74.75,2020,9,14,27.46,4.67
9.75,75.25,2020,9,14,27.35,4.3
9.75,75.75,2020,9,14,27.1,4.3
9.75,76.25,2020,9,14,26.51,4.23
9.75,76.75,2020,9,14,23.09,4.23
9.75,77.25,2020,9,14,22.86,3.37
10.25,74.25,2020,9,14,27.54,5.29
10.25,74.75,2020,9,14,27.45,5.29
10.25,75.25,2020,9,14,27.25,4.91
10.25,75.75,2020,9,14,26.79,4.91
10.25,76.25,2020,9,14,25.78,3.94
10.25,76.75,2020,9,14,22.64,3.94
10.25,77.25,2020,9,14,22.64,4.58
10.75,74.25,2020,9,14,27.52,5.29
10.75,74.75,2020,9,14,27.37,5.29
10.75,75.25,2020,9,14,27.01,4.91
10.75,75.75,2020,9,14,26.19,4.91
10.75,76.25,2020,9,14,24.45,3.94
10.75,76.75,2020,9,14,22.99,3.94
10.75,77.25,2020,9,14,23.81,4.58
11.25,74.25,2020,9,14,27.45,5.35
11.25,74.75,2020,9,14,27.2,5.35
11.25,75.25,2020,9,14,26.52,4.87
11.25,75.75,2020,9,14,25.07,4.87
11.25,76.25,2020,9,14,22.45,4.08
11.25,76.75,2020,9,14,22.23,4.08
11.25,77.25,2020,9,14,23.84,3.89
11.75,74.25,2020,9,14,27.31,5.35
11.75,74.75,2020,9,14,26.86,5.35
11.75,75.25,2020,9,14,25.63,4.87
11.75,75.75,2020,9,14,23.58,4.87
11.75,76.25,2020,9,14,21.28,4.08
11.75,76.75,2020,9,14,21.55,4.08
11.75,77.25,2020,9,14,22.82,3.89
12.25,74.25,2020,9,14,27.09,5.55
12.25,74.75,2020,9,14,26.4,5.55
12.25,75.25,2020,9,14,24.61,4.53
12.25,75.75,2020,9,14,22.26,4.53
12.25,76.25,2020,9,14,21.08,4.36
12.25,76.75,2020,9,14,21.81,4.36
12.25,77.25,2020,9,14,22.35,3.76
12.75,74.25,2020,9,14,26.87,5.55
12.75,74.75,2020,9,14,25.94,5.55
12.75,75.25,2020,9,14,23.92,4.53
12.75,75.75,2020,9,14,21.6,4.53
12.75,76.25,2020,9,14,21.03,4.36
12.75,76.75,2020,9,14,21.91,4.36
12.75,77.25,2020,9,14,22.06,3.76
8.25,74.25,2020,9,15,27.55,6.22
8.25,74.75,2020,9,15,27.39,6.22
8.25,75.25,2020,9,15,27.32,5.69
8.25,75.75,2020,9,15,27.35,5.69
8.25,76.25,2020,9,15,27.43,5.89
8.25,76.75,2020,9,15,26.89,5.89
8.25,77.25,2020,9,15,26.26,4.48
8.75,74.25,2020,9,15,27.57,6.22
8.75,74.75,2020,9,15,27.39,6.22
8.75,75.25,2020,9,15,27.31,5.69
8.75,75.75,2020,9,15,27.32,5.69
8.75,76.25,2020,9,15,27.31,5.89
8.75,76.75,2020,9,15,25.82,5.89
8.75,77.25,2020,9,15,25.19,4.48
9.25,74.25,2020,9,15,27.48,6.57
9.25,74.75,2020,9,15,27.34,6.57
9.25,75.25,2020,9,15,27.29,6.4
9.25,75.75,2020,9,15,27.26,6.4
9.25,76.25,2020,9,15,27.1,5.43
9.25,76.75,2020,9,15,24.82,5.43
9.25,77.25,2020,9,15,24.42,4.57
9.75,74.25,2020,9,15,27.46,6.57
9.75,74.75,2020,9,15,27.35,6.57
9.75,75.25,2020,9,15,27.3,6.4
9.75,75.75,2020,9,15,27.18,6.4
9.75,76.25,2020,9,15,26.75,5.43
9.75,76.75,2020,9,15,23.59,5.43
9.75,77.25,2020,9,15,23.07,4.57
10.25,74.25,2020,9,15,27.58,6.08
10.25,74.75,2020,9,15,27.46,6.08
10.25,75.25,2020,9,15,27.34,4.98
10.25,75.75,2020,9,15,27.02,4.98
10.25,76.25,2020,9,15,26.21,4.17
10.25,76.75,2020,9,15,23.28,4.17
10.25,77.25,2020,9,15,23.02,5.1
10.75,74.25,2020,9,15,27.69,6.08
10.75,74.75,2020,9,15,27.54,6.08
10.75,75.25,2020,9,15,27.26,4.98
10.75,75.75,2020,9,15,26.58,4.98
10.75,76.25,2020,9,15,25.07,4.17
10.75,76.75,2020,9,15,23.71,4.17
10.75,77.25,2020,9,15,24.43,5.1
11.25,74.25,2020,9,15,27.77,4.41
11.25,74.75,2020,9,15,27.54,4.41
11.25,75.25,2020,9,15,26.94,4.15
11.25,75.75,2020,9,15,25.64,4.15
11.25,76.25,2020,9,15,23.3,4.34
11.25,76.75,2020,9,15,23.08,4.34
11.25,77.25,2020,9,15,24.6,4.89
11.75,74.25,2020,9,15,27.84,4.41
11.75,74.75,2020,9,15,27.41,4.41
11.75,75.25,2020,9,15,26.23,4.15
11.75,75.75,2020,9,15,24.33,4.15
11.75,76.25,2020,9,15,22.29,4.34
11.75,76.75,2020,9,15,22.46,4.34
11.75,77.25,2020,9,15,23.66,4.89
12.25,74.25,2020,9,15,27.74,4.67
12.25,74.75,2020,9,15,26.98,4.67
12.25,75.25,2020,9,15,25.25,4.06
12.25,75.75,2020,9,15,23.08,4.06
12.25,76.25,2020,9,15,22.14,4.54
12.25,76.75,2020,9,15,22.7,4.54
12.25,77.25,2020,9,15,23.17,4.19
12.75,74.25,2020,9,15,27.34,4.67
12.75,74.75,2020,9,15,26.34,4.67
12.75,75.25,2020,9,15,24.43,4.06
12.75,75.75,2020,9,15,22.34,4.06
12.75,76.25,2020,9,15,21.98,4.54
12.75,76.75,2020,9,15,22.71,4.54
12.75,77.25,2020,9,15,22.84,4.19
8.25,74.25,2020,9,16,28.09,5.13
8.25,74.75,2020,9,16,28.08,5.13
8.25,75.25,2020,9,16,28.02,5.48
8.25,75.75,2020,9,16,27.89,5.48
8.25,76.25,2020,9,16,27.71,5.14
8.25,76.75,2020,9,16,27.08,5.14
8.25,77.25,2020,9,16,26.51,4.67
8.75,74.25,2020,9,16,28.11,5.13
8.75,74.75,2020,9,16,28.07,5.13
8.75,75.25,2020,9,16,27.96,5.48
8.75,75.75,2020,9,16,27.77,5.48
8.75,76.25,2020,9,16,27.51,5.14
8.75,76.75,2020,9,16,26.21,5.14
8.75,77.25,2020,9,16,25.64,4.67
9.25,74.25,2020,9,16,28.03,5.7
9.25,74.75,2020,9,16,27.95,5.7
9.25,75.25,2020,9,16,27.82,5.96
9.25,75.75,2020,9,16,27.6,5.96
9.25,76.25,2020,9,16,27.27,5.17
9.25,76.75,2020,9,16,25.32,5.17
9.25,77.25,2020,9,16,25.05,4.71
9.75,74.25,2020,9,16,27.97,5.7
9.75,74.75,2020,9,16,27.86,5.7
9.75,75.25,2020,9,16,27.73,5.96
9.75,75.75,2020,9,16,27.46,5.96
9.75,76.25,2020,9,16,26.91,5.17
9.75,76.75,2020,9,16,24.15,5.17
9.75,77.25,2020,9,16,23.91,4.71
10.25,74.25,2020,9,16,27.98,5.94
10.25,74.75,2020,9,16,27.89,5.94
10.25,75.25,2020,9,16,27.73,5.61
10.25,75.75,2020,9,16,27.32,5.61
10.25,76.25,2020,9,16,26.43,4.47
10.25,76.75,2020,9,16,23.85,4.47
10.25,77.25,2020,9,16,23.82,5.53
10.75,74.25,2020,9,16,28.05,5.94
10.75,74.75,2020,9,16,27.94,5.94
10.75,75.25,2020,9,16,27.63,5.61
10.75,75.75,2020,9,16,26.88,5.61
10.75,76.25,2020,9,16,25.36,4.47
10.75,76.75,2020,9,16,24.2,4.47
10.75,77.25,2020,9,16,25.03,5.53
11.25,74.25,2020,9,16,28.1,5.72
11.25,74.75,2020,9,16,27.88,5.72
11.25,75.25,2020,9,16,27.25,5.09
11.25,75.75,2020,9,16,25.92,5.09
11.25,76.25,2020,9,16,23.62,4.44
11.25,76.75,2020,9,16,23.45,4.44
11.25,77.25,2020,9,16,25.13,4.87
11.75,74.25,2020,9,16,28.11,5.72
11.75,74.75,2020,9,16,27.71,5.72
11.75,75.25,2020,9,16,26.52,5.09
11.75,75.75,2020,9,16,24.61,5.09
11.75,76.25,2020,9,16,22.52,4.44
11.75,76.75,2020,9,16,22.7,4.44
11.75,77.25,2020,9,16,24.01,4.87
12.25,74.25,2020,9,16,28.03,4.01
12.25,74.75,2020,9,16,27.34,4.01
12.25,75.25,2020,9,16,25.61,3.95
12.25,75.75,2020,9,16,23.41,3.95
12.25,76.25,2020,9,16,22.33,4.36
12.25,76.75,2020,9,16,22.87,4.36
12.25,77.25,2020,9,16,23.32,4.44
12.75,74.25,2020,9,16,27.91,4.01
12.75,74.75,2020,9,16,26.92,4.01
12.75,75.25,2020,9,16,24.95,3.95
12.75,75.75,2020,9,16,22.83,3.95
12.75,76.25,2020,9,16,22.43,4.36
12.75,76.75,2020,9,16,23.13,4.36
12.75,77.25,2020,9,16,23.15,4.44
8.25,74.25,2020,9,17,27.68,4.92
8.25,74.75,2020,9,17,27.72,4.92
8.25,75.25,2020,9,17,27.75,6.1
8.25,75.75,2020,9,17,27.75,6.1
8.25,76.25,2020,9,17,27.68,6.06
8.25,76.75,2020,9,17,27.05,6.06
8.25,77.25,2020,9,17,26.55,5.44
8.75,74.25,2020,9,17,27.79,4.92
8.75,74.75,2020,9,17,27.81,4.92
8.75,75.25,2020,9,17,27.8,6.1
8.75,75.75,2020,9,17,27.73,6.1
8.75,76.25,2020,9,17,27.54,6.06
8.75,76.75,2020,9,17,26.22,6.06
8.75,77.25,2020,9,17,25.67,5.44
9.25,74.25,2020,9,17,27.94,5.03
9.25,74.75,2020,9,17,27.88,5.03
9.25,75.25,2020,9,17,27.78,4.33
9.25,75.75,2020,9,17,27.59,4.33
9.25,76.25,2020,9,17,27.26,3.46
9.25,76.75,2020,9,17,25.23,3.46
9.25,77.25,2020,9,17,24.91,4.65
9.75,74.25,2020,9,17,27.97,5.03
9.75,74.75,2020,9,17,27.87,5.03
9.75,75.25,2020,9,17,27.72,4.33
9.75,75.75,2020,9,17,27.42,4.33
9.75,76.25,2020,9,17,26.79,3.46
9.75,76.75,2020,9,17,24.01,3.46
9.75,77.25,2020,9,17,23.78,4.65
10.25,74.25,2020,9,17,27.93,5.03
10.25,74.75,2020,9,17,27.88,5.03
10.25,75.25,2020,9,17,27.74,4.84
10.25,75.75,2020,9,17,27.3,4.84
10.25,76.25,2020,9,17,26.24,3.99
10.25,76.75,2020,9,17,23.69,3.99
10.25,77.25,2020,9,17,23.73,5.52
10.75,74.25,2020,9,17,28,5.03
10.75,74.75,2020,9,17,27.96,5.03
10.75,75.25,2020,9,17,27.69,4.84
10.75,75.75,2020,9,17,26.9,4.84
10.75,76.25,2020,9,17,25.23,3.99
10.75,76.75,2020,9,17,24.05,3.99
10.75,77.25,2020,9,17,24.86,5.52
11.25,74.25,2020,9,17,28.11,4.9
11.25,74.75,2020,9,17,27.93,4.9
11.25,75.25,2020,9,17,27.32,4.32
11.25,75.75,2020,9,17,25.98,4.32
11.25,76.25,2020,9,17,23.69,4.44
11.25,76.75,2020,9,17,23.51,4.44
11.25,77.25,2020,9,17,25.03,5.7
11.75,74.25,2020,9,17,28.1,4.9
11.75,74.75,2020,9,17,27.69,4.9
11.75,75.25,2020,9,17,26.54,4.32
11.75,75.75,2020,9,17,24.71,4.32
11.75,76.25,2020,9,17,22.79,4.44
11.75,76.75,2020,9,17,23.07,4.44
11.75,77.25,2020,9,17,24.22,5.7
12.25,74.25,2020,9,17,27.92,3.54
12.25,74.75,2020,9,17,27.24,3.54
12.25,75.25,2020,9,17,25.6,4.03
12.25,75.75,2020,9,17,23.55,4.03
12.25,76.25,2020,9,17,22.64,5.19
12.25,76.75,2020,9,17,23.3,5.19
12.25,77.25,2020,9,17,23.72,5.05
12.75,74.25,2020,9,17,27.7,3.54
12.75,74.75,2020,9,17,26.78,3.54
12.75,75.25,2020,9,17,24.92,4.03
12.75,75.75,2020,9,17,22.87,4.03
12.75,76.25,2020,9,17,22.47,5.19
12.75,76.75,2020,9,17,23.2,5.19
12.75,77.25,2020,9,17,23.31,5.05
8.25,74.25,2020,9,18,28.11,5.11
8.25,74.75,2020,9,18,28.12,5.11
8.25,75.25,2020,9,18,28.11,5.2
8.25,75.75,2020,9,18,28.04,5.2
8.25,76.25,2020,9,18,27.82,5.12
8.25,76.75,2020,9,18,27.01,5.12
8.25,77.25,2020,9,18,26.4,4.45
8.75,74.25,2020,9,18,28.16,5.11
8.75,74.75,2020,9,18,28.19,5.11
8.75,75.25,2020,9,18,28.18,5.2
8.75,75.75,2020,9,18,28.08,5.2
8.75,76.25,2020,9,18,27.77,5.12
8.75,76.75,2020,9,18,26.21,5.12
8.75,77.25,2020,9,18,25.53,4.45
9.25,74.25,2020,9,18,28.23,5.96
9.25,74.75,2020,9,18,28.24,5.96
9.25,75.25,2020,9,18,28.18,5.46
9.25,75.75,2020,9,18,27.96,5.46
9.25,76.25,2020,9,18,27.53,4.16
9.25,76.75,2020,9,18,25.22,4.16
9.25,77.25,2020,9,18,24.9,4.61
9.75,74.25,2020,9,18,28.25,5.96
9.75,74.75,2020,9,18,28.21,5.96
9.75,75.25,2020,9,18,28.08,5.46
9.75,75.75,2020,9,18,27.7,5.46
9.75,76.25,2020,9,18,26.92,4.16
9.75,76.75,2020,9,18,23.96,4.16
9.75,77.25,2020,9,18,23.78,4.61
10.25,74.25,2020,9,18,28.14,4.72
10.25,74.75,2020,9,18,28.02,4.72
10.25,75.25,2020,9,18,27.78,4.39
10.25,75.75,2020,9,18,27.26,4.39
10.25,76.25,2020,9,18,26.19,4.26
10.25,76.75,2020,9,18,23.61,4.26
10.25,77.25,2020,9,18,23.71,5.55
10.75,74.25,2020,9,18,27.96,4.72
10.75,74.75,2020,9,18,27.74,4.72
10.75,75.25,2020,9,18,27.36,4.39
10.75,75.75,2020,9,18,26.58,4.39
10.75,76.25,2020,9,18,25.04,4.26
10.75,76.75,2020,9,18,23.96,4.26
10.75,77.25,2020,9,18,24.92,5.55
11.25,74.25,2020,9,18,27.79,3.32
11.25,74.75,2020,9,18,27.5,3.32
11.25,75.25,2020,9,18,26.86,3.57
11.25,75.75,2020,9,18,25.58,3.57
11.25,76.25,2020,9,18,23.35,4.17
11.25,76.75,2020,9,18,23.34,4.17
11.25,77.25,2020,9,18,25.05,4.47
11.75,74.25,2020,9,18,27.68,3.32
11.75,74.75,2020,9,18,27.24,3.32
11.75,75.25,2020,9,18,26.09,3.57
11.75,75.75,2020,9,18,24.28,3.57
11.75,76.25,2020,9,18,22.33,4.17
11.75,76.75,2020,9,18,22.75,4.17
11.75,77.25,2020,9,18,24.04,4.47
12.25,74.25,2020,9,18,27.6,2.92
12.25,74.75,2020,9,18,26.88,2.92
12.25,75.25,2020,9,18,25.16,3.62
12.25,75.75,2020,9,18,23.02,3.62
12.25,76.25,2020,9,18,22.04,4.69
12.25,76.75,2020,9,18,22.81,4.69
12.25,77.25,2020,9,18,23.35,4.7
12.75,74.25,2020,9,18,27.43,2.92
12.75,74.75,2020,9,18,26.46,2.92
12.75,75.25,2020,9,18,24.51,3.62
12.75,75.75,2020,9,18,22.36,3.62
12.75,76.25,2020,9,18,21.85,4.69
12.75,76.75,2020,9,18,22.63,4.69
12.75,77.25,2020,9,18,22.83,4.7
8.25,74.25,2020,9,19,27.97,3.58
8.25,74.75,2020,9,19,28.01,3.58
8.25,75.25,2020,9,19,28.03,2.88
8.25,75.75,2020,9,19,27.96,2.88
8.25,76.25,2020,9,19,27.72,3.12
8.25,76.75,2020,9,19,26.8,3.12
8.25,77.25,2020,9,19,26.07,3.64
8.75,74.25,2020,9,19,27.95,3.58
8.75,74.75,2020,9,19,27.97,3.58
8.75,75.25,2020,9,19,27.98,2.88
8.75,75.75,2020,9,19,27.89,2.88
8.75,76.25,2020,9,19,27.54,3.12
8.75,76.75,2020,9,19,25.91,3.12
8.75,77.25,2020,9,19,25.11,3.64
9.25,74.25,2020,9,19,27.94,1.95
9.25,74.75,2020,9,19,27.94,1.95
9.25,75.25,2020,9,19,27.89,1.86
9.25,75.75,2020,9,19,27.72,1.86
9.25,76.25,2020,9,19,27.28,1.93
9.25,76.75,2020,9,19,24.99,1.93
9.25,77.25,2020,9,19,24.49,2.43
9.75,74.25,2020,9,19,27.96,1.95
9.75,74.75,2020,9,19,27.91,1.95
9.75,75.25,2020,9,19,27.8,1.86
9.75,75.75,2020,9,19,27.49,1.86
9.75,76.25,2020,9,19,26.78,1.93
9.75,76.75,2020,9,19,23.68,1.93
9.75,77.25,2020,9,19,23.29,2.43
10.25,74.25,2020,9,19,28,1.51
10.25,74.75,2020,9,19,27.89,1.51
10.25,75.25,2020,9,19,27.69,1.92
10.25,75.75,2020,9,19,27.21,1.92
10.25,76.25,2020,9,19,26.17,2.21
10.25,76.75,2020,9,19,23.22,2.21
10.25,77.25,2020,9,19,23.13,3.12
10.75,74.25,2020,9,19,28.02,1.51
10.75,74.75,2020,9,19,27.85,1.51
10.75,75.25,2020,9,19,27.48,1.92
10.75,75.75,2020,9,19,26.65,1.92
10.75,76.25,2020,9,19,24.96,2.21
10.75,76.75,2020,9,19,23.57,2.21
10.75,77.25,2020,9,19,24.36,3.12
11.25,74.25,2020,9,19,28,1.6
11.25,74.75,2020,9,19,27.74,1.6
11.25,75.25,2020,9,19,27,1.4
11.25,75.75,2020,9,19,25.51,1.4
11.25,76.25,2020,9,19,23.01,2.55
11.25,76.75,2020,9,19,22.87,2.55
11.25,77.25,2020,9,19,24.45,3.39
11.75,74.25,2020,9,19,27.91,1.6
11.75,74.75,2020,9,19,27.42,1.6
11.75,75.25,2020,9,19,26.06,1.4
11.75,75.75,2020,9,19,23.94,1.4
11.75,76.25,2020,9,19,21.79,2.55
11.75,76.75,2020,9,19,22.18,2.55
11.75,77.25,2020,9,19,23.48,3.39
12.25,74.25,2020,9,19,27.74,1.21
12.25,74.75,2020,9,19,26.87,1.21
12.25,75.25,2020,9,19,24.89,1.77
12.25,75.75,2020,9,19,22.48,1.77
12.25,76.25,2020,9,19,21.48,3.65
12.25,76.75,2020,9,19,22.31,3.65
12.25,77.25,2020,9,19,22.91,3.61
12.75,74.25,2020,9,19,27.51,1.21
12.75,74.75,2020,9,19,26.34,1.21
12.75,75.25,2020,9,19,24.17,1.77
12.75,75.75,2020,9,19,21.87,1.77
12.75,76.25,2020,9,19,21.4,3.65
12.75,76.75,2020,9,19,22.31,3.65
12.75,77.25,2020,9,19,22.55,3.61
8.25,74.25,2020,9,20,28.09,3.82
8.25,74.75,2020,9,20,28.08,3.82
8.25,75.25,2020,9,20,28.04,3.35
8.25,75.75,2020,9,20,27.95,3.35
8.25,76.25,2020,9,20,27.75,3.47
8.25,76.75,2020,9,20,26.83,3.47
8.25,77.25,2020,9,20,25.96,3.31
8.75,74.25,2020,9,20,27.98,3.82
8.75,74.75,2020,9,20,27.97,3.82
8.75,75.25,2020,9,20,27.93,3.35
8.75,75.75,2020,9,20,27.82,3.35
8.75,76.25,2020,9,20,27.55,3.47
8.75,76.75,2020,9,20,25.76,3.47
8.75,77.25,2020,9,20,24.78,3.31
9.25,74.25,2020,9,20,27.91,3.01
9.25,74.75,2020,9,20,27.9,3.01
9.25,75.25,2020,9,20,27.83,3.2
9.25,75.75,2020,9,20,27.63,3.2
9.25,76.25,2020,9,20,27.21,3.56
9.25,76.75,2020,9,20,24.6,3.56
9.25,77.25,2020,9,20,23.99,2.43
9.75,74.25,2020,9,20,27.78,3.01
9.75,74.75,2020,9,20,27.75,3.01
9.75,75.25,2020,9,20,27.66,3.2
9.75,75.75,2020,9,20,27.34,3.2
9.75,76.25,2020,9,20,26.54,3.56
9.75,76.75,2020,9,20,23.09,3.56
9.75,77.25,2020,9,20,22.65,2.43
10.25,74.25,2020,9,20,27.67,2.48
10.25,74.75,2020,9,20,27.6,2.48
10.25,75.25,2020,9,20,27.44,3.54
10.25,75.75,2020,9,20,26.95,3.54
10.25,76.25,2020,9,20,25.76,3.21
10.25,76.75,2020,9,20,22.61,3.21
10.25,77.25,2020,9,20,22.52,3.56
10.75,74.25,2020,9,20,27.68,2.48
10.75,74.75,2020,9,20,27.57,2.48
10.75,75.25,2020,9,20,27.24,3.54
10.75,75.75,2020,9,20,26.38,3.54
10.75,76.25,2020,9,20,24.6,3.21
10.75,76.75,2020,9,20,23.15,3.21
10.75,77.25,2020,9,20,23.93,3.56
11.25,74.25,2020,9,20,27.71,2.17
11.25,74.75,2020,9,20,27.53,2.17
11.25,75.25,2020,9,20,26.83,2.57
11.25,75.75,2020,9,20,25.31,2.57
11.25,76.25,2020,9,20,22.83,2.67
11.25,76.75,2020,9,20,22.61,2.67
11.25,77.25,2020,9,20,24.18,3.37
11.75,74.25,2020,9,20,27.73,2.17
11.75,74.75,2020,9,20,27.27,2.17
11.75,75.25,2020,9,20,25.92,2.57
11.75,75.75,2020,9,20,23.78,2.57
11.75,76.25,2020,9,20,21.57,2.67
11.75,76.75,2020,9,20,21.82,2.67
11.75,77.25,2020,9,20,23.01,3.37
12.25,74.25,2020,9,20,27.7,2.11
12.25,74.75,2020,9,20,26.82,2.11
12.25,75.25,2020,9,20,24.82,2.02
12.25,75.75,2020,9,20,22.32,2.02
12.25,76.25,2020,9,20,21.08,2.94
12.25,76.75,2020,9,20,21.68,2.94
12.25,77.25,2020,9,20,22.06,2.78
12.75,74.25,2020,9,20,27.54,2.11
12.75,74.75,2020,9,20,26.33,2.11
12.75,75.25,2020,9,20,24.07,2.02
12.75,75.75,2020,9,20,21.62,2.02
12.75,76.25,2020,9,20,20.9,2.94
12.75,76.75,2020,9,20,21.5,2.94
12.75,77.25,2020,9,20,21.44,2.78
8.25,74.25,2020,9,21,28.15,4.37
8.25,74.75,2020,9,21,28.19,4.37
8.25,75.25,2020,9,21,28.19,3.59
8.25,75.75,2020,9,21,28.12,3.59
8.25,76.25,2020,9,21,27.96,3.85
8.25,76.75,2020,9,21,26.97,3.85
8.25,77.25,2020,9,21,26.03,3.16
8.75,74.25,2020,9,21,27.76,4.37
8.75,74.75,2020,9,21,27.82,4.37
8.75,75.25,2020,9,21,27.85,3.59
8.75,75.75,2020,9,21,27.79,3.59
8.75,76.25,2020,9,21,27.56,3.85
8.75,76.75,2020,9,21,25.59,3.85
8.75,77.25,2020,9,21,24.48,3.16
9.25,74.25,2020,9,21,27.56,4.01
9.25,74.75,2020,9,21,27.58,4.01
9.25,75.25,2020,9,21,27.58,3.99
9.25,75.75,2020,9,21,27.45,3.99
9.25,76.25,2020,9,21,27.05,4.32
9.25,76.75,2020,9,21,24.38,4.32
9.25,77.25,2020,9,21,23.82,3.11
9.75,74.25,2020,9,21,27.6,4.01
9.75,74.75,2020,9,21,27.58,4.01
9.75,75.25,2020,9,21,27.53,3.99
9.75,75.75,2020,9,21,27.25,3.99
9.75,76.25,2020,9,21,26.43,4.32
9.75,76.75,2020,9,21,23.14,4.32
9.75,77.25,2020,9,21,22.89,3.11
10.25,74.25,2020,9,21,27.64,3.93
10.25,74.75,2020,9,21,27.61,3.93
10.25,75.25,2020,9,21,27.49,4.05
10.25,75.75,2020,9,21,27,4.05
10.25,76.25,2020,9,21,25.7,3.49
10.25,76.75,2020,9,21,22.79,3.49
10.25,77.25,2020,9,21,22.86,3.82
10.75,74.25,2020,9,21,27.62,3.93
10.75,74.75,2020,9,21,27.57,3.93
10.75,75.25,2020,9,21,27.3,4.05
10.75,75.75,2020,9,21,26.45,4.05
10.75,76.25,2020,9,21,24.57,3.49
10.75,76.75,2020,9,21,23.18,3.49
10.75,77.25,2020,9,21,24.02,3.82
11.25,74.25,2020,9,21,27.61,3.76
11.25,74.75,2020,9,21,27.48,3.76
11.25,75.25,2020,9,21,26.84,3.54
11.25,75.75,2020,9,21,25.35,3.54
11.25,76.25,2020,9,21,22.85,3.44
11.25,76.75,2020,9,21,22.59,3.44
11.25,77.25,2020,9,21,24.2,4.26
11.75,74.25,2020,9,21,27.61,3.76
11.75,74.75,2020,9,21,27.19,3.76
11.75,75.25,2020,9,21,25.86,3.54
11.75,75.75,2020,9,21,23.72,3.54
11.75,76.25,2020,9,21,21.61,3.44
11.75,76.75,2020,9,21,21.85,3.44
11.75,77.25,2020,9,21,23.19,4.26
12.25,74.25,2020,9,21,27.54,2.63
12.25,74.75,2020,9,21,26.6,2.63
12.25,75.25,2020,9,21,24.48,2.6
12.25,75.75,2020,9,21,21.96,2.6
12.25,76.25,2020,9,21,20.94,3.79
12.25,76.75,2020,9,21,21.66,3.79
12.25,77.25,2020,9,21,22.28,4.06
12.75,74.25,2020,9,21,27.42,2.63
12.75,74.75,2020,9,21,25.95,2.63
12.75,75.25,2020,9,21,23.41,2.6
12.75,75.75,2020,9,21,20.87,2.6
12.75,76.25,2020,9,21,20.39,3.79
12.75,76.75,2020,9,21,21.27,3.79
12.75,77.25,2020,9,21,21.5,4.06
8.25,74.25,2020,9,22,28.23,2.63
8.25,74.75,2020,9,22,28.23,2.63
8.25,75.25,2020,9,22,28.21,1.78
8.25,75.75,2020,9,22,28.14,1.78
8.25,76.25,2020,9,22,27.96,2.29
8.25,76.75,2020,9,22,27.17,2.29
8.25,77.25,2020,9,22,26.49,3.66
8.75,74.25,2020,9,22,28.12,2.63
8.75,74.75,2020,9,22,28.09,2.63
8.75,75.25,2020,9,22,28.04,1.78
8.75,75.75,2020,9,22,27.94,1.78
8.75,76.25,2020,9,22,27.73,2.29
8.75,76.75,2020,9,22,26.04,2.29
8.75,77.25,2020,9,22,25.3,3.66
9.25,74.25,2020,9,22,27.97,5.26
9.25,74.75,2020,9,22,27.91,5.26
9.25,75.25,2020,9,22,27.81,4.2
9.25,75.75,2020,9,22,27.62,4.2
9.25,76.25,2020,9,22,27.27,3.75
9.25,76.75,2020,9,22,24.65,3.75
9.25,77.25,2020,9,22,24.25,3.74
9.75,74.25,2020,9,22,27.82,5.26
9.75,74.75,2020,9,22,27.74,5.26
9.75,75.25,2020,9,22,27.6,4.2
9.75,75.75,2020,9,22,27.28,4.2
9.75,76.25,2020,9,22,26.51,3.75
9.75,76.75,2020,9,22,23.07,3.75
9.75,77.25,2020,9,22,22.8,3.74
10.25,74.25,2020,9,22,27.75,5.37
10.25,74.75,2020,9,22,27.6,5.37
10.25,75.25,2020,9,22,27.39,5.9
10.25,75.75,2020,9,22,26.91,5.9
10.25,76.25,2020,9,22,25.74,4.74
10.25,76.75,2020,9,22,22.58,4.74
10.25,77.25,2020,9,22,22.65,4.75
10.75,74.25,2020,9,22,27.69,5.37
10.75,74.75,2020,9,22,27.45,5.37
10.75,75.25,2020,9,22,27.08,5.9
10.75,75.75,2020,9,22,26.25,5.9
10.75,76.25,2020,9,22,24.42,4.74
10.75,76.75,2020,9,22,22.85,4.74
10.75,77.25,2020,9,22,23.79,4.75
11.25,74.25,2020,9,22,27.65,6.04
11.25,74.75,2020,9,22,27.36,6.04
11.25,75.25,2020,9,22,26.63,5.46
11.25,75.75,2020,9,22,25.09,5.46
11.25,76.25,2020,9,22,22.33,4.25
11.25,76.75,2020,9,22,21.95,4.25
11.25,77.25,2020,9,22,23.69,5
11.75,74.25,2020,9,22,27.7,6.04
11.75,74.75,2020,9,22,27.25,6.04
11.75,75.25,2020,9,22,25.84,5.46
11.75,75.75,2020,9,22,23.5,5.46
11.75,76.25,2020,9,22,20.96,4.25
11.75,76.75,2020,9,22,21.1,4.25
11.75,77.25,2020,9,22,22.45,5
12.25,74.25,2020,9,22,27.75,4.79
12.25,74.75,2020,9,22,26.92,4.79
12.25,75.25,2020,9,22,24.75,3.2
12.25,75.75,2020,9,22,21.94,3.2
12.25,76.25,2020,9,22,20.49,3.45
12.25,76.75,2020,9,22,21.12,3.45
12.25,77.25,2020,9,22,21.64,3.79
12.75,74.25,2020,9,22,27.7,4.79
12.75,74.75,2020,9,22,26.43,4.79
12.75,75.25,2020,9,22,23.88,3.2
12.75,75.75,2020,9,22,21.07,3.2
12.75,76.25,2020,9,22,20.29,3.45
12.75,76.75,2020,9,22,21.05,3.45
12.75,77.25,2020,9,22,21.18,3.79
8.25,74.25,2020,9,23,28.11,5
8.25,74.75,2020,9,23,28.07,5
8.25,75.25,2020,9,23,28.03,5.34
8.25,75.75,2020,9,23,27.94,5.34
8.25,76.25,2020,9,23,27.75,4.64
8.25,76.75,2020,9,23,27.03,4.64
8.25,77.25,2020,9,23,26.46,5.21
8.75,74.25,2020,9,23,28.09,5
8.75,74.75,2020,9,23,28.05,5
8.75,75.25,2020,9,23,28.03,5.34
8.75,75.75,2020,9,23,27.97,5.34
8.75,76.25,2020,9,23,27.76,4.64
8.75,76.75,2020,9,23,26.24,4.64
8.75,77.25,2020,9,23,25.63,5.21
9.25,74.25,2020,9,23,28.06,5.63
9.25,74.75,2020,9,23,28.05,5.63
9.25,75.25,2020,9,23,28.03,5.38
9.25,75.75,2020,9,23,27.9,5.38
9.25,76.25,2020,9,23,27.58,5.68
9.25,76.75,2020,9,23,25.25,5.68
9.25,77.25,2020,9,23,24.92,5.49
9.75,74.25,2020,9,23,28,5.63
9.75,74.75,2020,9,23,27.96,5.63
9.75,75.25,2020,9,23,27.85,5.38
9.75,75.75,2020,9,23,27.56,5.38
9.75,76.25,2020,9,23,26.94,5.68
9.75,76.75,2020,9,23,23.82,5.68
9.75,77.25,2020,9,23,23.59,5.49
10.25,74.25,2020,9,23,27.95,5.63
10.25,74.75,2020,9,23,27.8,5.63
10.25,75.25,2020,9,23,27.56,5.95
10.25,75.75,2020,9,23,27.09,5.95
10.25,76.25,2020,9,23,26.15,4.92
10.25,76.75,2020,9,23,23.2,4.92
10.25,77.25,2020,9,23,23.27,5.76
10.75,74.25,2020,9,23,27.85,5.63
10.75,74.75,2020,9,23,27.6,5.63
10.75,75.25,2020,9,23,27.22,5.95
10.75,75.75,2020,9,23,26.44,5.95
10.75,76.25,2020,9,23,24.81,4.92
10.75,76.75,2020,9,23,23.33,4.92
10.75,77.25,2020,9,23,24.28,5.76
11.25,74.25,2020,9,23,27.71,5.56
11.25,74.75,2020,9,23,27.39,5.56
11.25,75.25,2020,9,23,26.72,5.52
11.25,75.75,2020,9,23,25.36,5.52
11.25,76.25,2020,9,23,22.88,4.94
11.25,76.75,2020,9,23,22.65,4.94
11.25,77.25,2020,9,23,24.36,5.84
11.75,74.25,2020,9,23,27.7,5.56
11.75,74.75,2020,9,23,27.22,5.56
11.75,75.25,2020,9,23,25.97,5.52
11.75,75.75,2020,9,23,23.96,5.52
11.75,76.25,2020,9,23,21.77,4.94
11.75,76.75,2020,9,23,22.16,4.94
11.75,77.25,2020,9,23,23.5,5.84
12.25,74.25,2020,9,23,27.65,6.16
12.25,74.75,2020,9,23,26.91,6.16
12.25,75.25,2020,9,23,25.05,4.71
12.25,75.75,2020,9,23,22.63,4.71
12.25,76.25,2020,9,23,21.44,5.09
12.25,76.75,2020,9,23,22.27,5.09
12.25,77.25,2020,9,23,22.85,5.39
12.75,74.25,2020,9,23,27.49,6.16
12.75,74.75,2020,9,23,26.45,6.16
12.75,75.25,2020,9,23,24.26,4.71
12.75,75.75,2020,9,23,21.77,4.71
12.75,76.25,2020,9,23,21.1,5.09
12.75,76.75,2020,9,23,21.99,5.09
12.75,77.25,2020,9,23,22.25,5.39
8.25,74.25,2020,9,24,27.9,6.07
8.25,74.75,2020,9,24,27.85,6.07
8.25,75.25,2020,9,24,27.83,6.1
8.25,75.75,2020,9,24,27.77,6.1
8.25,76.25,2020,9,24,27.62,5.74
8.25,76.75,2020,9,24,26.88,5.74
8.25,77.25,2020,9,24,26.35,5.66
8.75,74.25,2020,9,24,27.92,6.07
8.75,74.75,2020,9,24,27.88,6.07
8.75,75.25,2020,9,24,27.89,6.1
8.75,75.75,2020,9,24,27.86,6.1
8.75,76.25,2020,9,24,27.66,5.74
8.75,76.75,2020,9,24,26.11,5.74
8.75,77.25,2020,9,24,25.53,5.66
9.25,74.25,2020,9,24,27.86,5.5
9.25,74.75,2020,9,24,27.89,5.5
9.25,75.25,2020,9,24,27.91,5.22
9.25,75.75,2020,9,24,27.79,5.22
9.25,76.25,2020,9,24,27.42,5.05
9.25,76.75,2020,9,24,25.13,5.05
9.25,77.25,2020,9,24,24.9,4.9
9.75,74.25,2020,9,24,27.73,5.5
9.75,74.75,2020,9,24,27.71,5.5
9.75,75.25,2020,9,24,27.62,5.22
9.75,75.75,2020,9,24,27.35,5.22
9.75,76.25,2020,9,24,26.81,5.05
9.75,76.75,2020,9,24,23.82,5.05
9.75,77.25,2020,9,24,23.79,4.9
10.25,74.25,2020,9,24,27.51,5.58
10.25,74.75,2020,9,24,27.34,5.58
10.25,75.25,2020,9,24,27.17,5.24
10.25,75.75,2020,9,24,26.85,5.24
10.25,76.25,2020,9,24,26.15,4.67
10.25,76.75,2020,9,24,23.34,4.67
10.25,77.25,2020,9,24,23.57,5.64
10.75,74.25,2020,9,24,27.3,5.58
10.75,74.75,2020,9,24,27.06,5.58
10.75,75.25,2020,9,24,26.84,5.24
10.75,75.75,2020,9,24,26.34,5.24
10.75,76.25,2020,9,24,24.99,4.67
10.75,76.75,2020,9,24,23.58,4.67
10.75,77.25,2020,9,24,24.6,5.64
11.25,74.25,2020,9,24,27.17,5.7
11.25,74.75,2020,9,24,26.91,5.7
11.25,75.25,2020,9,24,26.5,5.38
11.25,75.75,2020,9,24,25.49,5.38
11.25,76.25,2020,9,24,23.2,4.39
11.25,76.75,2020,9,24,23.05,4.39
11.25,77.25,2020,9,24,24.9,5.66
11.75,74.25,2020,9,24,27.08,5.7
11.75,74.75,2020,9,24,26.74,5.7
11.75,75.25,2020,9,24,25.83,5.38
11.75,75.75,2020,9,24,24.2,5.38
11.75,76.25,2020,9,24,22.05,4.39
11.75,76.75,2020,9,24,22.61,4.39
11.75,77.25,2020,9,24,24.13,5.66
12.25,74.25,2020,9,24,27.06,5.12
12.25,74.75,2020,9,24,26.43,5.12
12.25,75.25,2020,9,24,24.82,3.72
12.25,75.75,2020,9,24,22.67,3.72
12.25,76.25,2020,9,24,21.52,4.6
12.25,76.75,2020,9,24,22.57,4.6
12.25,77.25,2020,9,24,23.31,5.31
12.75,74.25,2020,9,24,27.2,5.12
12.75,74.75,2020,9,24,26.15,5.12
12.75,75.25,2020,9,24,24.01,3.72
12.75,75.75,2020,9,24,21.63,3.72
12.75,76.25,2020,9,24,21.09,4.6
12.75,76.75,2020,9,24,22.22,4.6
12.75,77.25,2020,9,24,22.58,5.31
8.25,74.25,2020,9,25,27.39,4.64
8.25,74.75,2020,9,25,27.42,4.64
8.25,75.25,2020,9,25,27.46,4.03
8.25,75.75,2020,9,25,27.46,4.03
8.25,76.25,2020,9,25,27.35,4.35
8.25,76.75,2020,9,25,26.69,4.35
8.25,77.25,2020,9,25,26.15,4.05
8.75,74.25,2020,9,25,27.49,4.64
8.75,74.75,2020,9,25,27.56,4.64
8.75,75.25,2020,9,25,27.66,4.03
8.75,75.75,2020,9,25,27.7,4.03
8.75,76.25,2020,9,25,27.5,4.35
8.75,76.75,2020,9,25,26.04,4.35
8.75,77.25,2020,9,25,25.45,4.05
9.25,74.25,2020,9,25,27.6,5.07
9.25,74.75,2020,9,25,27.76,5.07
9.25,75.25,2020,9,25,27.86,4.08
9.25,75.75,2020,9,25,27.78,4.08
9.25,76.25,2020,9,25,27.43,3.59
9.25,76.75,2020,9,25,25,3.59
9.25,77.25,2020,9,25,24.62,3.48
9.75,74.25,2020,9,25,27.68,5.07
9.75,74.75,2020,9,25,27.7,5.07
9.75,75.25,2020,9,25,27.59,4.08
9.75,75.75,2020,9,25,27.28,4.08
9.75,76.25,2020,9,25,26.81,3.59
9.75,76.75,2020,9,25,23.47,3.59
9.75,77.25,2020,9,25,23.19,3.48
10.25,74.25,2020,9,25,27.63,4.67
10.25,74.75,2020,9,25,27.35,4.67
10.25,75.25,2020,9,25,27.03,4.24
10.25,75.75,2020,9,25,26.62,4.24
10.25,76.25,2020,9,25,25.97,3.78
10.25,76.75,2020,9,25,22.94,3.78
10.25,77.25,2020,9,25,23.12,3.92
10.75,74.25,2020,9,25,27.51,4.67
10.75,74.75,2020,9,25,27.06,4.67
10.75,75.25,2020,9,25,26.62,4.24
10.75,75.75,2020,9,25,26,4.24
10.75,76.25,2020,9,25,24.66,3.78
10.75,76.75,2020,9,25,23.25,3.78
10.75,77.25,2020,9,25,24.4,3.92
11.25,74.25,2020,9,25,27.32,5.88
11.25,74.75,2020,9,25,26.84,5.88
11.25,75.25,2020,9,25,26.18,5.17
11.25,75.75,2020,9,25,25,5.17
11.25,76.25,2020,9,25,22.81,4.39
11.25,76.75,2020,9,25,22.73,4.39
11.25,77.25,2020,9,25,24.66,4.24
11.75,74.25,2020,9,25,27.09,5.88
11.75,74.75,2020,9,25,26.56,5.88
11.75,75.25,2020,9,25,25.43,5.17
11.75,75.75,2020,9,25,23.66,5.17
11.75,76.25,2020,9,25,21.69,4.39
11.75,76.75,2020,9,25,22.24,4.39
11.75,77.25,2020,9,25,23.7,4.24
12.25,74.25,2020,9,25,26.94,5.84
12.25,74.75,2020,9,25,26.2,5.84
12.25,75.25,2020,9,25,24.55,4.61
12.25,75.75,2020,9,25,22.46,4.61
12.25,76.25,2020,9,25,21.44,4.92
12.25,76.75,2020,9,25,22.27,4.92
12.25,77.25,2020,9,25,22.8,5.4
12.75,74.25,2020,9,25,26.96,5.84
12.75,74.75,2020,9,25,26.01,5.84
12.75,75.25,2020,9,25,24.12,4.61
12.75,75.75,2020,9,25,22.02,4.61
12.75,76.25,2020,9,25,21.5,4.92
12.75,76.75,2020,9,25,22.15,4.92
12.75,77.25,2020,9,25,22.15,5.4
8.25,74.25,2020,9,26,27.09,4.71
8.25,74.75,2020,9,26,27.19,4.71
8.25,75.25,2020,9,26,27.29,4.29
8.25,75.75,2020,9,26,27.33,4.29
8.25,76.25,2020,9,26,27.18,5.17
8.25,76.75,2020,9,26,26.48,5.17
8.25,77.25,2020,9,26,26.02,5.45
8.75,74.25,2020,9,26,26.89,4.71
8.75,74.75,2020,9,26,26.99,4.71
8.75,75.25,2020,9,26,27.09,4.29
8.75,75.75,2020,9,26,27.14,4.29
8.75,76.25,2020,9,26,26.97,5.17
8.75,76.75,2020,9,26,25.41,5.17
8.75,77.25,2020,9,26,24.92,5.45
9.25,74.25,2020,9,26,26.79,4.83
9.25,74.75,2020,9,26,26.84,4.83
9.25,75.25,2020,9,26,26.88,4.44
9.25,75.75,2020,9,26,26.84,4.44
9.25,76.25,2020,9,26,26.56,4.11
9.25,76.75,2020,9,26,24.15,4.11
9.25,77.25,2020,9,26,23.97,4.52
9.75,74.25,2020,9,26,26.83,4.83
9.75,74.75,2020,9,26,26.77,4.83
9.75,75.25,2020,9,26,26.64,4.44
9.75,75.75,2020,9,26,26.36,4.44
9.75,76.25,2020,9,26,25.75,4.11
9.75,76.75,2020,9,26,22.59,4.11
9.75,77.25,2020,9,26,22.61,4.52
10.25,74.25,2020,9,26,26.92,5.13
10.25,74.75,2020,9,26,26.67,5.13
10.25,75.25,2020,9,26,26.37,4.16
10.25,75.75,2020,9,26,25.89,4.16
10.25,76.25,2020,9,26,24.98,3.44
10.25,76.75,2020,9,26,22.02,3.44
10.25,77.25,2020,9,26,22.22,3.85
10.75,74.25,2020,9,26,26.96,5.13
10.75,74.75,2020,9,26,26.58,5.13
10.75,75.25,2020,9,26,26.14,4.16
10.75,75.75,2020,9,26,25.42,4.16
10.75,76.25,2020,9,26,23.87,3.44
10.75,76.75,2020,9,26,22.3,3.44
10.75,77.25,2020,9,26,23.11,3.85
11.25,74.25,2020,9,26,26.91,4.12
11.25,74.75,2020,9,26,26.46,4.12
11.25,75.25,2020,9,26,25.77,3.93
11.25,75.75,2020,9,26,24.46,3.93
11.25,76.25,2020,9,26,21.98,3.86
11.25,76.75,2020,9,26,21.59,3.86
11.25,77.25,2020,9,26,23.16,3.65
11.75,74.25,2020,9,26,26.81,4.12
11.75,74.75,2020,9,26,26.23,4.12
11.75,75.25,2020,9,26,25,3.93
11.75,75.75,2020,9,26,23.05,3.93
11.75,76.25,2020,9,26,20.75,3.86
11.75,76.75,2020,9,26,20.98,3.86
11.75,77.25,2020,9,26,22.26,3.65
12.25,74.25,2020,9,26,26.74,3.03
12.25,74.75,2020,9,26,25.9,3.03
12.25,75.25,2020,9,26,24.14,2.75
12.25,75.75,2020,9,26,21.89,2.75
12.25,76.25,2020,9,26,20.58,3.42
12.25,76.75,2020,9,26,21.15,3.42
12.25,77.25,2020,9,26,21.61,3.48
12.75,74.25,2020,9,26,26.75,3.03
12.75,74.75,2020,9,26,25.64,3.03
12.75,75.25,2020,9,26,23.62,2.75
12.75,75.75,2020,9,26,21.38,2.75
12.75,76.25,2020,9,26,20.62,3.42
12.75,76.75,2020,9,26,21.11,3.42
12.75,77.25,2020,9,26,21.09,3.48
8.25,74.25,2020,9,27,27.1,6.63
8.25,74.75,2020,9,27,27.06,6.63
8.25,75.25,2020,9,27,27.05,6.47
8.25,75.75,2020,9,27,27,6.47
8.25,76.25,2020,9,27,26.81,6.58
8.25,76.75,2020,9,27,26.1,6.58
8.25,77.25,2020,9,27,25.65,5.71
8.75,74.25,2020,9,27,27.21,6.63
8.75,74.75,2020,9,27,27.16,6.63
8.75,75.25,2020,9,27,27.09,6.47
8.75,75.75,2020,9,27,26.99,6.47
8.75,76.25,2020,9,27,26.78,6.58
8.75,76.75,2020,9,27,25.33,6.58
8.75,77.25,2020,9,27,24.96,5.71
9.25,74.25,2020,9,27,27.31,6.12
9.25,74.75,2020,9,27,27.24,6.12
9.25,75.25,2020,9,27,27.14,6.29
9.25,75.75,2020,9,27,27.01,6.29
9.25,76.25,2020,9,27,26.78,5.91
9.25,76.75,2020,9,27,24.56,5.91
9.25,77.25,2020,9,27,24.63,5.34
9.75,74.25,2020,9,27,27.39,6.12
9.75,74.75,2020,9,27,27.31,6.12
9.75,75.25,2020,9,27,27.18,6.29
9.75,75.75,2020,9,27,26.96,6.29
9.75,76.25,2020,9,27,26.53,5.91
9.75,76.75,2020,9,27,23.44,5.91
9.75,77.25,2020,9,27,23.69,5.34
10.25,74.25,2020,9,27,27.43,5.98
10.25,74.75,2020,9,27,27.29,5.98
10.25,75.25,2020,9,27,27.1,6.31
10.25,75.75,2020,9,27,26.75,6.31
10.25,76.25,2020,9,27,26.07,5.21
10.25,76.75,2020,9,27,23.14,5.21
10.25,77.25,2020,9,27,23.56,5.94
10.75,74.25,2020,9,27,27.38,5.98
10.75,74.75,2020,9,27,27.18,5.98
10.75,75.25,2020,9,27,26.88,6.31
10.75,75.75,2020,9,27,26.27,6.31
10.75,76.25,2020,9,27,25,5.21
10.75,76.75,2020,9,27,23.62,5.21
10.75,77.25,2020,9,27,24.69,5.94
11.25,74.25,2020,9,27,27.28,5.49
11.25,74.75,2020,9,27,27.03,5.49
11.25,75.25,2020,9,27,26.49,5.6
11.25,75.75,2020,9,27,25.36,5.6
11.25,76.25,2020,9,27,23.26,5.08
11.25,76.75,2020,9,27,23.18,5.08
11.25,77.25,2020,9,27,24.91,5.34
11.75,74.25,2020,9,27,27.18,5.49
11.75,74.75,2020,9,27,26.79,5.49
11.75,75.25,2020,9,27,25.75,5.6
11.75,75.75,2020,9,27,24.07,5.6
11.75,76.25,2020,9,27,22.16,5.08
11.75,76.75,2020,9,27,22.64,5.08
11.75,77.25,2020,9,27,23.9,5.34
12.25,74.25,2020,9,27,27.1,4.72
12.25,74.75,2020,9,27,26.45,4.72
12.25,75.25,2020,9,27,24.87,4.21
12.25,75.75,2020,9,27,22.84,4.21
12.25,76.25,2020,9,27,21.82,4.72
12.25,76.75,2020,9,27,22.6,4.72
12.25,77.25,2020,9,27,23.04,4.8
12.75,74.25,2020,9,27,27.06,4.72
12.75,74.75,2020,9,27,26.18,4.72
12.75,75.25,2020,9,27,24.28,4.21
12.75,75.75,2020,9,27,22.12,4.21
12.75,76.25,2020,9,27,21.52,4.72
12.75,76.75,2020,9,27,22.31,4.72
12.75,77.25,2020,9,27,22.41,4.8
8.25,74.25,2020,9,28,27.55,6.43
8.25,74.75,2020,9,28,27.62,6.43
8.25,75.25,2020,9,28,27.64,6.16
8.25,75.75,2020,9,28,27.55,6.16
8.25,76.25,2020,9,28,27.36,5.62
8.25,76.75,2020,9,28,26.65,5.62
8.25,77.25,2020,9,28,26.09,5.51
8.75,74.25,2020,9,28,27.69,6.43
8.75,74.75,2020,9,28,27.73,6.43
8.75,75.25,2020,9,28,27.69,6.16
8.75,75.75,2020,9,28,27.55,6.16
8.75,76.25,2020,9,28,27.3,5.62
8.75,76.75,2020,9,28,25.83,5.62
8.75,77.25,2020,9,28,25.33,5.51
9.25,74.25,2020,9,28,27.81,5.77
9.25,74.75,2020,9,28,27.81,5.77
9.25,75.25,2020,9,28,27.71,5.44
9.25,75.75,2020,9,28,27.49,5.44
9.25,76.25,2020,9,28,27.14,4.75
9.25,76.75,2020,9,28,24.98,4.75
9.25,77.25,2020,9,28,24.8,5.49
9.75,74.25,2020,9,28,27.81,5.77
9.75,74.75,2020,9,28,27.76,5.77
9.75,75.25,2020,9,28,27.62,5.44
9.75,75.75,2020,9,28,27.29,5.44
9.75,76.25,2020,9,28,26.6,4.75
9.75,76.75,2020,9,28,23.74,4.75
9.75,77.25,2020,9,28,23.89,5.49
10.25,74.25,2020,9,28,27.73,5.76
10.25,74.75,2020,9,28,27.63,5.76
10.25,75.25,2020,9,28,27.44,5.86
10.25,75.75,2020,9,28,27,5.86
10.25,76.25,2020,9,28,25.94,5.36
10.25,76.75,2020,9,28,23.33,5.36
10.25,77.25,2020,9,28,23.85,5.79
10.75,74.25,2020,9,28,27.58,5.76
10.75,74.75,2020,9,28,27.45,5.76
10.75,75.25,2020,9,28,27.18,5.86
10.75,75.75,2020,9,28,26.5,5.86
10.75,76.25,2020,9,28,24.96,5.36
10.75,76.75,2020,9,28,23.82,5.36
10.75,77.25,2020,9,28,24.98,5.79
11.25,74.25,2020,9,28,27.39,5.84
11.25,74.75,2020,9,28,27.24,5.84
11.25,75.25,2020,9,28,26.74,6.15
11.25,75.75,2020,9,28,25.58,6.15
11.25,76.25,2020,9,28,23.48,5.75
11.25,76.75,2020,9,28,23.68,5.75
11.25,77.25,2020,9,28,25.47,5.68
11.75,74.25,2020,9,28,27.24,5.84
11.75,74.75,2020,9,28,26.94,5.84
11.75,75.25,2020,9,28,25.96,6.15
11.75,75.75,2020,9,28,24.35,6.15
11.75,76.25,2020,9,28,22.68,5.75
11.75,76.75,2020,9,28,23.51,5.75
11.75,77.25,2020,9,28,24.93,5.68
12.25,74.25,2020,9,28,27.14,5.82
12.25,74.75,2020,9,28,26.55,5.82
12.25,75.25,2020,9,28,25.05,5.42
12.25,75.75,2020,9,28,23.2,5.42
12.25,76.25,2020,9,28,22.64,5.52
12.25,76.75,2020,9,28,23.68,5.52
12.25,77.25,2020,9,28,24.24,5.58
12.75,74.25,2020,9,28,27.06,5.82
12.75,74.75,2020,9,28,26.22,5.82
12.75,75.25,2020,9,28,24.44,5.42
12.75,75.75,2020,9,28,22.58,5.42
12.75,76.25,2020,9,28,22.54,5.52
12.75,76.75,2020,9,28,23.47,5.52
12.75,77.25,2020,9,28,23.6,5.58
8.25,74.25,2020,9,29,27.6,5.62
8.25,74.75,2020,9,29,27.72,5.62
8.25,75.25,2020,9,29,27.82,5.37
8.25,75.75,2020,9,29,27.86,5.37
8.25,76.25,2020,9,29,27.76,5.27
8.25,76.75,2020,9,29,27.04,5.27
8.25,77.25,2020,9,29,26.44,4.74
8.75,74.25,2020,9,29,27.57,5.62
8.75,74.75,2020,9,29,27.65,5.62
8.75,75.25,2020,9,29,27.68,5.37
8.75,75.75,2020,9,29,27.63,5.37
8.75,76.25,2020,9,29,27.49,5.27
8.75,76.75,2020,9,29,26.02,5.27
8.75,77.25,2020,9,29,25.5,4.74
9.25,74.25,2020,9,29,27.54,5.45
9.25,74.75,2020,9,29,27.58,5.45
9.25,75.25,2020,9,29,27.57,5.35
9.25,75.75,2020,9,29,27.46,5.35
9.25,76.25,2020,9,29,27.21,4.03
9.25,76.75,2020,9,29,24.95,4.03
9.25,77.25,2020,9,29,24.64,4.39
9.75,74.25,2020,9,29,27.52,5.45
9.75,74.75,2020,9,29,27.52,5.45
9.75,75.25,2020,9,29,27.47,5.35
9.75,75.75,2020,9,29,27.25,5.35
9.75,76.25,2020,9,29,26.65,4.03
9.75,76.75,2020,9,29,23.61,4.03
9.75,77.25,2020,9,29,23.41,4.39
10.25,74.25,2020,9,29,27.5,5.62
10.25,74.75,2020,9,29,27.48,5.62
10.25,75.25,2020,9,29,27.38,5.26
10.25,75.75,2020,9,29,27.01,5.26
10.25,76.25,2020,9,29,26,4
10.25,76.75,2020,9,29,23.26,4
10.25,77.25,2020,9,29,23.28,5.22
10.75,74.25,2020,9,29,27.47,5.62
10.75,74.75,2020,9,29,27.42,5.62
10.75,75.25,2020,9,29,27.2,5.26
10.75,75.75,2020,9,29,26.54,5.26
10.75,76.25,2020,9,29,25,4
10.75,76.75,2020,9,29,23.72,4
10.75,77.25,2020,9,29,24.37,5.22
11.25,74.25,2020,9,29,27.42,5.71
11.25,74.75,2020,9,29,27.33,5.71
11.25,75.25,2020,9,29,26.84,5.25
11.25,75.75,2020,9,29,25.63,5.25
11.25,76.25,2020,9,29,23.44,4.6
11.25,76.75,2020,9,29,23.3,4.6
11.25,77.25,2020,9,29,24.62,4.81
11.75,74.25,2020,9,29,27.39,5.71
11.75,74.75,2020,9,29,27.13,5.71
11.75,75.25,2020,9,29,26.13,5.25
11.75,75.75,2020,9,29,24.4,5.25
11.75,76.25,2020,9,29,22.5,4.6
11.75,76.75,2020,9,29,22.86,4.6
11.75,77.25,2020,9,29,23.97,4.81
12.25,74.25,2020,9,29,27.39,5.62
12.25,74.75,2020,9,29,26.8,5.62
12.25,75.25,2020,9,29,25.25,4.63
12.25,75.75,2020,9,29,23.27,4.63
12.25,76.25,2020,9,29,22.41,4.78
12.25,76.75,2020,9,29,23.09,4.78
12.25,77.25,2020,9,29,23.58,4.73
12.75,74.25,2020,9,29,27.35,5.62
12.75,74.75,2020,9,29,26.46,5.62
12.75,75.25,2020,9,29,24.64,4.63
12.75,75.75,2020,9,29,22.69,4.63
12.75,76.25,2020,9,29,22.42,4.78
12.75,76.75,2020,9,29,23.15,4.78
12.75,77.25,2020,9,29,23.26,4.73
8.25,74.25,2020,9,30,27.63,5.46
8.25,74.75,2020,9,30,27.53,5.46
8.25,75.25,2020,9,30,27.46,4.12
8.25,75.75,2020,9,30,27.41,4.12
8.25,76.25,2020,9,30,27.33,3.58
8.25,76.75,2020,9,30,26.77,3.58
8.25,77.25,2020,9,30,26.26,4.76
8.75,74.25,2020,9,30,27.51,5.46
8.75,74.75,2020,9,30,27.4,5.46
8.75,75.25,2020,9,30,27.28,4.12
8.75,75.75,2020,9,30,27.16,4.12
8.75,76.25,2020,9,30,27.03,3.58
8.75,76.75,2020,9,30,25.75,3.58
8.75,77.25,2020,9,30,25.29,4.76
9.25,74.25,2020,9,30,27.33,5.75
9.25,74.75,2020,9,30,27.28,5.75
9.25,75.25,2020,9,30,27.2,5.16
9.25,75.75,2020,9,30,27.07,5.16
9.25,76.25,2020,9,30,26.88,5.5
9.25,76.75,2020,9,30,24.78,5.5
9.25,77.25,2020,9,30,24.57,5.6
9.75,74.25,2020,9,30,27.28,5.75
9.75,74.75,2020,9,30,27.25,5.75
9.75,75.25,2020,9,30,27.17,5.16
9.75,75.75,2020,9,30,26.97,5.16
9.75,76.25,2020,9,30,26.49,5.5
9.75,76.75,2020,9,30,23.56,5.5
9.75,77.25,2020,9,30,23.32,5.6
10.25,74.25,2020,9,30,27.28,5.88
10.25,74.75,2020,9,30,27.25,5.88
10.25,75.25,2020,9,30,27.13,5.86
10.25,75.75,2020,9,30,26.77,5.86
10.25,76.25,2020,9,30,25.84,5.04
10.25,76.75,2020,9,30,23.1,5.04
10.25,77.25,2020,9,30,22.94,5.66
10.75,74.25,2020,9,30,27.27,5.88
10.75,74.75,2020,9,30,27.23,5.88
10.75,75.25,2020,9,30,27.02,5.86
10.75,75.75,2020,9,30,26.33,5.86
10.75,76.25,2020,9,30,24.69,5.04
10.75,76.75,2020,9,30,23.31,5.04
10.75,77.25,2020,9,30,23.79,5.66
11.25,74.25,2020,9,30,27.25,5.59
11.25,74.75,2020,9,30,27.2,5.59
11.25,75.25,2020,9,30,26.71,5.33
11.25,75.75,2020,9,30,25.43,5.33
11.25,76.25,2020,9,30,23.07,4.6
11.25,76.75,2020,9,30,22.76,4.6
11.25,77.25,2020,9,30,23.95,5.13
11.75,74.25,2020,9,30,27.25,5.59
11.75,74.75,2020,9,30,27.04,5.59
11.75,75.25,2020,9,30,25.99,5.33
11.75,75.75,2020,9,30,24.14,5.33
11.75,76.25,2020,9,30,22.17,4.6
11.75,76.75,2020,9,30,22.35,4.6
11.75,77.25,2020,9,30,23.25,5.13
12.25,74.25,2020,9,30,27.24,5.85
12.25,74.75,2020,9,30,26.65,5.85
12.25,75.25,2020,9,30,25,4.96
12.25,75.75,2020,9,30,22.89,4.96
12.25,76.25,2020,9,30,21.99,4.8
12.25,76.75,2020,9,30,22.47,4.8
12.25,77.25,2020,9,30,22.71,4.59
12.75,74.25,2020,9,30,27.13,5.85
12.75,74.75,2020,9,30,26.19,5.85
12.75,75.25,2020,9,30,24.28,4.96
12.75,75.75,2020,9,30,22.2,4.96
12.75,76.25,2020,9,30,21.75,4.8
12.75,76.75,2020,9,30,22.26,4.8
12.75,77.25,2020,9,30,22.3,4.59
8.25,74.25,2020,10,1,27.76,6.2
8.25,74.75,2020,10,1,27.78,6.2
8.25,75.25,2020,10,1,27.72,6.24
8.25,75.75,2020,10,1,27.58,6.24
8.25,76.25,2020,10,1,27.34,5.63
8.25,76.75,2020,10,1,26.69,5.63
8.25,77.25,2020,10,1,26.33,6.11
8.75,74.25,2020,10,1,27.57,6.2
8.75,74.75,2020,10,1,27.55,6.2
8.75,75.25,2020,10,1,27.47,6.24
8.75,75.75,2020,10,1,27.33,6.24
8.75,76.25,2020,10,1,27.12,5.63
8.75,76.75,2020,10,1,25.78,5.63
8.75,77.25,2020,10,1,25.44,6.11
9.25,74.25,2020,10,1,27.39,6.27
9.25,74.75,2020,10,1,27.34,6.27
9.25,75.25,2020,10,1,27.28,6.03
9.25,75.75,2020,10,1,27.16,6.03
9.25,76.25,2020,10,1,26.92,6.24
9.25,76.75,2020,10,1,24.77,6.24
9.25,77.25,2020,10,1,24.59,6.17
9.75,74.25,2020,10,1,27.32,6.27
9.75,74.75,2020,10,1,27.27,6.27
9.75,75.25,2020,10,1,27.21,6.03
9.75,75.75,2020,10,1,27,6.03
9.75,76.25,2020,10,1,26.42,6.24
9.75,76.75,2020,10,1,23.42,6.24
9.75,77.25,2020,10,1,23.18,6.17
10.25,74.25,2020,10,1,27.27,6.39
10.25,74.75,2020,10,1,27.22,6.39
10.25,75.25,2020,10,1,27.11,6.34
10.25,75.75,2020,10,1,26.73,6.34
10.25,76.25,2020,10,1,25.69,6.5
10.25,76.75,2020,10,1,22.9,6.5
10.25,77.25,2020,10,1,22.81,6.42
10.75,74.25,2020,10,1,27.19,6.39
10.75,74.75,2020,10,1,27.14,6.39
10.75,75.25,2020,10,1,26.92,6.34
10.75,75.75,2020,10,1,26.21,6.34
10.75,76.25,2020,10,1,24.52,6.5
10.75,76.75,2020,10,1,23.09,6.5
10.75,77.25,2020,10,1,23.77,6.42
11.25,74.25,2020,10,1,27.09,6.32
11.25,74.75,2020,10,1,27.02,6.32
11.25,75.25,2020,10,1,26.56,6.56
11.25,75.75,2020,10,1,25.34,6.56
11.25,76.25,2020,10,1,22.97,5.54
11.25,76.75,2020,10,1,22.59,5.54
11.25,77.25,2020,10,1,23.9,5.94
11.75,74.25,2020,10,1,26.96,6.32
11.75,74.75,2020,10,1,26.76,6.32
11.75,75.25,2020,10,1,25.86,6.56
11.75,75.75,2020,10,1,24.21,6.56
11.75,76.25,2020,10,1,22.28,5.54
11.75,76.75,2020,10,1,22.39,5.54
11.75,77.25,2020,10,1,23.23,5.94
12.25,74.25,2020,10,1,26.81,5.98
12.25,74.75,2020,10,1,26.37,5.98
12.25,75.25,2020,10,1,24.98,5.93
12.25,75.75,2020,10,1,23.11,5.93
12.25,76.25,2020,10,1,22.23,5.78
12.25,76.75,2020,10,1,22.73,5.78
12.25,77.25,2020,10,1,22.88,5.83
12.75,74.25,2020,10,1,26.7,5.98
12.75,74.75,2020,10,1,25.98,5.98
12.75,75.25,2020,10,1,24.25,5.93
12.75,75.75,2020,10,1,22.22,5.93
12.75,76.25,2020,10,1,21.69,5.78
12.75,76.75,2020,10,1,22.25,5.78
12.75,77.25,2020,10,1,22.28,5.83
8.25,74.25,2020,10,2,27.46,5.89
8.25,74.75,2020,10,2,27.46,5.89
8.25,75.25,2020,10,2,27.4,5.71
8.25,75.75,2020,10,2,27.29,5.71
8.25,76.25,2020,10,2,27.14,5.78
8.25,76.75,2020,10,2,26.51,5.78
8.25,77.25,2020,10,2,26.17,6.07
8.75,74.25,2020,10,2,27.3,5.89
8.75,74.75,2020,10,2,27.28,5.89
8.75,75.25,2020,10,2,27.2,5.71
8.75,75.75,2020,10,2,27.07,5.71
8.75,76.25,2020,10,2,26.92,5.78
8.75,76.75,2020,10,2,25.66,5.78
8.75,77.25,2020,10,2,25.33,6.07
9.25,74.25,2020,10,2,27.25,4.71
9.25,74.75,2020,10,2,27.17,4.71
9.25,75.25,2020,10,2,27.06,4.71
9.25,75.75,2020,10,2,26.91,4.71
9.25,76.25,2020,10,2,26.71,4.69
9.25,76.75,2020,10,2,24.7,4.69
9.25,77.25,2020,10,2,24.55,4.62
9.75,74.25,2020,10,2,27.26,4.71
9.75,74.75,2020,10,2,27.12,4.71
9.75,75.25,2020,10,2,26.97,4.71
9.75,75.75,2020,10,2,26.74,4.71
9.75,76.25,2020,10,2,26.26,4.69
9.75,76.75,2020,10,2,23.36,4.69
9.75,77.25,2020,10,2,23.14,4.62
10.25,74.25,2020,10,2,27.22,5.99
10.25,74.75,2020,10,2,27.05,5.99
10.25,75.25,2020,10,2,26.88,5.88
10.25,75.75,2020,10,2,26.52,5.88
10.25,76.25,2020,10,2,25.61,5.87
10.25,76.75,2020,10,2,22.87,5.87
10.25,77.25,2020,10,2,22.74,6.22
10.75,74.25,2020,10,2,27.13,5.99
10.75,74.75,2020,10,2,26.96,5.99
10.75,75.25,2020,10,2,26.72,5.88
10.75,75.75,2020,10,2,26.1,5.88
10.75,76.25,2020,10,2,24.53,5.87
10.75,76.75,2020,10,2,23.26,5.87
10.75,77.25,2020,10,2,24.01,6.22
11.25,74.25,2020,10,2,27.03,6.47
11.25,74.75,2020,10,2,26.86,6.47
11.25,75.25,2020,10,2,26.38,6.62
11.25,75.75,2020,10,2,25.25,6.62
11.25,76.25,2020,10,2,23.02,5.81
11.25,76.75,2020,10,2,23.03,5.81
11.25,77.25,2020,10,2,24.61,6.04
11.75,74.25,2020,10,2,26.89,6.47
11.75,74.75,2020,10,2,26.63,6.47
11.75,75.25,2020,10,2,25.7,6.62
11.75,75.75,2020,10,2,24.08,6.62
11.75,76.25,2020,10,2,22.24,5.81
11.75,76.75,2020,10,2,22.8,5.81
11.75,77.25,2020,10,2,24.01,6.04
12.25,74.25,2020,10,2,26.75,6.61
12.25,74.75,2020,10,2,26.27,6.61
12.25,75.25,2020,10,2,24.83,5.89
12.25,75.75,2020,10,2,22.94,5.89
12.25,76.25,2020,10,2,22.18,5.71
12.25,76.75,2020,10,2,22.99,5.71
12.25,77.25,2020,10,2,23.45,5.4
12.75,74.25,2020,10,2,26.82,6.61
12.75,74.75,2020,10,2,26.06,6.61
12.75,75.25,2020,10,2,24.27,5.89
12.75,75.75,2020,10,2,22.28,5.89
12.75,76.25,2020,10,2,22.04,5.71
12.75,76.75,2020,10,2,22.86,5.71
12.75,77.25,2020,10,2,23.03,5.4
8.25,74.25,2020,10,3,27.39,6.61
8.25,74.75,2020,10,3,27.39,6.61
8.25,75.25,2020,10,3,27.35,6.59
8.25,75.75,2020,10,3,27.28,6.59
8.25,76.25,2020,10,3,27.17,6.53
8.25,76.75,2020,10,3,26.52,6.53
8.25,77.25,2020,10,3,26.15,6.77
8.75,74.25,2020,10,3,27.28,6.61
8.75,74.75,2020,10,3,27.29,6.61
8.75,75.25,2020,10,3,27.29,6.59
8.75,75.75,2020,10,3,27.22,6.59
8.75,76.25,2020,10,3,27.06,6.53
8.75,76.75,2020,10,3,25.56,6.53
8.75,77.25,2020,10,3,25.03,6.77
9.25,74.25,2020,10,3,27.35,6.13
9.25,74.75,2020,10,3,27.44,6.13
9.25,75.25,2020,10,3,27.46,6
9.25,75.75,2020,10,3,27.34,6
9.25,76.25,2020,10,3,27.02,5.9
9.25,76.75,2020,10,3,24.58,5.9
9.25,77.25,2020,10,3,24.12,6.23
9.75,74.25,2020,10,3,27.53,6.13
9.75,74.75,2020,10,3,27.65,6.13
9.75,75.25,2020,10,3,27.64,6
9.75,75.75,2020,10,3,27.37,6
9.75,76.25,2020,10,3,26.68,5.9
9.75,76.75,2020,10,3,23.43,5.9
9.75,77.25,2020,10,3,23.01,6.23
10.25,74.25,2020,10,3,27.68,6.1
10.25,74.75,2020,10,3,27.72,6.1
10.25,75.25,2020,10,3,27.58,5.97
10.25,75.75,2020,10,3,27.09,5.97
10.25,76.25,2020,10,3,26.03,5.55
10.25,76.75,2020,10,3,23.15,5.55
10.25,77.25,2020,10,3,23.08,6.33
10.75,74.25,2020,10,3,27.79,6.1
10.75,74.75,2020,10,3,27.67,6.1
10.75,75.25,2020,10,3,27.3,5.97
10.75,75.75,2020,10,3,26.47,5.97
10.75,76.25,2020,10,3,24.85,5.55
10.75,76.75,2020,10,3,23.58,5.55
10.75,77.25,2020,10,3,24.43,6.33
11.25,74.25,2020,10,3,27.76,6.32
11.25,74.75,2020,10,3,27.46,6.32
11.25,75.25,2020,10,3,26.72,6.54
11.25,75.75,2020,10,3,25.32,6.54
11.25,76.25,2020,10,3,23.02,5.38
11.25,76.75,2020,10,3,22.89,5.38
11.25,77.25,2020,10,3,24.47,5.4
11.75,74.25,2020,10,3,27.46,6.32
11.75,74.75,2020,10,3,26.98,6.32
11.75,75.25,2020,10,3,25.74,6.54
11.75,75.75,2020,10,3,23.81,6.54
11.75,76.25,2020,10,3,21.75,5.38
11.75,76.75,2020,10,3,21.94,5.38
11.75,77.25,2020,10,3,23.15,5.4
12.25,74.25,2020,10,3,27.01,5.86
12.25,74.75,2020,10,3,26.32,5.86
12.25,75.25,2020,10,3,24.66,5.32
12.25,75.75,2020,10,3,22.52,5.32
12.25,76.25,2020,10,3,21.4,5.45
12.25,76.75,2020,10,3,21.93,5.45
12.25,77.25,2020,10,3,22.47,5.41
12.75,74.25,2020,10,3,26.79,5.86
12.75,74.75,2020,10,3,25.86,5.86
12.75,75.25,2020,10,3,23.98,5.32
12.75,75.75,2020,10,3,21.89,5.32
12.75,76.25,2020,10,3,21.32,5.45
12.75,76.75,2020,10,3,22.14,5.45
12.75,77.25,2020,10,3,22.42,5.41
8.25,74.25,2020,10,4,27.59,6.4
8.25,74.75,2020,10,4,27.57,6.4
8.25,75.25,2020,10,4,27.52,6.39
8.25,75.75,2020,10,4,27.42,6.39
8.25,76.25,2020,10,4,27.28,6.58
8.25,76.75,2020,10,4,26.61,6.58
8.25,77.25,2020,10,4,26.27,6.61
8.75,74.25,2020,10,4,27.47,6.4
8.75,74.75,2020,10,4,27.47,6.4
8.75,75.25,2020,10,4,27.43,6.39
8.75,75.75,2020,10,4,27.31,6.39
8.75,76.25,2020,10,4,27.12,6.58
8.75,76.75,2020,10,4,25.64,6.58
8.75,77.25,2020,10,4,25.17,6.61
9.25,74.25,2020,10,4,27.4,6.4
9.25,74.75,2020,10,4,27.39,6.4
9.25,75.25,2020,10,4,27.33,6.59
9.25,75.75,2020,10,4,27.19,6.59
9.25,76.25,2020,10,4,26.92,6.44
9.25,76.75,2020,10,4,24.62,6.44
9.25,77.25,2020,10,4,24.21,6.45
9.75,74.25,2020,10,4,27.34,6.4
9.75,74.75,2020,10,4,27.31,6.4
9.75,75.25,2020,10,4,27.24,6.59
9.75,75.75,2020,10,4,27.01,6.59
9.75,76.25,2020,10,4,26.46,6.44
9.75,76.75,2020,10,4,23.34,6.44
9.75,77.25,2020,10,4,22.85,6.45
10.25,74.25,2020,10,4,27.36,6.2
10.25,74.75,2020,10,4,27.31,6.2
10.25,75.25,2020,10,4,27.21,6.16
10.25,75.75,2020,10,4,26.84,6.16
10.25,76.25,2020,10,4,25.85,5.96
10.25,76.75,2020,10,4,23.03,5.96
10.25,77.25,2020,10,4,22.77,6.19
10.75,74.25,2020,10,4,27.54,6.2
10.75,74.75,2020,10,4,27.49,6.2
10.75,75.25,2020,10,4,27.23,6.16
10.75,75.75,2020,10,4,26.5,6.16
10.75,76.25,2020,10,4,24.86,5.96
10.75,76.75,2020,10,4,23.64,5.96
10.75,77.25,2020,10,4,24.36,6.19
11.25,74.25,2020,10,4,27.74,6.03
11.25,74.75,2020,10,4,27.61,6.03
11.25,75.25,2020,10,4,26.98,5.73
11.25,75.75,2020,10,4,25.57,5.73
11.25,76.25,2020,10,4,23.24,5.12
11.25,76.75,2020,10,4,23.3,5.12
11.25,77.25,2020,10,4,24.84,5.01
11.75,74.25,2020,10,4,27.69,6.03
11.75,74.75,2020,10,4,27.26,6.03
11.75,75.25,2020,10,4,26,5.73
11.75,75.75,2020,10,4,24.05,5.73
11.75,76.25,2020,10,4,22.14,5.12
11.75,76.75,2020,10,4,22.62,5.12
11.75,77.25,2020,10,4,23.72,5.01
12.25,74.25,2020,10,4,27.35,5.5
12.25,74.75,2020,10,4,26.54,5.5
12.25,75.25,2020,10,4,24.73,4.14
12.25,75.75,2020,10,4,22.58,4.14
12.25,76.25,2020,10,4,21.72,4.11
12.25,76.75,2020,10,4,22.35,4.11
12.25,77.25,2020,10,4,22.68,4.36
12.75,74.25,2020,10,4,27.02,5.5
12.75,74.75,2020,10,4,25.97,5.5
12.75,75.25,2020,10,4,23.97,4.14
12.75,75.75,2020,10,4,21.82,4.14
12.75,76.25,2020,10,4,21.3,4.11
12.75,76.75,2020,10,4,21.82,4.11
12.75,77.25,2020,10,4,21.84,4.36
8.25,74.25,2020,10,5,27.64,6.89
8.25,74.75,2020,10,5,27.68,6.89
8.25,75.25,2020,10,5,27.66,6.72
8.25,75.75,2020,10,5,27.59,6.72
8.25,76.25,2020,10,5,27.46,6.84
8.25,76.75,2020,10,5,26.75,6.84
8.25,77.25,2020,10,5,26.47,7.08
8.75,74.25,2020,10,5,27.61,6.89
8.75,74.75,2020,10,5,27.65,6.89
8.75,75.25,2020,10,5,27.64,6.72
8.75,75.75,2020,10,5,27.54,6.72
8.75,76.25,2020,10,5,27.36,6.84
8.75,76.75,2020,10,5,25.9,6.84
8.75,77.25,2020,10,5,25.71,7.08
9.25,74.25,2020,10,5,27.6,6.72
9.25,74.75,2020,10,5,27.63,6.72
9.25,75.25,2020,10,5,27.59,6.72
9.25,75.75,2020,10,5,27.44,6.72
9.25,76.25,2020,10,5,27.16,6.98
9.25,76.75,2020,10,5,24.94,6.98
9.25,77.25,2020,10,5,25.02,7.02
9.75,74.25,2020,10,5,27.61,6.72
9.75,74.75,2020,10,5,27.61,6.72
9.75,75.25,2020,10,5,27.53,6.72
9.75,75.75,2020,10,5,27.26,6.72
9.75,76.25,2020,10,5,26.65,6.98
9.75,76.75,2020,10,5,23.65,6.98
9.75,77.25,2020,10,5,23.73,7.02
10.25,74.25,2020,10,5,27.62,6.39
10.25,74.75,2020,10,5,27.57,6.39
10.25,75.25,2020,10,5,27.41,6.43
10.25,75.75,2020,10,5,26.96,6.43
10.25,76.25,2020,10,5,25.92,6.45
10.25,76.75,2020,10,5,23.2,6.45
10.25,77.25,2020,10,5,23.51,6.8
10.75,74.25,2020,10,5,27.6,6.39
10.75,74.75,2020,10,5,27.48,6.39
10.75,75.25,2020,10,5,27.17,6.43
10.75,75.75,2020,10,5,26.42,6.43
10.75,76.25,2020,10,5,24.82,6.45
10.75,76.75,2020,10,5,23.68,6.45
10.75,77.25,2020,10,5,24.84,6.8
11.25,74.25,2020,10,5,27.53,5.65
11.25,74.75,2020,10,5,27.33,5.65
11.25,75.25,2020,10,5,26.73,6.12
11.25,75.75,2020,10,5,25.45,6.12
11.25,76.25,2020,10,5,23.24,5.72
11.25,76.75,2020,10,5,23.39,5.72
11.25,77.25,2020,10,5,25.17,6.27
11.75,74.25,2020,10,5,27.41,5.65
11.75,74.75,2020,10,5,27.03,5.65
11.75,75.25,2020,10,5,25.92,6.12
11.75,75.75,2020,10,5,24.13,6.12
11.75,76.25,2020,10,5,22.29,5.72
11.75,76.75,2020,10,5,22.89,5.72
11.75,77.25,2020,10,5,24.15,6.27
12.25,74.25,2020,10,5,27.27,5.41
12.25,74.75,2020,10,5,26.59,5.41
12.25,75.25,2020,10,5,24.92,5.22
12.25,75.75,2020,10,5,22.87,5.22
12.25,76.25,2020,10,5,22.06,5.29
12.25,76.75,2020,10,5,22.89,5.29
12.25,77.25,2020,10,5,23.36,5.61
12.75,74.25,2020,10,5,27.11,5.41
12.75,74.75,2020,10,5,26.13,5.41
12.75,75.25,2020,10,5,24.18,5.22
12.75,75.75,2020,10,5,22.08,5.22
12.75,76.25,2020,10,5,21.74,5.29
12.75,76.75,2020,10,5,22.59,5.29
12.75,77.25,2020,10,5,22.73,5.61
8.25,74.25,2020,10,6,27.73,6.82
8.25,74.75,2020,10,6,27.75,6.82
8.25,75.25,2020,10,6,27.72,6.9
8.25,75.75,2020,10,6,27.62,6.9
8.25,76.25,2020,10,6,27.44,6.74
8.25,76.75,2020,10,6,26.7,6.74
8.25,77.25,2020,10,6,26.5,6.67
8.75,74.25,2020,10,6,27.69,6.82
8.75,74.75,2020,10,6,27.7,6.82
8.75,75.25,2020,10,6,27.66,6.9
8.75,75.75,2020,10,6,27.54,6.9
8.75,76.25,2020,10,6,27.33,6.74
8.75,76.75,2020,10,6,26.05,6.74
8.75,77.25,2020,10,6,26.08,6.67
9.25,74.25,2020,10,6,27.63,6.8
9.25,74.75,2020,10,6,27.63,6.8
9.25,75.25,2020,10,6,27.57,6.8
9.25,75.75,2020,10,6,27.43,6.8
9.25,76.25,2020,10,6,27.21,6.61
9.25,76.75,2020,10,6,25.4,6.61
9.25,77.25,2020,10,6,25.7,5.9
9.75,74.25,2020,10,6,27.58,6.8
9.75,74.75,2020,10,6,27.54,6.8
9.75,75.25,2020,10,6,27.47,6.8
9.75,75.75,2020,10,6,27.28,6.8
9.75,76.25,2020,10,6,26.82,6.61
9.75,76.75,2020,10,6,24.41,6.61
9.75,77.25,2020,10,6,24.77,5.9
10.25,74.25,2020,10,6,27.51,6.28
10.25,74.75,2020,10,6,27.45,6.28
10.25,75.25,2020,10,6,27.36,6.26
10.25,75.75,2020,10,6,27.08,6.26
10.25,76.25,2020,10,6,26.29,5.77
10.25,76.75,2020,10,6,24.07,5.77
10.25,77.25,2020,10,6,24.61,6.12
10.75,74.25,2020,10,6,27.44,6.28
10.75,74.75,2020,10,6,27.41,6.28
10.75,75.25,2020,10,6,27.25,6.26
10.75,75.75,2020,10,6,26.71,6.26
10.75,76.25,2020,10,6,25.44,5.77
10.75,76.75,2020,10,6,24.56,5.77
10.75,77.25,2020,10,6,25.76,6.12
11.25,74.25,2020,10,6,27.44,5.73
11.25,74.75,2020,10,6,27.4,5.73
11.25,75.25,2020,10,6,26.97,6.38
11.25,75.75,2020,10,6,25.91,6.38
11.25,76.25,2020,10,6,24.07,5.56
11.25,76.75,2020,10,6,24.39,5.56
11.25,77.25,2020,10,6,26.12,6.32
11.75,74.25,2020,10,6,27.48,5.73
11.75,74.75,2020,10,6,27.25,5.73
11.75,75.25,2020,10,6,26.31,6.38
11.75,75.75,2020,10,6,24.75,6.38
11.75,76.25,2020,10,6,23.27,5.56
11.75,76.75,2020,10,6,23.99,5.56
11.75,77.25,2020,10,6,25.23,6.32
12.25,74.25,2020,10,6,27.49,5.79
12.25,74.75,2020,10,6,26.93,5.79
12.25,75.25,2020,10,6,25.45,5.44
12.25,75.75,2020,10,6,23.66,5.44
12.25,76.25,2020,10,6,23.14,6.06
12.25,76.75,2020,10,6,23.95,6.06
12.25,77.25,2020,10,6,24.39,6.17
12.75,74.25,2020,10,6,27.48,5.79
12.75,74.75,2020,10,6,26.61,5.79
12.75,75.25,2020,10,6,24.85,5.44
12.75,75.75,2020,10,6,23.03,5.44
12.75,76.25,2020,10,6,22.89,6.06
12.75,76.75,2020,10,6,23.53,6.06
12.75,77.25,2020,10,6,23.56,6.17
8.25,74.25,2020,10,7,27.75,5.46
8.25,74.75,2020,10,7,27.79,5.46
8.25,75.25,2020,10,7,27.77,5.79
8.25,75.75,2020,10,7,27.67,5.79
8.25,76.25,2020,10,7,27.51,5.4
8.25,76.75,2020,10,7,26.77,5.4
8.25,77.25,2020,10,7,26.49,5.68
8.75,74.25,2020,10,7,27.75,5.46
8.75,74.75,2020,10,7,27.76,5.46
8.75,75.25,2020,10,7,27.73,5.79
8.75,75.75,2020,10,7,27.64,5.79
8.75,76.25,2020,10,7,27.46,5.4
8.75,76.75,2020,10,7,26.14,5.4
8.75,77.25,2020,10,7,25.93,5.68
9.25,74.25,2020,10,7,27.73,6.62
9.25,74.75,2020,10,7,27.75,6.62
9.25,75.25,2020,10,7,27.73,6.38
9.25,75.75,2020,10,7,27.62,6.38
9.25,76.25,2020,10,7,27.33,5.3
9.25,76.75,2020,10,7,25.34,5.3
9.25,77.25,2020,10,7,25.4,5.53
9.75,74.25,2020,10,7,27.74,6.62
9.75,74.75,2020,10,7,27.77,6.62
9.75,75.25,2020,10,7,27.73,6.38
9.75,75.75,2020,10,7,27.52,6.38
9.75,76.25,2020,10,7,26.97,5.3
9.75,76.75,2020,10,7,24.26,5.3
9.75,77.25,2020,10,7,24.5,5.53
10.25,74.25,2020,10,7,27.76,6.4
10.25,74.75,2020,10,7,27.75,6.4
10.25,75.25,2020,10,7,27.65,5.63
10.25,75.75,2020,10,7,27.29,5.63
10.25,76.25,2020,10,7,26.44,5.4
10.25,76.75,2020,10,7,23.97,5.4
10.25,77.25,2020,10,7,24.25,5.85
10.75,74.25,2020,10,7,27.74,6.4
10.75,74.75,2020,10,7,27.67,6.4
10.75,75.25,2020,10,7,27.44,5.63
10.75,75.75,2020,10,7,26.82,5.63
10.75,76.25,2020,10,7,25.44,5.4
10.75,76.75,2020,10,7,24.34,5.4
10.75,77.25,2020,10,7,25.1,5.85
11.25,74.25,2020,10,7,27.7,5.22
11.25,74.75,2020,10,7,27.6,5.22
11.25,75.25,2020,10,7,27.1,5.52
11.25,75.75,2020,10,7,25.95,5.52
11.25,76.25,2020,10,7,23.96,4.96
11.25,76.75,2020,10,7,24.04,4.96
11.25,77.25,2020,10,7,25.5,5.77
11.75,74.25,2020,10,7,27.72,5.22
11.75,74.75,2020,10,7,27.46,5.22
11.75,75.25,2020,10,7,26.47,5.52
11.75,75.75,2020,10,7,24.86,5.52
11.75,76.25,2020,10,7,23.32,4.96
11.75,76.75,2020,10,7,23.81,4.96
11.75,77.25,2020,10,7,24.94,5.77
12.25,74.25,2020,10,7,27.79,5.32
12.25,74.75,2020,10,7,27.24,5.32
12.25,75.25,2020,10,7,25.8,4.96
12.25,75.75,2020,10,7,24.03,4.96
12.25,76.25,2020,10,7,23.51,5.23
12.25,76.75,2020,10,7,24.03,5.23
12.25,77.25,2020,10,7,24.36,5.65
12.75,74.25,2020,10,7,27.83,5.32
12.75,74.75,2020,10,7,27.05,5.32
12.75,75.25,2020,10,7,25.42,4.96
12.75,75.75,2020,10,7,23.68,4.96
12.75,76.25,2020,10,7,23.43,5.23
12.75,76.75,2020,10,7,23.77,5.23
12.75,77.25,2020,10,7,23.71,5.65
8.25,74.25,2020,10,8,27.91,4.9
8.25,74.75,2020,10,8,27.88,4.9
8.25,75.25,2020,10,8,27.85,4.5
8.25,75.75,2020,10,8,27.8,4.5
8.25,76.25,2020,10,8,27.66,4.4
8.25,76.75,2020,10,8,26.78,4.4
8.25,77.25,2020,10,8,26.25,4.47
8.75,74.25,2020,10,8,27.91,4.9
8.75,74.75,2020,10,8,27.91,4.9
8.75,75.25,2020,10,8,27.89,4.5
8.75,75.75,2020,10,8,27.79,4.5
8.75,76.25,2020,10,8,27.47,4.4
8.75,76.75,2020,10,8,25.79,4.4
8.75,77.25,2020,10,8,25.18,4.47
9.25,74.25,2020,10,8,27.88,4.68
9.25,74.75,2020,10,8,27.89,4.68
9.25,75.25,2020,10,8,27.84,4.61
9.25,75.75,2020,10,8,27.62,4.61
9.25,76.25,2020,10,8,27.08,3.83
9.25,76.75,2020,10,8,24.89,3.83
9.25,77.25,2020,10,8,24.49,3.78
9.75,74.25,2020,10,8,27.97,4.68
9.75,74.75,2020,10,8,27.98,4.68
9.75,75.25,2020,10,8,27.86,4.61
9.75,75.75,2020,10,8,27.49,4.61
9.75,76.25,2020,10,8,26.64,3.83
9.75,76.75,2020,10,8,23.99,3.83
9.75,77.25,2020,10,8,23.71,3.78
10.25,74.25,2020,10,8,28.1,4.73
10.25,74.75,2020,10,8,28.09,4.73
10.25,75.25,2020,10,8,27.91,4.71
10.25,75.75,2020,10,8,27.4,4.71
10.25,76.25,2020,10,8,26.27,3.81
10.25,76.75,2020,10,8,23.98,3.81
10.25,77.25,2020,10,8,23.92,3.91
10.75,74.25,2020,10,8,28.14,4.73
10.75,74.75,2020,10,8,28.07,4.73
10.75,75.25,2020,10,8,27.8,4.71
10.75,75.75,2020,10,8,27.07,4.71
10.75,76.25,2020,10,8,25.51,3.81
10.75,76.75,2020,10,8,24.55,3.81
10.75,77.25,2020,10,8,25.15,3.91
11.25,74.25,2020,10,8,28.14,5.17
11.25,74.75,2020,10,8,28,5.17
11.25,75.25,2020,10,8,27.49,5.13
11.25,75.75,2020,10,8,26.3,5.13
11.25,76.25,2020,10,8,24.2,4.35
11.25,76.75,2020,10,8,24.19,4.35
11.25,77.25,2020,10,8,25.43,4.73
11.75,74.25,2020,10,8,28.15,5.17
11.75,74.75,2020,10,8,27.85,5.17
11.75,75.25,2020,10,8,26.84,5.13
11.75,75.75,2020,10,8,25.18,5.13
11.75,76.25,2020,10,8,23.47,4.35
11.75,76.75,2020,10,8,23.73,4.35
11.75,77.25,2020,10,8,24.71,4.73
12.25,74.25,2020,10,8,28.16,5.26
12.25,74.75,2020,10,8,27.59,5.26
12.25,75.25,2020,10,8,26.07,4.9
12.25,75.75,2020,10,8,24.15,4.9
12.25,76.25,2020,10,8,23.33,5.11
12.25,76.75,2020,10,8,23.76,5.11
12.25,77.25,2020,10,8,24.06,5.57
12.75,74.25,2020,10,8,28.13,5.26
12.75,74.75,2020,10,8,27.32,5.26
12.75,75.25,2020,10,8,25.57,4.9
12.75,75.75,2020,10,8,23.59,4.9
12.75,76.25,2020,10,8,23.07,5.11
12.75,76.75,2020,10,8,23.46,5.11
12.75,77.25,2020,10,8,23.34,5.57
8.25,74.25,2020,10,9,27.83,5.32
8.25,74.75,2020,10,9,27.7,5.32
8.25,75.25,2020,10,9,27.56,4.84
8.25,75.75,2020,10,9,27.41,4.84
8.25,76.25,2020,10,9,27.26,5.44
8.25,76.75,2020,10,9,26.54,5.44
8.25,77.25,2020,10,9,25.97,5.89
8.75,74.25,2020,10,9,27.71,5.32
8.75,74.75,2020,10,9,27.59,5.32
8.75,75.25,2020,10,9,27.47,4.84
8.75,75.75,2020,10,9,27.3,4.84
8.75,76.25,2020,10,9,27.06,5.44
8.75,76.75,2020,10,9,25.63,5.44
8.75,77.25,2020,10,9,24.97,5.89
9.25,74.25,2020,10,9,27.7,4.74
9.25,74.75,2020,10,9,27.57,4.74
9.25,75.25,2020,10,9,27.43,4.61
9.25,75.75,2020,10,9,27.22,4.61
9.25,76.25,2020,10,9,26.85,5.22
9.25,76.75,2020,10,9,24.76,5.22
9.25,77.25,2020,10,9,24.25,4.79
9.75,74.25,2020,10,9,27.75,4.74
9.75,74.75,2020,10,9,27.65,4.74
9.75,75.25,2020,10,9,27.5,4.61
9.75,75.75,2020,10,9,27.18,4.61
9.75,76.25,2020,10,9,26.48,5.22
9.75,76.75,2020,10,9,23.67,5.22
9.75,77.25,2020,10,9,23.2,4.79
10.25,74.25,2020,10,9,27.84,5.05
10.25,74.75,2020,10,9,27.75,5.05
10.25,75.25,2020,10,9,27.56,5.07
10.25,75.75,2020,10,9,27.08,5.07
10.25,76.25,2020,10,9,26.01,4.71
10.25,76.75,2020,10,9,23.43,4.71
10.25,77.25,2020,10,9,23.24,4.54
10.75,74.25,2020,10,9,27.86,5.05
10.75,74.75,2020,10,9,27.69,5.05
10.75,75.25,2020,10,9,27.37,5.07
10.75,75.75,2020,10,9,26.65,5.07
10.75,76.25,2020,10,9,25.1,4.71
10.75,76.75,2020,10,9,23.72,4.71
10.75,77.25,2020,10,9,24.17,4.54
11.25,74.25,2020,10,9,27.81,5.14
11.25,74.75,2020,10,9,27.57,5.14
11.25,75.25,2020,10,9,26.98,4.99
11.25,75.75,2020,10,9,25.74,4.99
11.25,76.25,2020,10,9,23.59,4.78
11.25,76.75,2020,10,9,22.95,4.78
11.25,77.25,2020,10,9,24,4.58
11.75,74.25,2020,10,9,27.82,5.14
11.75,74.75,2020,10,9,27.45,5.14
11.75,75.25,2020,10,9,26.37,4.99
11.75,75.75,2020,10,9,24.61,4.99
11.75,76.25,2020,10,9,22.78,4.78
11.75,76.75,2020,10,9,22.46,4.78
11.75,77.25,2020,10,9,23.28,4.58
12.25,74.25,2020,10,9,27.9,5.1
12.25,74.75,2020,10,9,27.25,5.1
12.25,75.25,2020,10,9,25.69,3.74
12.25,75.75,2020,10,9,23.75,3.74
12.25,76.25,2020,10,9,22.88,4.15
12.25,76.75,2020,10,9,23.08,4.15
12.25,77.25,2020,10,9,23.24,4.64
12.75,74.25,2020,10,9,27.9,5.1
12.75,74.75,2020,10,9,27,5.1
12.75,75.25,2020,10,9,25.26,3.74
12.75,75.75,2020,10,9,23.39,3.74
12.75,76.25,2020,10,9,22.96,4.15
12.75,76.75,2020,10,9,23.42,4.15
12.75,77.25,2020,10,9,23.31,4.64
8.25,74.25,2020,10,10,27.77,4.25
8.25,74.75,2020,10,10,27.65,4.25
8.25,75.25,2020,10,10,27.54,3.63
8.25,75.75,2020,10,10,27.41,3.63
8.25,76.25,2020,10,10,27.27,3.47
8.25,76.75,2020,10,10,26.57,3.47
8.25,77.25,2020,10,10,26.18,4.29
8.75,74.25,2020,10,10,27.65,4.25
8.75,74.75,2020,10,10,27.56,4.25
8.75,75.25,2020,10,10,27.47,3.63
8.75,75.75,2020,10,10,27.33,3.63
8.75,76.25,2020,10,10,27.11,3.47
8.75,76.75,2020,10,10,25.59,3.47
8.75,77.25,2020,10,10,25.15,4.29
9.25,74.25,2020,10,10,27.49,3.42
9.25,74.75,2020,10,10,27.39,3.42
9.25,75.25,2020,10,10,27.3,3.91
9.25,75.75,2020,10,10,27.15,3.91
9.25,76.25,2020,10,10,26.89,4.19
9.25,76.75,2020,10,10,24.48,4.19
9.25,77.25,2020,10,10,24.21,4.67
9.75,74.25,2020,10,10,27.38,3.42
9.75,74.75,2020,10,10,27.26,3.42
9.75,75.25,2020,10,10,27.17,3.91
9.75,75.75,2020,10,10,27,3.91
9.75,76.25,2020,10,10,26.5,4.19
9.75,76.75,2020,10,10,23.16,4.19
9.75,77.25,2020,10,10,22.82,4.67
10.25,74.25,2020,10,10,27.37,3.82
10.25,74.75,2020,10,10,27.24,3.82
10.25,75.25,2020,10,10,27.13,4.11
10.25,75.75,2020,10,10,26.84,4.11
10.25,76.25,2020,10,10,25.98,3.54
10.25,76.75,2020,10,10,22.95,3.54
10.25,77.25,2020,10,10,22.74,4.6
10.75,74.25,2020,10,10,27.43,3.82
10.75,74.75,2020,10,10,27.31,3.82
10.75,75.25,2020,10,10,27.09,4.11
10.75,75.75,2020,10,10,26.43,4.11
10.75,76.25,2020,10,10,24.8,3.54
10.75,76.75,2020,10,10,23.33,3.54
10.75,77.25,2020,10,10,23.95,4.6
11.25,74.25,2020,10,10,27.53,3.87
11.25,74.75,2020,10,10,27.4,3.87
11.25,75.25,2020,10,10,26.83,3.39
11.25,75.75,2020,10,10,25.4,3.39
11.25,76.25,2020,10,10,22.8,3.62
11.25,76.75,2020,10,10,22.34,3.62
11.25,77.25,2020,10,10,23.79,4.53
11.75,74.25,2020,10,10,27.65,3.87
11.75,74.75,2020,10,10,27.35,3.87
11.75,75.25,2020,10,10,26.08,3.39
11.75,75.75,2020,10,10,23.91,3.39
11.75,76.25,2020,10,10,21.58,3.62
11.75,76.75,2020,10,10,21.51,3.62
11.75,77.25,2020,10,10,22.67,4.53
12.25,74.25,2020,10,10,27.83,3.81
12.25,74.75,2020,10,10,27.12,3.81
12.25,75.25,2020,10,10,25.21,3.63
12.25,75.75,2020,10,10,22.77,3.63
12.25,76.25,2020,10,10,21.58,4.87
12.25,76.75,2020,10,10,21.99,4.87
12.25,77.25,2020,10,10,22.48,5.21
12.75,74.25,2020,10,10,27.88,3.81
12.75,74.75,2020,10,10,26.78,3.81
12.75,75.25,2020,10,10,24.64,3.63
12.75,75.75,2020,10,10,22.34,3.63
12.75,76.25,2020,10,10,21.78,4.87
12.75,76.75,2020,10,10,22.36,4.87
12.75,77.25,2020,10,10,22.53,5.21
8.25,74.25,2020,10,11,28.08,4.48
8.25,74.75,2020,10,11,28.02,4.48
8.25,75.25,2020,10,11,27.9,4.63
8.25,75.75,2020,10,11,27.73,4.63
8.25,76.25,2020,10,11,27.55,4
8.25,76.75,2020,10,11,26.7,4
8.25,77.25,2020,10,11,25.95,3.85
8.75,74.25,2020,10,11,28.16,4.48
8.75,74.75,2020,10,11,28.06,4.48
8.75,75.25,2020,10,11,27.87,4.63
8.75,75.75,2020,10,11,27.6,4.63
8.75,76.25,2020,10,11,27.25,4
8.75,76.75,2020,10,11,25.42,4
8.75,77.25,2020,10,11,24.49,3.85
9.25,74.25,2020,10,11,28.13,3.61
9.25,74.75,2020,10,11,27.9,3.61
9.25,75.25,2020,10,11,27.64,2.77
9.25,75.75,2020,10,11,27.32,2.77
9.25,76.25,2020,10,11,26.84,2.93
9.25,76.75,2020,10,11,24.08,2.93
9.25,77.25,2020,10,11,23.36,2.53
9.75,74.25,2020,10,11,27.83,3.61
9.75,74.75,2020,10,11,27.57,3.61
9.75,75.25,2020,10,11,27.36,2.77
9.75,75.75,2020,10,11,27.03,2.77
9.75,76.25,2020,10,11,26.21,2.93
9.75,76.75,2020,10,11,22.54,2.93
9.75,77.25,2020,10,11,21.82,2.53
10.25,74.25,2020,10,11,27.57,2.67
10.25,74.75,2020,10,11,27.4,2.67
10.25,75.25,2020,10,11,27.24,2.69
10.25,75.75,2020,10,11,26.79,2.69
10.25,76.25,2020,10,11,25.52,3.04
10.25,76.75,2020,10,11,22.17,3.04
10.25,77.25,2020,10,11,21.74,3.31
10.75,74.25,2020,10,11,27.46,2.67
10.75,74.75,2020,10,11,27.34,2.67
10.75,75.25,2020,10,11,27.07,2.69
10.75,75.75,2020,10,11,26.25,2.69
10.75,76.25,2020,10,11,24.25,3.04
10.75,76.75,2020,10,11,22.6,3.04
10.75,77.25,2020,10,11,23.1,3.31
11.25,74.25,2020,10,11,27.46,2.98
11.25,74.75,2020,10,11,27.3,2.98
11.25,75.25,2020,10,11,26.64,3.49
11.25,75.75,2020,10,11,25.08,3.49
11.25,76.25,2020,10,11,22.21,3.56
11.25,76.75,2020,10,11,21.81,3.56
11.25,77.25,2020,10,11,23.22,3.96
11.75,74.25,2020,10,11,27.55,2.98
11.75,74.75,2020,10,11,27.13,2.98
11.75,75.25,2020,10,11,25.78,3.49
11.75,75.75,2020,10,11,23.54,3.49
11.75,76.25,2020,10,11,21.06,3.56
11.75,76.75,2020,10,11,21.1,3.56
11.75,77.25,2020,10,11,22.29,3.96
12.25,74.25,2020,10,11,27.65,3.74
12.25,74.75,2020,10,11,26.77,3.74
12.25,75.25,2020,10,11,24.77,3.77
12.25,75.75,2020,10,11,22.3,3.77
12.25,76.25,2020,10,11,21.07,3.31
12.25,76.75,2020,10,11,21.54,3.31
12.25,77.25,2020,10,11,21.99,3.24
12.75,74.25,2020,10,11,27.76,3.74
12.75,74.75,2020,10,11,26.47,3.74
12.75,75.25,2020,10,11,24.14,3.77
12.75,75.75,2020,10,11,21.75,3.77
12.75,76.25,2020,10,11,21.23,3.31
12.75,76.75,2020,10,11,21.88,3.31
12.75,77.25,2020,10,11,21.92,3.24
8.25,74.25,2020,10,12,28.48,5.5
8.25,74.75,2020,10,12,28.48,5.5
8.25,75.25,2020,10,12,28.44,5.05
8.25,75.75,2020,10,12,28.35,5.05
8.25,76.25,2020,10,12,28.19,4.58
8.25,76.75,2020,10,12,27.42,4.58
8.25,77.25,2020,10,12,26.85,4.6
8.75,74.25,2020,10,12,28.42,5.5
8.75,74.75,2020,10,12,28.44,5.5
8.75,75.25,2020,10,12,28.44,5.05
8.75,75.75,2020,10,12,28.34,5.05
8.75,76.25,2020,10,12,28.1,4.58
8.75,76.75,2020,10,12,26.42,4.58
8.75,77.25,2020,10,12,25.64,4.6
9.25,74.25,2020,10,12,28.35,4.78
9.25,74.75,2020,10,12,28.39,4.78
9.25,75.25,2020,10,12,28.39,4.87
9.25,75.75,2020,10,12,28.26,4.87
9.25,76.25,2020,10,12,27.84,4.29
9.25,76.75,2020,10,12,25.23,4.29
9.25,77.25,2020,10,12,24.61,3.94
9.75,74.25,2020,10,12,28.29,4.78
9.75,74.75,2020,10,12,28.32,4.78
9.75,75.25,2020,10,12,28.31,4.87
9.75,75.75,2020,10,12,28.05,4.87
9.75,76.25,2020,10,12,27.21,4.29
9.75,76.75,2020,10,12,23.75,4.29
9.75,77.25,2020,10,12,23.05,3.94
10.25,74.25,2020,10,12,28.24,4.11
10.25,74.75,2020,10,12,28.24,4.11
10.25,75.25,2020,10,12,28.14,4.09
10.25,75.75,2020,10,12,27.69,4.09
10.25,76.25,2020,10,12,26.39,3.49
10.25,76.75,2020,10,12,23.26,3.49
10.25,77.25,2020,10,12,22.77,4.12
10.75,74.25,2020,10,12,28.21,4.11
10.75,74.75,2020,10,12,28.17,4.11
10.75,75.25,2020,10,12,27.89,4.09
10.75,75.75,2020,10,12,27.02,4.09
10.75,76.25,2020,10,12,25.04,3.49
10.75,76.75,2020,10,12,23.44,3.49
10.75,77.25,2020,10,12,23.9,4.12
11.25,74.25,2020,10,12,28.22,3.38
11.25,74.75,2020,10,12,28.1,3.38
11.25,75.25,2020,10,12,27.42,2.55
11.25,75.75,2020,10,12,25.81,2.55
11.25,76.25,2020,10,12,23.01,3.02
11.25,76.75,2020,10,12,22.4,3.02
11.25,77.25,2020,10,12,23.75,3.98
11.75,74.25,2020,10,12,28.17,3.38
11.75,74.75,2020,10,12,27.83,3.38
11.75,75.25,2020,10,12,26.48,2.55
11.75,75.75,2020,10,12,24.2,2.55
11.75,76.25,2020,10,12,21.74,3.02
11.75,76.75,2020,10,12,21.49,3.02
11.75,77.25,2020,10,12,22.6,3.98
12.25,74.25,2020,10,12,27.9,2.32
12.25,74.75,2020,10,12,27.2,2.32
12.25,75.25,2020,10,12,25.27,2.39
12.25,75.75,2020,10,12,22.78,2.39
12.25,76.25,2020,10,12,21.48,3.15
12.25,76.75,2020,10,12,21.75,3.15
12.25,77.25,2020,10,12,22.18,3.06
12.75,74.25,2020,10,12,27.45,2.32
12.75,74.75,2020,10,12,26.45,2.32
12.75,75.25,2020,10,12,24.38,2.39
12.75,75.75,2020,10,12,22.11,2.39
12.75,76.25,2020,10,12,21.46,3.15
12.75,76.75,2020,10,12,21.96,3.15
12.75,77.25,2020,10,12,22.04,3.06
8.25,74.25,2020,10,13,28.53,4.84
8.25,74.75,2020,10,13,28.48,4.84
8.25,75.25,2020,10,13,28.41,5.06
8.25,75.75,2020,10,13,28.3,5.06
8.25,76.25,2020,10,13,28.14,4.75
8.25,76.75,2020,10,13,27.36,4.75
8.25,77.25,2020,10,13,26.74,3.85
8.75,74.25,2020,10,13,28.35,4.84
8.75,74.75,2020,10,13,28.34,4.84
8.75,75.25,2020,10,13,28.32,5.06
8.75,75.75,2020,10,13,28.23,5.06
8.75,76.25,2020,10,13,28.02,4.75
8.75,76.75,2020,10,13,26.3,4.75
8.75,77.25,2020,10,13,25.44,3.85
9.25,74.25,2020,10,13,28.33,4.07
9.25,74.75,2020,10,13,28.32,4.07
9.25,75.25,2020,10,13,28.29,4.61
9.25,75.75,2020,10,13,28.14,4.61
9.25,76.25,2020,10,13,27.74,4.42
9.25,76.75,2020,10,13,24.94,4.42
9.25,77.25,2020,10,13,24.27,3.31
9.75,74.25,2020,10,13,28.35,4.07
9.75,74.75,2020,10,13,28.34,4.07
9.75,75.25,2020,10,13,28.28,4.61
9.75,75.75,2020,10,13,27.99,4.61
9.75,76.25,2020,10,13,27.13,4.42
9.75,76.75,2020,10,13,23.38,4.42
9.75,77.25,2020,10,13,22.84,3.31
10.25,74.25,2020,10,13,28.33,5.05
10.25,74.75,2020,10,13,28.29,5.05
10.25,75.25,2020,10,13,28.15,4.44
10.25,75.75,2020,10,13,27.66,4.44
10.25,76.25,2020,10,13,26.31,4.04
10.25,76.75,2020,10,13,22.96,4.04
10.25,77.25,2020,10,13,22.81,4.2
10.75,74.25,2020,10,13,28.25,5.05
10.75,74.75,2020,10,13,28.16,5.05
10.75,75.25,2020,10,13,27.85,4.44
10.75,75.75,2020,10,13,26.96,4.44
10.75,76.25,2020,10,13,25.01,4.04
10.75,76.75,2020,10,13,23.38,4.04
10.75,77.25,2020,10,13,24.09,4.2
11.25,74.25,2020,10,13,28.18,4.06
11.25,74.75,2020,10,13,28.02,4.06
11.25,75.25,2020,10,13,27.32,3.48
11.25,75.75,2020,10,13,25.77,3.48
11.25,76.25,2020,10,13,23.15,3.78
11.25,76.75,2020,10,13,22.74,3.78
11.25,77.25,2020,10,13,24.13,4.28
11.75,74.25,2020,10,13,28.11,4.06
11.75,74.75,2020,10,13,27.7,4.06
11.75,75.25,2020,10,13,26.34,3.48
11.75,75.75,2020,10,13,24.17,3.48
11.75,76.25,2020,10,13,22.02,3.78
11.75,76.75,2020,10,13,22.06,3.78
11.75,77.25,2020,10,13,23.07,4.28
12.25,74.25,2020,10,13,27.93,1.43
12.25,74.75,2020,10,13,27.07,1.43
12.25,75.25,2020,10,13,25.03,1.62
12.25,75.75,2020,10,13,22.55,1.62
12.25,76.25,2020,10,13,21.53,2.93
12.25,76.75,2020,10,13,21.96,2.93
12.25,77.25,2020,10,13,22.33,2.71
12.75,74.25,2020,10,13,27.56,1.43
12.75,74.75,2020,10,13,26.31,1.43
12.75,75.25,2020,10,13,23.99,1.62
12.75,75.75,2020,10,13,21.55,1.62
12.75,76.25,2020,10,13,21.02,2.93
12.75,76.75,2020,10,13,21.54,2.93
12.75,77.25,2020,10,13,21.65,2.71
8.25,74.25,2020,10,14,28.35,5.05
8.25,74.75,2020,10,14,28.28,5.05
8.25,75.25,2020,10,14,28.19,4.08
8.25,75.75,2020,10,14,28.07,4.08
8.25,76.25,2020,10,14,27.9,3.45
8.25,76.75,2020,10,14,27.22,3.45
8.25,77.25,2020,10,14,26.73,3.4
8.75,74.25,2020,10,14,28.35,5.05
8.75,74.75,2020,10,14,28.31,5.05
8.75,75.25,2020,10,14,28.26,4.08
8.75,75.75,2020,10,14,28.15,4.08
8.75,76.25,2020,10,14,27.95,3.45
8.75,76.75,2020,10,14,26.37,3.45
8.75,77.25,2020,10,14,25.69,3.4
9.25,74.25,2020,10,14,28.4,5.14
9.25,74.75,2020,10,14,28.38,5.14
9.25,75.25,2020,10,14,28.33,3.98
9.25,75.75,2020,10,14,28.19,3.98
9.25,76.25,2020,10,14,27.84,3.09
9.25,76.75,2020,10,14,25.29,3.09
9.25,77.25,2020,10,14,24.79,2.87
9.75,74.25,2020,10,14,28.44,5.14
9.75,74.75,2020,10,14,28.44,5.14
9.75,75.25,2020,10,14,28.4,3.98
9.75,75.75,2020,10,14,28.15,3.98
9.75,76.25,2020,10,14,27.33,3.09
9.75,76.75,2020,10,14,23.9,3.09
9.75,77.25,2020,10,14,23.39,2.87
10.25,74.25,2020,10,14,28.41,5.68
10.25,74.75,2020,10,14,28.4,5.68
10.25,75.25,2020,10,14,28.3,5.37
10.25,75.75,2020,10,14,27.85,5.37
10.25,76.25,2020,10,14,26.53,4.67
10.25,76.75,2020,10,14,23.41,4.67
10.25,77.25,2020,10,14,23.16,4.61
10.75,74.25,2020,10,14,28.34,5.68
10.75,74.75,2020,10,14,28.28,5.68
10.75,75.25,2020,10,14,27.99,5.37
10.75,75.75,2020,10,14,27.14,5.37
10.75,76.25,2020,10,14,25.15,4.67
10.75,76.75,2020,10,14,23.64,4.67
10.75,77.25,2020,10,14,24.27,4.61
11.25,74.25,2020,10,14,28.26,5.14
11.25,74.75,2020,10,14,28.11,5.14
11.25,75.25,2020,10,14,27.43,4.9
11.25,75.75,2020,10,14,25.86,4.9
11.25,76.25,2020,10,14,23.11,5.21
11.25,76.75,2020,10,14,22.71,5.21
11.25,77.25,2020,10,14,24.08,5.46
11.75,74.25,2020,10,14,28.25,5.14
11.75,74.75,2020,10,14,27.85,5.14
11.75,75.25,2020,10,14,26.45,4.9
11.75,75.75,2020,10,14,24.14,4.9
11.75,76.25,2020,10,14,21.71,5.21
11.75,76.75,2020,10,14,21.72,5.21
11.75,77.25,2020,10,14,22.75,5.46
12.25,74.25,2020,10,14,28.26,2.73
12.25,74.75,2020,10,14,27.36,2.73
12.25,75.25,2020,10,14,25.18,2.09
12.25,75.75,2020,10,14,22.44,2.09
12.25,76.25,2020,10,14,21.09,3.44
12.25,76.75,2020,10,14,21.57,3.44
12.25,77.25,2020,10,14,22.01,3.94
12.75,74.25,2020,10,14,28.09,2.73
12.75,74.75,2020,10,14,26.76,2.73
12.75,75.25,2020,10,14,24.26,2.09
12.75,75.75,2020,10,14,21.6,2.09
12.75,76.25,2020,10,14,20.85,3.44
12.75,76.75,2020,10,14,21.46,3.44
12.75,77.25,2020,10,14,21.67,3.94
8.25,74.25,2020,10,15,28.33,4.85
8.25,74.75,2020,10,15,28.23,4.85
8.25,75.25,2020,10,15,28.12,5.2
8.25,75.75,2020,10,15,27.95,5.2
8.25,76.25,2020,10,15,27.65,5.36
8.25,76.75,2020,10,15,26.81,5.36
8.25,77.25,2020,10,15,26.29,4.55
8.75,74.25,2020,10,15,28.37,4.85
8.75,74.75,2020,10,15,28.31,4.85
8.75,75.25,2020,10,15,28.2,5.2
8.75,75.75,2020,10,15,28,5.2
8.75,76.25,2020,10,15,27.65,5.36
8.75,76.75,2020,10,15,26.08,5.36
8.75,77.25,2020,10,15,25.46,4.55
9.25,74.25,2020,10,15,28.33,5.38
9.25,74.75,2020,10,15,28.31,5.38
9.25,75.25,2020,10,15,28.19,5.3
9.25,75.75,2020,10,15,27.94,5.3
9.25,76.25,2020,10,15,27.51,5.13
9.25,76.75,2020,10,15,25.12,5.13
9.25,77.25,2020,10,15,24.63,4.46
9.75,74.25,2020,10,15,28.3,5.38
9.75,74.75,2020,10,15,28.26,5.38
9.75,75.25,2020,10,15,28.18,5.3
9.75,75.75,2020,10,15,27.88,5.3
9.75,76.25,2020,10,15,27.1,5.13
9.75,76.75,2020,10,15,23.83,5.13
9.75,77.25,2020,10,15,23.25,4.46
10.25,74.25,2020,10,15,28.26,5.65
10.25,74.75,2020,10,15,28.19,5.65
10.25,75.25,2020,10,15,28.08,5.37
10.25,75.75,2020,10,15,27.65,5.37
10.25,76.25,2020,10,15,26.39,4.12
10.25,76.75,2020,10,15,23.33,4.12
10.25,77.25,2020,10,15,23.05,5.18
10.75,74.25,2020,10,15,28.19,5.65
10.75,74.75,2020,10,15,28.06,5.65
10.75,75.25,2020,10,15,27.77,5.37
10.75,75.75,2020,10,15,26.98,5.37
10.75,76.25,2020,10,15,25.08,4.12
10.75,76.75,2020,10,15,23.56,4.12
10.75,77.25,2020,10,15,24.26,5.18
11.25,74.25,2020,10,15,28.04,4.63
11.25,74.75,2020,10,15,27.84,4.63
11.25,75.25,2020,10,15,27.18,5.14
11.25,75.75,2020,10,15,25.74,5.14
11.25,76.25,2020,10,15,23.17,4.72
11.25,76.75,2020,10,15,22.86,4.72
11.25,77.25,2020,10,15,24.31,5.88
11.75,74.25,2020,10,15,27.9,4.63
11.75,74.75,2020,10,15,27.54,4.63
11.75,75.25,2020,10,15,26.29,5.14
11.75,75.75,2020,10,15,24.19,5.14
11.75,76.25,2020,10,15,21.92,4.72
11.75,76.75,2020,10,15,22.09,4.72
11.75,77.25,2020,10,15,23.17,5.88
12.25,74.25,2020,10,15,27.83,3.48
12.25,74.75,2020,10,15,27.15,3.48
12.25,75.25,2020,10,15,25.29,2.61
12.25,75.75,2020,10,15,22.85,2.61
12.25,76.25,2020,10,15,21.59,3.96
12.25,76.75,2020,10,15,22.04,3.96
12.25,77.25,2020,10,15,22.41,4.96
12.75,74.25,2020,10,15,27.67,3.48
12.75,74.75,2020,10,15,26.68,3.48
12.75,75.25,2020,10,15,24.55,2.61
12.75,75.75,2020,10,15,22.17,2.61
12.75,76.25,2020,10,15,21.54,3.96
12.75,76.75,2020,10,15,22.01,3.96
12.75,77.25,2020,10,15,22.06,4.96
8.25,74.25,2020,10,16,28.53,5.78
8.25,74.75,2020,10,16,28.55,5.78
8.25,75.25,2020,10,16,28.54,5.78
8.25,75.75,2020,10,16,28.41,5.78
8.25,76.25,2020,10,16,28.09,5.97
8.25,76.75,2020,10,16,27.15,5.97
8.25,77.25,2020,10,16,26.5,5.95
8.75,74.25,2020,10,16,28.5,5.78
8.75,74.75,2020,10,16,28.51,5.78
8.75,75.25,2020,10,16,28.47,5.78
8.75,75.75,2020,10,16,28.29,5.78
8.75,76.25,2020,10,16,27.9,5.97
8.75,76.75,2020,10,16,26.11,5.97
8.75,77.25,2020,10,16,25.42,5.95
9.25,74.25,2020,10,16,28.31,4.1
9.25,74.75,2020,10,16,28.31,4.1
9.25,75.25,2020,10,16,28.25,4.37
9.25,75.75,2020,10,16,28.06,4.37
9.25,76.25,2020,10,16,27.61,4.88
9.25,76.75,2020,10,16,25.17,4.88
9.25,77.25,2020,10,16,24.84,4.94
9.75,74.25,2020,10,16,28.1,4.1
9.75,74.75,2020,10,16,28.07,4.1
9.75,75.25,2020,10,16,28.01,4.37
9.75,75.75,2020,10,16,27.77,4.37
9.75,76.25,2020,10,16,27.07,4.88
9.75,76.75,2020,10,16,24.09,4.88
9.75,77.25,2020,10,16,23.84,4.94
10.25,74.25,2020,10,16,28,3.69
10.25,74.75,2020,10,16,27.88,3.69
10.25,75.25,2020,10,16,27.73,2.72
10.25,75.75,2020,10,16,27.36,2.72
10.25,76.25,2020,10,16,26.35,3.47
10.25,76.75,2020,10,16,23.76,3.47
10.25,77.25,2020,10,16,23.65,5.08
10.75,74.25,2020,10,16,27.91,3.69
10.75,74.75,2020,10,16,27.69,3.69
10.75,75.25,2020,10,16,27.37,2.72
10.75,75.75,2020,10,16,26.71,2.72
10.75,76.25,2020,10,16,25.18,3.47
10.75,76.75,2020,10,16,23.96,3.47
10.75,77.25,2020,10,16,24.61,5.08
11.25,74.25,2020,10,16,27.79,5.3
11.25,74.75,2020,10,16,27.48,5.3
11.25,75.25,2020,10,16,26.85,5.49
11.25,75.75,2020,10,16,25.6,5.49
11.25,76.25,2020,10,16,23.35,4.97
11.25,76.75,2020,10,16,23.13,4.97
11.25,77.25,2020,10,16,24.52,5.38
11.75,74.25,2020,10,16,27.73,5.3
11.75,74.75,2020,10,16,27.28,5.3
11.75,75.25,2020,10,16,26.08,5.49
11.75,75.75,2020,10,16,24.18,5.49
11.75,76.25,2020,10,16,22.1,4.97
11.75,76.75,2020,10,16,22.2,4.97
11.75,77.25,2020,10,16,23.24,5.38
12.25,74.25,2020,10,16,27.71,5.79
12.25,74.75,2020,10,16,26.99,5.79
12.25,75.25,2020,10,16,25.2,5.28
12.25,75.75,2020,10,16,22.89,5.28
12.25,76.25,2020,10,16,21.68,5.88
12.25,76.75,2020,10,16,22.04,5.88
12.25,77.25,2020,10,16,22.39,5.98
12.75,74.25,2020,10,16,27.63,5.79
12.75,74.75,2020,10,16,26.6,5.79
12.75,75.25,2020,10,16,24.48,5.28
12.75,75.75,2020,10,16,22.11,5.28
12.75,76.25,2020,10,16,21.47,5.88
12.75,76.75,2020,10,16,22.07,5.88
12.75,77.25,2020,10,16,22.24,5.98
8.25,74.25,2020,10,17,28.03,6.37
8.25,74.75,2020,10,17,27.98,6.37
8.25,75.25,2020,10,17,27.9,6
8.25,75.75,2020,10,17,27.8,6
8.25,76.25,2020,10,17,27.64,5.79
8.25,76.75,2020,10,17,26.86,5.79
8.25,77.25,2020,10,17,26.28,5.89
8.75,74.25,2020,10,17,27.94,6.37
8.75,74.75,2020,10,17,27.86,6.37
8.75,75.25,2020,10,17,27.75,6
8.75,75.75,2020,10,17,27.63,6
8.75,76.25,2020,10,17,27.46,5.79
8.75,76.75,2020,10,17,25.94,5.79
8.75,77.25,2020,10,17,25.47,5.89
9.25,74.25,2020,10,17,27.84,5.55
9.25,74.75,2020,10,17,27.78,5.55
9.25,75.25,2020,10,17,27.75,4.88
9.25,75.75,2020,10,17,27.67,4.88
9.25,76.25,2020,10,17,27.39,5.82
9.25,76.75,2020,10,17,25.07,5.82
9.25,77.25,2020,10,17,24.97,4.71
9.75,74.25,2020,10,17,27.82,5.55
9.75,74.75,2020,10,17,27.75,5.55
9.75,75.25,2020,10,17,27.72,4.88
9.75,75.75,2020,10,17,27.56,4.88
9.75,76.25,2020,10,17,26.91,5.82
9.75,76.75,2020,10,17,23.88,5.82
9.75,77.25,2020,10,17,23.86,4.71
10.25,74.25,2020,10,17,27.81,4.87
10.25,74.75,2020,10,17,27.66,4.87
10.25,75.25,2020,10,17,27.5,5.78
10.25,75.75,2020,10,17,27.13,5.78
10.25,76.25,2020,10,17,26.12,5.75
10.25,76.75,2020,10,17,23.49,5.75
10.25,77.25,2020,10,17,23.69,4.97
10.75,74.25,2020,10,17,27.74,4.87
10.75,74.75,2020,10,17,27.51,4.87
10.75,75.25,2020,10,17,27.18,5.78
10.75,75.75,2020,10,17,26.5,5.78
10.75,76.25,2020,10,17,24.98,5.75
10.75,76.75,2020,10,17,23.74,5.75
10.75,77.25,2020,10,17,24.66,4.97
11.25,74.25,2020,10,17,27.71,5.14
11.25,74.75,2020,10,17,27.39,5.14
11.25,75.25,2020,10,17,26.73,6.19
11.25,75.75,2020,10,17,25.47,6.19
11.25,76.25,2020,10,17,23.27,5.2
11.25,76.75,2020,10,17,23.06,5.2
11.25,77.25,2020,10,17,24.68,5.33
11.75,74.25,2020,10,17,27.69,5.14
11.75,74.75,2020,10,17,27.2,5.14
11.75,75.25,2020,10,17,26.01,6.19
11.75,75.75,2020,10,17,24.15,6.19
11.75,76.25,2020,10,17,22.15,5.2
11.75,76.75,2020,10,17,22.37,5.2
11.75,77.25,2020,10,17,23.65,5.33
12.25,74.25,2020,10,17,27.6,5.81
12.25,74.75,2020,10,17,26.83,5.81
12.25,75.25,2020,10,17,25.12,6.02
12.25,75.75,2020,10,17,22.98,6.02
12.25,76.25,2020,10,17,21.87,5.56
12.25,76.75,2020,10,17,22.4,5.56
12.25,77.25,2020,10,17,22.87,5.03
12.75,74.25,2020,10,17,27.44,5.81
12.75,74.75,2020,10,17,26.4,5.81
12.75,75.25,2020,10,17,24.46,6.02
12.75,75.75,2020,10,17,22.37,6.02
12.75,76.25,2020,10,17,21.81,5.56
12.75,76.75,2020,10,17,22.37,5.56
12.75,77.25,2020,10,17,22.37,5.03
8.25,74.25,2020,10,18,27.76,6.24
8.25,74.75,2020,10,18,27.71,6.24
8.25,75.25,2020,10,18,27.65,5.99
8.25,75.75,2020,10,18,27.56,5.99
8.25,76.25,2020,10,18,27.4,5.65
8.25,76.75,2020,10,18,26.7,5.65
8.25,77.25,2020,10,18,26.38,5.87
8.75,74.25,2020,10,18,27.52,6.24
8.75,74.75,2020,10,18,27.46,6.24
8.75,75.25,2020,10,18,27.42,5.99
8.75,75.75,2020,10,18,27.36,5.99
8.75,76.25,2020,10,18,27.24,5.65
8.75,76.75,2020,10,18,25.8,5.65
8.75,77.25,2020,10,18,25.44,5.87
9.25,74.25,2020,10,18,27.19,6.05
9.25,74.75,2020,10,18,27.19,6.05
9.25,75.25,2020,10,18,27.19,6.21
9.25,75.75,2020,10,18,27.16,6.21
9.25,76.25,2020,10,18,27.03,6.23
9.25,76.75,2020,10,18,24.82,6.23
9.25,77.25,2020,10,18,24.65,5.34
9.75,74.25,2020,10,18,27.2,6.05
9.75,74.75,2020,10,18,27.2,6.05
9.75,75.25,2020,10,18,27.17,6.21
9.75,75.75,2020,10,18,27.03,6.21
9.75,76.25,2020,10,18,26.65,6.23
9.75,76.75,2020,10,18,23.64,6.23
9.75,77.25,2020,10,18,23.46,5.34
10.25,74.25,2020,10,18,27.41,6.1
10.25,74.75,2020,10,18,27.33,6.1
10.25,75.25,2020,10,18,27.2,5.96
10.25,75.75,2020,10,18,26.9,5.96
10.25,76.25,2020,10,18,26.17,5.06
10.25,76.75,2020,10,18,23.31,5.06
10.25,77.25,2020,10,18,23.28,4.96
10.75,74.25,2020,10,18,27.42,6.1
10.75,74.75,2020,10,18,27.27,6.1
10.75,75.25,2020,10,18,27.06,5.96
10.75,75.75,2020,10,18,26.54,5.96
10.75,76.25,2020,10,18,25.15,5.06
10.75,76.75,2020,10,18,23.69,5.06
10.75,77.25,2020,10,18,24.38,4.96
11.25,74.25,2020,10,18,27.3,5.72
11.25,74.75,2020,10,18,27.13,5.72
11.25,75.25,2020,10,18,26.69,5.77
11.25,75.75,2020,10,18,25.61,5.77
11.25,76.25,2020,10,18,23.4,4.96
11.25,76.75,2020,10,18,23.2,4.96
11.25,77.25,2020,10,18,24.69,4.52
11.75,74.25,2020,10,18,27.2,5.72
11.75,74.75,2020,10,18,26.95,5.72
11.75,75.25,2020,10,18,25.99,5.77
11.75,75.75,2020,10,18,24.27,5.77
11.75,76.25,2020,10,18,22.29,4.96
11.75,76.75,2020,10,18,22.7,4.96
11.75,77.25,2020,10,18,23.98,4.52
12.25,74.25,2020,10,18,27.11,5.83
12.25,74.75,2020,10,18,26.63,5.83
12.25,75.25,2020,10,18,25.13,5.22
12.25,75.75,2020,10,18,23.08,5.22
12.25,76.25,2020,10,18,22.11,4.92
12.25,76.75,2020,10,18,22.83,4.92
12.25,77.25,2020,10,18,23.35,4.08
12.75,74.25,2020,10,18,27.03,5.83
12.75,74.75,2020,10,18,26.28,5.83
12.75,75.25,2020,10,18,24.53,5.22
12.75,75.75,2020,10,18,22.52,5.22
12.75,76.25,2020,10,18,22.13,4.92
12.75,76.75,2020,10,18,22.82,4.92
12.75,77.25,2020,10,18,22.85,4.08
8.25,74.25,2020,10,19,27.38,6.05
8.25,74.75,2020,10,19,27.37,6.05
8.25,75.25,2020,10,19,27.41,5.78
8.25,75.75,2020,10,19,27.38,5.78
8.25,76.25,2020,10,19,27.18,5.74
8.25,76.75,2020,10,19,26.59,5.74
8.25,77.25,2020,10,19,26.47,5.98
8.75,74.25,2020,10,19,27.33,6.05
8.75,74.75,2020,10,19,27.3,6.05
8.75,75.25,2020,10,19,27.25,5.78
8.75,75.75,2020,10,19,27.12,5.78
8.75,76.25,2020,10,19,26.92,5.74
8.75,76.75,2020,10,19,25.68,5.74
8.75,77.25,2020,10,19,25.64,5.98
9.25,74.25,2020,10,19,27.33,5.8
9.25,74.75,2020,10,19,27.27,5.8
9.25,75.25,2020,10,19,27.19,5.84
9.25,75.75,2020,10,19,27.04,5.84
9.25,76.25,2020,10,19,26.91,5.71
9.25,76.75,2020,10,19,24.78,5.71
9.25,77.25,2020,10,19,24.81,5.51
9.75,74.25,2020,10,19,27.4,5.8
9.75,74.75,2020,10,19,27.36,5.8
9.75,75.25,2020,10,19,27.28,5.84
9.75,75.75,2020,10,19,27.07,5.84
9.75,76.25,2020,10,19,26.69,5.71
9.75,76.75,2020,10,19,23.68,5.71
9.75,77.25,2020,10,19,23.69,5.51
10.25,74.25,2020,10,19,27.51,5.26
10.25,74.75,2020,10,19,27.43,5.26
10.25,75.25,2020,10,19,27.29,5.92
10.25,75.75,2020,10,19,26.95,5.92
10.25,76.25,2020,10,19,26.18,5.16
10.25,76.75,2020,10,19,23.48,5.16
10.25,77.25,2020,10,19,23.68,5.38
10.75,74.25,2020,10,19,27.47,5.26
10.75,74.75,2020,10,19,27.29,5.26
10.75,75.25,2020,10,19,27.03,5.92
10.75,75.75,2020,10,19,26.47,5.92
10.75,76.25,2020,10,19,25.14,5.16
10.75,76.75,2020,10,19,23.9,5.16
10.75,77.25,2020,10,19,24.82,5.38
11.25,74.25,2020,10,19,27.29,6.03
11.25,74.75,2020,10,19,27.05,6.03
11.25,75.25,2020,10,19,26.57,6.07
11.25,75.75,2020,10,19,25.55,6.07
11.25,76.25,2020,10,19,23.54,4.88
11.25,76.75,2020,10,19,23.35,4.88
11.25,77.25,2020,10,19,24.83,5.23
11.75,74.25,2020,10,19,26.99,6.03
11.75,74.75,2020,10,19,26.72,6.03
11.75,75.25,2020,10,19,25.84,6.07
11.75,75.75,2020,10,19,24.34,6.07
11.75,76.25,2020,10,19,22.65,4.88
11.75,76.75,2020,10,19,22.71,4.88
11.75,77.25,2020,10,19,23.65,5.23
12.25,74.25,2020,10,19,26.79,5.99
12.25,74.75,2020,10,19,26.35,5.99
12.25,75.25,2020,10,19,25.03,5.11
12.25,75.75,2020,10,19,23.26,5.11
12.25,76.25,2020,10,19,22.48,4.86
12.25,76.75,2020,10,19,22.78,4.86
12.25,77.25,2020,10,19,22.93,4.09
12.75,74.25,2020,10,19,26.75,5.99
12.75,74.75,2020,10,19,26.08,5.99
12.75,75.25,2020,10,19,24.5,5.11
12.75,75.75,2020,10,19,22.69,5.11
12.75,76.25,2020,10,19,22.3,4.86
12.75,76.75,2020,10,19,22.74,4.86
12.75,77.25,2020,10,19,22.59,4.09
8.25,74.25,2020,10,20,27.78,5.93
8.25,74.75,2020,10,20,27.87,5.93
8.25,75.25,2020,10,20,27.91,5.27
8.25,75.75,2020,10,20,27.83,5.27
8.25,76.25,2020,10,20,27.67,4.03
8.25,76.75,2020,10,20,26.92,4.03
8.25,77.25,2020,10,20,26.4,5.01
8.75,74.25,2020,10,20,27.77,5.93
8.75,74.75,2020,10,20,27.8,5.93
8.75,75.25,2020,10,20,27.78,5.27
8.75,75.75,2020,10,20,27.66,5.27
8.75,76.25,2020,10,20,27.42,4.03
8.75,76.75,2020,10,20,25.72,4.03
8.75,77.25,2020,10,20,25.13,5.01
9.25,74.25,2020,10,20,27.66,5.75
9.25,74.75,2020,10,20,27.69,5.75
9.25,75.25,2020,10,20,27.67,5.56
9.25,75.75,2020,10,20,27.53,5.56
9.25,76.25,2020,10,20,27.12,4
9.25,76.75,2020,10,20,24.6,4
9.25,77.25,2020,10,20,24.08,4.41
9.75,74.25,2020,10,20,27.72,5.75
9.75,74.75,2020,10,20,27.75,5.75
9.75,75.25,2020,10,20,27.67,5.56
9.75,75.75,2020,10,20,27.32,5.56
9.75,76.25,2020,10,20,26.45,4
9.75,76.75,2020,10,20,23.23,4
9.75,77.25,2020,10,20,22.74,4.41
10.25,74.25,2020,10,20,27.81,4.92
10.25,74.75,2020,10,20,27.73,4.92
10.25,75.25,2020,10,20,27.5,4.27
10.25,75.75,2020,10,20,26.93,4.27
10.25,76.25,2020,10,20,25.69,3.7
10.25,76.75,2020,10,20,22.78,3.7
10.25,77.25,2020,10,20,22.55,4.42
10.75,74.25,2020,10,20,27.66,4.92
10.75,74.75,2020,10,20,27.47,4.92
10.75,75.25,2020,10,20,27.13,4.27
10.75,75.75,2020,10,20,26.35,4.27
10.75,76.25,2020,10,20,24.64,3.7
10.75,76.75,2020,10,20,23.14,3.7
10.75,77.25,2020,10,20,23.61,4.42
11.25,74.25,2020,10,20,27.48,3.18
11.25,74.75,2020,10,20,27.25,3.18
11.25,75.25,2020,10,20,26.66,4.19
11.25,75.75,2020,10,20,25.39,4.19
11.25,76.25,2020,10,20,23.03,3.57
11.25,76.75,2020,10,20,22.55,3.57
11.25,77.25,2020,10,20,23.67,2.82
11.75,74.25,2020,10,20,27.47,3.18
11.75,74.75,2020,10,20,27.07,3.18
11.75,75.25,2020,10,20,25.95,4.19
11.75,75.75,2020,10,20,24.14,4.19
11.75,76.25,2020,10,20,22.13,3.57
11.75,76.75,2020,10,20,22.06,3.57
11.75,77.25,2020,10,20,22.97,2.82
12.25,74.25,2020,10,20,27.45,4.43
12.25,74.75,2020,10,20,26.73,4.43
12.25,75.25,2020,10,20,25.12,3.93
12.25,75.75,2020,10,20,23.14,3.93
12.25,76.25,2020,10,20,22.21,3.71
12.25,76.75,2020,10,20,22.57,3.71
12.25,77.25,2020,10,20,22.87,2.79
12.75,74.25,2020,10,20,27.3,4.43
12.75,74.75,2020,10,20,26.33,4.43
12.75,75.25,2020,10,20,24.59,3.93
12.75,75.75,2020,10,20,22.76,3.93
12.75,76.25,2020,10,20,22.33,3.71
12.75,76.75,2020,10,20,22.8,3.71
12.75,77.25,2020,10,20,22.71,2.79
8.25,74.25,2020,10,21,27.97,5.44
8.25,74.75,2020,10,21,27.98,5.44
8.25,75.25,2020,10,21,27.96,5.55
8.25,75.75,2020,10,21,27.84,5.55
8.25,76.25,2020,10,21,27.6,5.61
8.25,76.75,2020,10,21,26.86,5.61
8.25,77.25,2020,10,21,26.46,5.58
8.75,74.25,2020,10,21,27.96,5.44
8.75,74.75,2020,10,21,27.97,5.44
8.75,75.25,2020,10,21,27.93,5.55
8.75,75.75,2020,10,21,27.81,5.55
8.75,76.25,2020,10,21,27.56,5.61
8.75,76.75,2020,10,21,25.98,5.61
8.75,77.25,2020,10,21,25.52,5.58
9.25,74.25,2020,10,21,27.98,5.98
9.25,74.75,2020,10,21,28.02,5.98
9.25,75.25,2020,10,21,28.03,5.83
9.25,75.75,2020,10,21,27.92,5.83
9.25,76.25,2020,10,21,27.55,5.26
9.25,76.75,2020,10,21,25.01,5.26
9.25,77.25,2020,10,21,24.55,5.16
9.75,74.25,2020,10,21,28.07,5.98
9.75,74.75,2020,10,21,28.13,5.98
9.75,75.25,2020,10,21,28.13,5.83
9.75,75.75,2020,10,21,27.89,5.83
9.75,76.25,2020,10,21,27.08,5.26
9.75,76.75,2020,10,21,23.73,5.26
9.75,77.25,2020,10,21,23.24,5.16
10.25,74.25,2020,10,21,28.1,5.33
10.25,74.75,2020,10,21,28.08,5.33
10.25,75.25,2020,10,21,27.96,5.06
10.25,75.75,2020,10,21,27.51,5.06
10.25,76.25,2020,10,21,26.28,4.14
10.25,76.75,2020,10,21,23.37,4.14
10.25,77.25,2020,10,21,23.23,4.55
10.75,74.25,2020,10,21,27.98,5.33
10.75,74.75,2020,10,21,27.86,5.33
10.75,75.25,2020,10,21,27.56,5.06
10.75,75.75,2020,10,21,26.78,5.06
10.75,76.25,2020,10,21,25.07,4.14
10.75,76.75,2020,10,21,23.71,4.14
10.75,77.25,2020,10,21,24.37,4.55
11.25,74.25,2020,10,21,27.91,4.52
11.25,74.75,2020,10,21,27.71,4.52
11.25,75.25,2020,10,21,27.06,4.33
11.25,75.75,2020,10,21,25.69,4.33
11.25,76.25,2020,10,21,23.37,3.74
11.25,76.75,2020,10,21,23.11,3.74
11.25,77.25,2020,10,21,24.36,4.11
11.75,74.25,2020,10,21,27.89,4.52
11.75,74.75,2020,10,21,27.5,4.52
11.75,75.25,2020,10,21,26.29,4.33
11.75,75.75,2020,10,21,24.36,4.33
11.75,76.25,2020,10,21,22.42,3.74
11.75,76.75,2020,10,21,22.56,3.74
11.75,77.25,2020,10,21,23.42,4.11
12.25,74.25,2020,10,21,27.73,4.48
12.25,74.75,2020,10,21,27.04,4.48
12.25,75.25,2020,10,21,25.34,3.58
12.25,75.75,2020,10,21,23.22,3.58
12.25,76.25,2020,10,21,22.29,3.65
12.25,76.75,2020,10,21,22.73,3.65
12.25,77.25,2020,10,21,22.97,3.63
12.75,74.25,2020,10,21,27.32,4.48
12.75,74.75,2020,10,21,26.4,4.48
12.75,75.25,2020,10,21,24.57,3.58
12.75,75.75,2020,10,21,22.6,3.58
12.75,76.25,2020,10,21,22.18,3.65
12.75,76.75,2020,10,21,22.7,3.65
12.75,77.25,2020,10,21,22.69,3.63
8.25,74.25,2020,10,22,27.75,4.81
8.25,74.75,2020,10,22,27.82,4.81
8.25,75.25,2020,10,22,27.86,4.77
8.25,75.75,2020,10,22,27.84,4.77
8.25,76.25,2020,10,22,27.74,4.74
8.25,76.75,2020,10,22,26.99,4.74
8.25,77.25,2020,10,22,26.42,4.87
8.75,74.25,2020,10,22,27.77,4.81
8.75,74.75,2020,10,22,27.84,4.81
8.75,75.25,2020,10,22,27.91,4.77
8.75,75.75,2020,10,22,27.89,4.77
8.75,76.25,2020,10,22,27.69,4.74
8.75,76.75,2020,10,22,25.81,4.74
8.75,77.25,2020,10,22,25.01,4.87
9.25,74.25,2020,10,22,27.85,5.05
9.25,74.75,2020,10,22,27.93,5.05
9.25,75.25,2020,10,22,28,4.6
9.25,75.75,2020,10,22,27.92,4.6
9.25,76.25,2020,10,22,27.49,4.5
9.25,76.75,2020,10,22,24.5,4.5
9.25,77.25,2020,10,22,23.64,4.72
9.75,74.25,2020,10,22,27.95,5.05
9.75,74.75,2020,10,22,28,5.05
9.75,75.25,2020,10,22,28.03,4.6
9.75,75.75,2020,10,22,27.8,4.6
9.75,76.25,2020,10,22,26.92,4.5
9.75,76.75,2020,10,22,23.15,4.5
9.75,77.25,2020,10,22,22.21,4.72
10.25,74.25,2020,10,22,28.03,5.02
10.25,74.75,2020,10,22,28.01,5.02
10.25,75.25,2020,10,22,27.92,5.02
10.25,75.75,2020,10,22,27.48,5.02
10.25,76.25,2020,10,22,26.15,4.51
10.25,76.75,2020,10,22,23,4.51
10.25,77.25,2020,10,22,22.36,4.79
10.75,74.25,2020,10,22,27.89,5.02
10.75,74.75,2020,10,22,27.83,5.02
10.75,75.25,2020,10,22,27.6,5.02
10.75,75.75,2020,10,22,26.86,5.02
10.75,76.25,2020,10,22,25.12,4.51
10.75,76.75,2020,10,22,23.67,4.51
10.75,77.25,2020,10,22,24,4.79
11.25,74.25,2020,10,22,27.62,4.43
11.25,74.75,2020,10,22,27.58,4.43
11.25,75.25,2020,10,22,27.1,3.79
11.25,75.75,2020,10,22,25.86,3.79
11.25,76.25,2020,10,22,23.62,3.77
11.25,76.75,2020,10,22,23.34,3.77
11.25,77.25,2020,10,22,24.55,4.69
11.75,74.25,2020,10,22,27.32,4.43
11.75,74.75,2020,10,22,27.16,4.43
11.75,75.25,2020,10,22,26.23,3.79
11.75,75.75,2020,10,22,24.54,3.79
11.75,76.25,2020,10,22,22.7,3.77
11.75,76.75,2020,10,22,22.85,3.77
11.75,77.25,2020,10,22,23.88,4.69
12.25,74.25,2020,10,22,26.96,3.98
12.25,74.75,2020,10,22,26.56,3.98
12.25,75.25,2020,10,22,25.23,3.24
12.25,75.75,2020,10,22,23.39,3.24
12.25,76.25,2020,10,22,22.54,4.24
12.25,76.75,2020,10,22,22.98,4.24
12.25,77.25,2020,10,22,23.31,4.32
12.75,74.25,2020,10,22,26.47,3.98
12.75,74.75,2020,10,22,25.92,3.98
12.75,75.25,2020,10,22,24.47,3.24
12.75,75.75,2020,10,22,22.72,3.24
12.75,76.25,2020,10,22,22.31,4.24
12.75,76.75,2020,10,22,22.8,4.24
12.75,77.25,2020,10,22,22.72,4.32
8.25,74.25,2020,10,23,27.95,5.98
8.25,74.75,2020,10,23,27.93,5.98
8.25,75.25,2020,10,23,27.87,5.99
8.25,75.75,2020,10,23,27.74,5.99
8.25,76.25,2020,10,23,27.46,5.87
8.25,76.75,2020,10,23,26.75,5.87
8.25,77.25,2020,10,23,26.35,5.94
8.75,74.25,2020,10,23,28.09,5.98
8.75,74.75,2020,10,23,28.02,5.98
8.75,75.25,2020,10,23,27.91,5.99
8.75,75.75,2020,10,23,27.72,5.99
8.75,76.25,2020,10,23,27.35,5.87
8.75,76.75,2020,10,23,25.77,5.87
8.75,77.25,2020,10,23,25.21,5.94
9.25,74.25,2020,10,23,28.04,5.21
9.25,74.75,2020,10,23,28,5.21
9.25,75.25,2020,10,23,27.91,4.86
9.25,75.75,2020,10,23,27.71,4.86
9.25,76.25,2020,10,23,27.3,4.87
9.25,76.75,2020,10,23,24.81,4.87
9.25,77.25,2020,10,23,24.2,5.55
9.75,74.25,2020,10,23,27.92,5.21
9.75,74.75,2020,10,23,27.9,5.21
9.75,75.25,2020,10,23,27.84,4.86
9.75,75.75,2020,10,23,27.59,4.86
9.75,76.25,2020,10,23,26.83,4.87
9.75,76.75,2020,10,23,23.53,4.87
9.75,77.25,2020,10,23,22.96,5.55
10.25,74.25,2020,10,23,27.9,5.02
10.25,74.75,2020,10,23,27.86,5.02
10.25,75.25,2020,10,23,27.77,4.43
10.25,75.75,2020,10,23,27.36,4.43
10.25,76.25,2020,10,23,26.13,3.99
10.25,76.75,2020,10,23,23.15,3.99
10.25,77.25,2020,10,23,23.01,4.61
10.75,74.25,2020,10,23,27.86,5.02
10.75,74.75,2020,10,23,27.81,5.02
10.75,75.25,2020,10,23,27.57,4.43
10.75,75.75,2020,10,23,26.81,4.43
10.75,76.25,2020,10,23,25.06,3.99
10.75,76.75,2020,10,23,23.61,3.99
10.75,77.25,2020,10,23,24.37,4.61
11.25,74.25,2020,10,23,27.69,3.93
11.25,74.75,2020,10,23,27.6,3.93
11.25,75.25,2020,10,23,27.03,3.23
11.25,75.75,2020,10,23,25.71,3.23
11.25,76.25,2020,10,23,23.51,3.67
11.25,76.75,2020,10,23,23.22,3.67
11.25,77.25,2020,10,23,24.67,3.87
11.75,74.25,2020,10,23,27.41,3.93
11.75,74.75,2020,10,23,27.16,3.93
11.75,75.25,2020,10,23,26.07,3.23
11.75,75.75,2020,10,23,24.24,3.23
11.75,76.25,2020,10,23,22.5,3.67
11.75,76.75,2020,10,23,22.74,3.67
11.75,77.25,2020,10,23,23.89,3.87
12.25,74.25,2020,10,23,27.13,2.05
12.25,74.75,2020,10,23,26.63,2.05
12.25,75.25,2020,10,23,25.09,2.18
12.25,75.75,2020,10,23,23.06,2.18
12.25,76.25,2020,10,23,22.22,2.92
12.25,76.75,2020,10,23,22.82,2.92
12.25,77.25,2020,10,23,23.24,3.81
12.75,74.25,2020,10,23,26.98,2.05
12.75,74.75,2020,10,23,26.2,2.05
12.75,75.25,2020,10,23,24.49,2.18
12.75,75.75,2020,10,23,22.51,2.18
12.75,76.25,2020,10,23,21.99,2.92
12.75,76.75,2020,10,23,22.61,2.92
12.75,77.25,2020,10,23,22.64,3.81
8.25,74.25,2020,10,24,27.79,6.02
8.25,74.75,2020,10,24,27.78,6.02
8.25,75.25,2020,10,24,27.8,5.91
8.25,75.75,2020,10,24,27.79,5.91
8.25,76.25,2020,10,24,27.74,6.06
8.25,76.75,2020,10,24,27.1,6.06
8.25,77.25,2020,10,24,26.85,5.81
8.75,74.25,2020,10,24,27.95,6.02
8.75,74.75,2020,10,24,27.98,6.02
8.75,75.25,2020,10,24,27.99,5.91
8.75,75.75,2020,10,24,27.91,5.91
8.75,76.25,2020,10,24,27.72,6.06
8.75,76.75,2020,10,24,26.17,6.06
8.75,77.25,2020,10,24,25.96,5.81
9.25,74.25,2020,10,24,28.04,6.42
9.25,74.75,2020,10,24,28.08,6.42
9.25,75.25,2020,10,24,28.08,6.17
9.25,75.75,2020,10,24,27.98,6.17
9.25,76.25,2020,10,24,27.67,6.5
9.25,76.75,2020,10,24,25.25,6.5
9.25,77.25,2020,10,24,25.05,6.19
9.75,74.25,2020,10,24,27.87,6.42
9.75,74.75,2020,10,24,27.91,6.42
9.75,75.25,2020,10,24,27.94,6.17
9.75,75.75,2020,10,24,27.8,6.17
9.75,76.25,2020,10,24,27.17,6.5
9.75,76.75,2020,10,24,23.9,6.5
9.75,77.25,2020,10,24,23.62,6.19
10.25,74.25,2020,10,24,27.74,6.31
10.25,74.75,2020,10,24,27.8,6.31
10.25,75.25,2020,10,24,27.8,6.06
10.25,75.75,2020,10,24,27.47,6.06
10.25,76.25,2020,10,24,26.36,5.82
10.25,76.75,2020,10,24,23.18,5.82
10.25,77.25,2020,10,24,23.17,5.49
10.75,74.25,2020,10,24,27.69,6.31
10.75,74.75,2020,10,24,27.67,6.31
10.75,75.25,2020,10,24,27.5,6.06
10.75,75.75,2020,10,24,26.78,6.06
10.75,76.25,2020,10,24,24.85,5.82
10.75,76.75,2020,10,24,23.12,5.82
10.75,77.25,2020,10,24,23.96,5.49
11.25,74.25,2020,10,24,27.63,5.84
11.25,74.75,2020,10,24,27.5,5.84
11.25,75.25,2020,10,24,26.91,6
11.25,75.75,2020,10,24,25.44,6
11.25,76.25,2020,10,24,22.63,5.4
11.25,76.75,2020,10,24,22.33,5.4
11.25,77.25,2020,10,24,23.95,4.02
11.75,74.25,2020,10,24,27.61,5.84
11.75,74.75,2020,10,24,27.23,5.84
11.75,75.25,2020,10,24,25.96,6
11.75,75.75,2020,10,24,23.8,6
11.75,76.25,2020,10,24,21.44,5.4
11.75,76.75,2020,10,24,21.77,5.4
11.75,77.25,2020,10,24,23.14,4.02
12.25,74.25,2020,10,24,27.59,4.85
12.25,74.75,2020,10,24,26.84,4.85
12.25,75.25,2020,10,24,25.04,5.21
12.25,75.75,2020,10,24,22.77,5.21
12.25,76.25,2020,10,24,21.71,5.13
12.25,76.75,2020,10,24,22.24,5.13
12.25,77.25,2020,10,24,22.88,3.95
12.75,74.25,2020,10,24,27.49,4.85
12.75,74.75,2020,10,24,26.45,4.85
12.75,75.25,2020,10,24,24.53,5.21
12.75,75.75,2020,10,24,22.53,5.21
12.75,76.25,2020,10,24,22.14,5.13
12.75,76.75,2020,10,24,22.64,5.13
12.75,77.25,2020,10,24,22.79,3.95
8.25,74.25,2020,10,25,27.88,6.06
8.25,74.75,2020,10,25,27.84,6.06
8.25,75.25,2020,10,25,27.81,6.16
8.25,75.75,2020,10,25,27.78,6.16
8.25,76.25,2020,10,25,27.75,6.41
8.25,76.75,2020,10,25,27.05,6.41
8.25,77.25,2020,10,25,26.82,5.92
8.75,74.25,2020,10,25,27.72,6.06
8.75,74.75,2020,10,25,27.66,6.06
8.75,75.25,2020,10,25,27.68,6.16
8.75,75.75,2020,10,25,27.74,6.16
8.75,76.25,2020,10,25,27.71,6.41
8.75,76.75,2020,10,25,25.92,6.41
8.75,77.25,2020,10,25,25.82,5.92
9.25,74.25,2020,10,25,27.77,5.34
9.25,74.75,2020,10,25,27.7,5.34
9.25,75.25,2020,10,25,27.68,6.35
9.25,75.75,2020,10,25,27.68,6.35
9.25,76.25,2020,10,25,27.53,6.34
9.25,76.75,2020,10,25,24.81,6.34
9.25,77.25,2020,10,25,24.96,5.87
9.75,74.25,2020,10,25,27.79,5.34
9.75,74.75,2020,10,25,27.79,5.34
9.75,75.25,2020,10,25,27.78,6.35
9.75,75.75,2020,10,25,27.59,6.35
9.75,76.25,2020,10,25,26.91,6.34
9.75,76.75,2020,10,25,23.54,6.34
9.75,77.25,2020,10,25,23.96,5.87
10.25,74.25,2020,10,25,27.72,5.96
10.25,74.75,2020,10,25,27.77,5.96
10.25,75.25,2020,10,25,27.77,6.07
10.25,75.75,2020,10,25,27.41,6.07
10.25,76.25,2020,10,25,26.1,6.01
10.25,76.75,2020,10,25,23.04,6.01
10.25,77.25,2020,10,25,23.68,5.6
10.75,74.25,2020,10,25,27.67,5.96
10.75,74.75,2020,10,25,27.66,5.96
10.75,75.25,2020,10,25,27.5,6.07
10.75,75.75,2020,10,25,26.76,6.07
10.75,76.25,2020,10,25,24.77,6.01
10.75,76.75,2020,10,25,23.14,6.01
10.75,77.25,2020,10,25,24.19,5.6
11.25,74.25,2020,10,25,27.66,5.96
11.25,74.75,2020,10,25,27.58,5.96
11.25,75.25,2020,10,25,26.98,5.85
11.25,75.75,2020,10,25,25.47,5.85
11.25,76.25,2020,10,25,22.78,4.92
11.25,76.75,2020,10,25,22.55,4.92
11.25,77.25,2020,10,25,24.06,4.36
11.75,74.25,2020,10,25,27.58,5.96
11.75,74.75,2020,10,25,27.24,5.96
11.75,75.25,2020,10,25,25.94,5.85
11.75,75.75,2020,10,25,23.76,5.85
11.75,76.25,2020,10,25,21.62,4.92
11.75,76.75,2020,10,25,22.18,4.92
11.75,77.25,2020,10,25,23.37,4.36
12.25,74.25,2020,10,25,27.41,5.92
12.25,74.75,2020,10,25,26.6,5.92
12.25,75.25,2020,10,25,24.73,5.66
12.25,75.75,2020,10,25,22.46,5.66
12.25,76.25,2020,10,25,21.72,4.76
12.25,76.75,2020,10,25,22.76,4.76
12.25,77.25,2020,10,25,23.29,4.65
12.75,74.25,2020,10,25,27.3,5.92
12.75,74.75,2020,10,25,26.1,5.92
12.75,75.25,2020,10,25,24.07,5.66
12.75,75.75,2020,10,25,22.13,5.66
12.75,76.25,2020,10,25,22.12,4.76
12.75,76.75,2020,10,25,23.21,4.76
12.75,77.25,2020,10,25,23.31,4.65
8.25,74.25,2020,10,26,27.91,6.24
8.25,74.75,2020,10,26,27.91,6.24
8.25,75.25,2020,10,26,27.88,6.35
8.25,75.75,2020,10,26,27.81,6.35
8.25,76.25,2020,10,26,27.7,6.35
8.25,76.75,2020,10,26,27.12,6.35
8.25,77.25,2020,10,26,27.23,5.69
8.75,74.25,2020,10,26,28.1,6.24
8.75,74.75,2020,10,26,28.01,6.24
8.75,75.25,2020,10,26,27.91,6.35
8.75,75.75,2020,10,26,27.79,6.35
8.75,76.25,2020,10,26,27.59,6.35
8.75,76.75,2020,10,26,26.31,6.35
8.75,77.25,2020,10,26,26.51,5.69
9.25,74.25,2020,10,26,28.16,6.17
9.25,74.75,2020,10,26,28.03,6.17
9.25,75.25,2020,10,26,27.91,6.14
9.25,75.75,2020,10,26,27.77,6.14
9.25,76.25,2020,10,26,27.48,6.31
9.25,76.75,2020,10,26,25.68,6.31
9.25,77.25,2020,10,26,25.66,5.68
9.75,74.25,2020,10,26,27.94,6.17
9.75,74.75,2020,10,26,27.92,6.17
9.75,75.25,2020,10,26,27.88,6.14
9.75,75.75,2020,10,26,27.67,6.14
9.75,76.25,2020,10,26,27.05,6.31
9.75,76.75,2020,10,26,24.67,6.31
9.75,77.25,2020,10,26,24.47,5.68
10.25,74.25,2020,10,26,27.62,6.47
10.25,74.75,2020,10,26,27.74,6.47
10.25,75.25,2020,10,26,27.73,6.26
10.25,75.75,2020,10,26,27.38,6.26
10.25,76.25,2020,10,26,26.48,5.95
10.25,76.75,2020,10,26,24.3,5.95
10.25,77.25,2020,10,26,24.22,5.47
10.75,74.25,2020,10,26,27.54,6.47
10.75,74.75,2020,10,26,27.65,6.47
10.75,75.25,2020,10,26,27.53,6.26
10.75,75.75,2020,10,26,26.9,6.26
10.75,76.25,2020,10,26,25.57,5.95
10.75,76.75,2020,10,26,24.56,5.95
10.75,77.25,2020,10,26,25.06,5.47
11.25,74.25,2020,10,26,27.66,6.35
11.25,74.75,2020,10,26,27.63,6.35
11.25,75.25,2020,10,26,27.16,6.22
11.25,75.75,2020,10,26,26,6.22
11.25,76.25,2020,10,26,24.01,5.41
11.25,76.75,2020,10,26,23.83,5.41
11.25,77.25,2020,10,26,24.95,5.66
11.75,74.25,2020,10,26,27.64,6.35
11.75,74.75,2020,10,26,27.38,6.35
11.75,75.25,2020,10,26,26.38,6.22
11.75,75.75,2020,10,26,24.72,6.22
11.75,76.25,2020,10,26,23.08,5.41
11.75,76.75,2020,10,26,23.15,5.41
11.75,77.25,2020,10,26,24.01,5.66
12.25,74.25,2020,10,26,27.47,6.09
12.25,74.75,2020,10,26,26.96,6.09
12.25,75.25,2020,10,26,25.56,5.75
12.25,75.75,2020,10,26,23.69,5.75
12.25,76.25,2020,10,26,22.8,5.72
12.25,76.75,2020,10,26,23.2,5.72
12.25,77.25,2020,10,26,23.53,5.82
12.75,74.25,2020,10,26,27.33,6.09
12.75,74.75,2020,10,26,26.59,6.09
12.75,75.25,2020,10,26,25.04,5.75
12.75,75.75,2020,10,26,23.2,5.75
12.75,76.25,2020,10,26,22.49,5.72
12.75,76.75,2020,10,26,23.12,5.72
12.75,77.25,2020,10,26,23.17,5.82
8.25,74.25,2020,10,27,28.49,5.97
8.25,74.75,2020,10,27,28.24,5.97
8.25,75.25,2020,10,27,28.03,5.12
8.25,75.75,2020,10,27,27.89,5.12
8.25,76.25,2020,10,27,27.71,4.12
8.25,76.75,2020,10,27,27.1,4.12
8.25,77.25,2020,10,27,27.07,4.53
8.75,74.25,2020,10,27,28.4,5.97
8.75,74.75,2020,10,27,28.15,5.97
8.75,75.25,2020,10,27,27.99,5.12
8.75,75.75,2020,10,27,27.87,5.12
8.75,76.25,2020,10,27,27.6,4.12
8.75,76.75,2020,10,27,26.22,4.12
8.75,77.25,2020,10,27,26.34,4.53
9.25,74.25,2020,10,27,28.17,5.61
9.25,74.75,2020,10,27,28.06,5.61
9.25,75.25,2020,10,27,27.98,5.57
9.25,75.75,2020,10,27,27.84,5.57
9.25,76.25,2020,10,27,27.44,5.42
9.25,76.75,2020,10,27,25.42,5.42
9.25,77.25,2020,10,27,25.32,4.87
9.75,74.25,2020,10,27,28.08,5.61
9.75,74.75,2020,10,27,28.02,5.61
9.75,75.25,2020,10,27,27.95,5.57
9.75,75.75,2020,10,27,27.71,5.57
9.75,76.25,2020,10,27,27.02,5.42
9.75,76.75,2020,10,27,24.47,5.42
9.75,77.25,2020,10,27,23.96,4.87
10.25,74.25,2020,10,27,28.01,5.42
10.25,74.75,2020,10,27,27.94,5.42
10.25,75.25,2020,10,27,27.82,5.47
10.25,75.75,2020,10,27,27.47,5.47
10.25,76.25,2020,10,27,26.56,5.41
10.25,76.75,2020,10,27,24.3,5.41
10.25,77.25,2020,10,27,23.93,5.07
10.75,74.25,2020,10,27,27.92,5.42
10.75,74.75,2020,10,27,27.84,5.42
10.75,75.25,2020,10,27,27.62,5.47
10.75,75.75,2020,10,27,27.05,5.47
10.75,76.25,2020,10,27,25.8,5.41
10.75,76.75,2020,10,27,24.69,5.41
10.75,77.25,2020,10,27,25.13,5.07
11.25,74.25,2020,10,27,27.83,5.72
11.25,74.75,2020,10,27,27.74,5.72
11.25,75.25,2020,10,27,27.29,5.71
11.25,75.75,2020,10,27,26.25,5.71
11.25,76.25,2020,10,27,24.4,5.26
11.25,76.75,2020,10,27,24.09,5.26
11.25,77.25,2020,10,27,25.13,5.32
11.75,74.25,2020,10,27,27.78,5.72
11.75,74.75,2020,10,27,27.57,5.72
11.75,75.25,2020,10,27,26.67,5.71
11.75,75.75,2020,10,27,25.1,5.71
11.75,76.25,2020,10,27,23.4,5.26
11.75,76.75,2020,10,27,23.27,5.26
11.75,77.25,2020,10,27,23.88,5.32
12.25,74.25,2020,10,27,27.71,5.65
12.25,74.75,2020,10,27,27.28,5.65
12.25,75.25,2020,10,27,25.9,5.62
12.25,75.75,2020,10,27,23.94,5.62
12.25,76.25,2020,10,27,22.78,5.57
12.25,76.75,2020,10,27,22.92,5.57
12.25,77.25,2020,10,27,22.96,5.6
12.75,74.25,2020,10,27,27.63,5.65
12.75,74.75,2020,10,27,27.03,5.65
12.75,75.25,2020,10,27,25.38,5.62
12.75,75.75,2020,10,27,23.2,5.62
12.75,76.25,2020,10,27,22.09,5.57
12.75,76.75,2020,10,27,22.35,5.57
12.75,77.25,2020,10,27,22.22,5.6
8.25,74.25,2020,10,28,28.02,4.86
8.25,74.75,2020,10,28,27.94,4.86
8.25,75.25,2020,10,28,27.78,4.43
8.25,75.75,2020,10,28,27.52,4.43
8.25,76.25,2020,10,28,27.11,5.28
8.25,76.75,2020,10,28,26.47,5.28
8.25,77.25,2020,10,28,26.39,4.35
8.75,74.25,2020,10,28,27.92,4.86
8.75,74.75,2020,10,28,27.88,4.86
8.75,75.25,2020,10,28,27.73,4.43
8.75,75.75,2020,10,28,27.42,4.43
8.75,76.25,2020,10,28,26.94,5.28
8.75,76.75,2020,10,28,25.59,5.28
8.75,77.25,2020,10,28,25.7,4.35
9.25,74.25,2020,10,28,27.94,5.43
9.25,74.75,2020,10,28,27.89,5.43
9.25,75.25,2020,10,28,27.74,5.56
9.25,75.75,2020,10,28,27.42,5.56
9.25,76.25,2020,10,28,26.92,5.38
9.25,76.75,2020,10,28,24.81,5.38
9.25,77.25,2020,10,28,24.75,4.29
9.75,74.25,2020,10,28,28,5.43
9.75,74.75,2020,10,28,27.92,5.43
9.75,75.25,2020,10,28,27.78,5.56
9.75,75.75,2020,10,28,27.46,5.56
9.75,76.25,2020,10,28,26.82,5.38
9.75,76.75,2020,10,28,24.11,5.38
9.75,77.25,2020,10,28,23.66,4.29
10.25,74.25,2020,10,28,28.02,5.69
10.25,74.75,2020,10,28,27.94,5.69
10.25,75.25,2020,10,28,27.81,5.65
10.25,75.75,2020,10,28,27.49,5.65
10.25,76.25,2020,10,28,26.72,5.44
10.25,76.75,2020,10,28,24.27,5.44
10.25,77.25,2020,10,28,23.91,4.92
10.75,74.25,2020,10,28,28.02,5.69
10.75,74.75,2020,10,28,27.95,5.69
10.75,75.25,2020,10,28,27.81,5.65
10.75,75.75,2020,10,28,27.31,5.65
10.75,76.25,2020,10,28,25.94,5.44
10.75,76.75,2020,10,28,24.8,5.44
10.75,77.25,2020,10,28,25.2,4.92
11.25,74.25,2020,10,28,27.99,5.65
11.25,74.75,2020,10,28,27.93,5.65
11.25,75.25,2020,10,28,27.57,5.88
11.25,75.75,2020,10,28,26.49,5.88
11.25,76.25,2020,10,28,24.13,5.79
11.25,76.75,2020,10,28,24.02,5.79
11.25,77.25,2020,10,28,25.07,5.58
11.75,74.25,2020,10,28,27.94,5.65
11.75,74.75,2020,10,28,27.76,5.65
11.75,75.25,2020,10,28,26.84,5.88
11.75,75.75,2020,10,28,25.05,5.88
11.75,76.25,2020,10,28,22.76,5.79
11.75,76.75,2020,10,28,22.9,5.79
11.75,77.25,2020,10,28,23.66,5.58
12.25,74.25,2020,10,28,27.91,5.74
12.25,74.75,2020,10,28,27.47,5.74
12.25,75.25,2020,10,28,25.91,5.91
12.25,75.75,2020,10,28,23.62,5.91
12.25,76.25,2020,10,28,22.13,5.83
12.25,76.75,2020,10,28,22.42,5.83
12.25,77.25,2020,10,28,22.69,5.79
12.75,74.25,2020,10,28,27.94,5.74
12.75,74.75,2020,10,28,27.22,5.74
12.75,75.25,2020,10,28,25.25,5.91
12.75,75.75,2020,10,28,22.7,5.91
12.75,76.25,2020,10,28,21.53,5.83
12.75,76.75,2020,10,28,21.92,5.83
12.75,77.25,2020,10,28,21.95,5.79
8.25,74.25,2020,10,29,27.79,5.77
8.25,74.75,2020,10,29,27.65,5.77
8.25,75.25,2020,10,29,27.51,5.54
8.25,75.75,2020,10,29,27.36,5.54
8.25,76.25,2020,10,29,27.16,5.51
8.25,76.75,2020,10,29,26.76,5.51
8.25,77.25,2020,10,29,26.74,4.9
8.75,74.25,2020,10,29,27.76,5.77
8.75,74.75,2020,10,29,27.67,5.77
8.75,75.25,2020,10,29,27.55,5.54
8.75,75.75,2020,10,29,27.35,5.54
8.75,76.25,2020,10,29,27,5.51
8.75,76.75,2020,10,29,26.01,5.51
8.75,77.25,2020,10,29,26.02,4.9
9.25,74.25,2020,10,29,27.81,5.59
9.25,74.75,2020,10,29,27.73,5.59
9.25,75.25,2020,10,29,27.58,5.52
9.25,75.75,2020,10,29,27.32,5.52
9.25,76.25,2020,10,29,26.92,5.79
9.25,76.75,2020,10,29,25.12,5.79
9.25,77.25,2020,10,29,25.02,4.94
9.75,74.25,2020,10,29,27.92,5.59
9.75,74.75,2020,10,29,27.79,5.59
9.75,75.25,2020,10,29,27.6,5.52
9.75,75.75,2020,10,29,27.3,5.52
9.75,76.25,2020,10,29,26.78,5.79
9.75,76.75,2020,10,29,24.14,5.79
9.75,77.25,2020,10,29,23.64,4.94
10.25,74.25,2020,10,29,28,5.32
10.25,74.75,2020,10,29,27.88,5.32
10.25,75.25,2020,10,29,27.7,5.53
10.25,75.75,2020,10,29,27.33,5.53
10.25,76.25,2020,10,29,26.58,5.83
10.25,76.75,2020,10,29,24.09,5.83
10.25,77.25,2020,10,29,23.69,5.76
10.75,74.25,2020,10,29,28.03,5.32
10.75,74.75,2020,10,29,27.97,5.32
10.75,75.25,2020,10,29,27.76,5.53
10.75,75.75,2020,10,29,27.12,5.53
10.75,76.25,2020,10,29,25.66,5.83
10.75,76.75,2020,10,29,24.54,5.83
10.75,77.25,2020,10,29,24.95,5.76
11.25,74.25,2020,10,29,28.07,5.49
11.25,74.75,2020,10,29,28,5.49
11.25,75.25,2020,10,29,27.5,5.89
11.25,75.75,2020,10,29,26.2,5.89
11.25,76.25,2020,10,29,23.77,5.54
11.25,76.75,2020,10,29,23.7,5.54
11.25,77.25,2020,10,29,24.83,5.73
11.75,74.25,2020,10,29,28.15,5.49
11.75,74.75,2020,10,29,27.87,5.49
11.75,75.25,2020,10,29,26.72,5.89
11.75,75.75,2020,10,29,24.67,5.89
11.75,76.25,2020,10,29,22.37,5.54
11.75,76.75,2020,10,29,22.6,5.54
11.75,77.25,2020,10,29,23.39,5.73
12.25,74.25,2020,10,29,28.15,5.76
12.25,74.75,2020,10,29,27.48,5.76
12.25,75.25,2020,10,29,25.67,5.51
12.25,75.75,2020,10,29,23.21,5.51
12.25,76.25,2020,10,29,21.78,5.55
12.25,76.75,2020,10,29,22.18,5.55
12.25,77.25,2020,10,29,22.35,4.87
12.75,74.25,2020,10,29,28.05,5.76
12.75,74.75,2020,10,29,27,5.76
12.75,75.25,2020,10,29,24.8,5.51
12.75,75.75,2020,10,29,22.23,5.51
12.75,76.25,2020,10,29,21.22,5.55
12.75,76.75,2020,10,29,21.7,5.55
12.75,77.25,2020,10,29,21.6,4.87
8.25,74.25,2020,10,30,28.2,5.81
8.25,74.75,2020,10,30,28.03,5.81
8.25,75.25,2020,10,30,27.88,5.59
8.25,75.75,2020,10,30,27.78,5.59
8.25,76.25,2020,10,30,27.7,5.38
8.25,76.75,2020,10,30,27.03,5.38
8.25,77.25,2020,10,30,26.9,5.16
8.75,74.25,2020,10,30,28.21,5.81
8.75,74.75,2020,10,30,28.11,5.81
8.75,75.25,2020,10,30,27.99,5.59
8.75,75.75,2020,10,30,27.84,5.59
8.75,76.25,2020,10,30,27.61,5.38
8.75,76.75,2020,10,30,26.06,5.38
8.75,77.25,2020,10,30,26.04,5.16
9.25,74.25,2020,10,30,28.28,5.53
9.25,74.75,2020,10,30,28.24,5.53
9.25,75.25,2020,10,30,28.13,5.58
9.25,75.75,2020,10,30,27.91,5.58
9.25,76.25,2020,10,30,27.53,5.66
9.25,76.75,2020,10,30,25.25,5.66
9.25,77.25,2020,10,30,25.18,5
9.75,74.25,2020,10,30,28.37,5.53
9.75,74.75,2020,10,30,28.36,5.53
9.75,75.25,2020,10,30,28.27,5.58
9.75,75.75,2020,10,30,27.97,5.58
9.75,76.25,2020,10,30,27.27,5.66
9.75,76.75,2020,10,30,24.31,5.66
9.75,77.25,2020,10,30,23.91,5
10.25,74.25,2020,10,30,28.45,5.38
10.25,74.75,2020,10,30,28.42,5.38
10.25,75.25,2020,10,30,28.29,5.12
10.25,75.75,2020,10,30,27.89,5.12
10.25,76.25,2020,10,30,26.94,5.5
10.25,76.75,2020,10,30,24.32,5.5
10.25,77.25,2020,10,30,23.81,5.04
10.75,74.25,2020,10,30,28.55,5.38
10.75,74.75,2020,10,30,28.46,5.38
10.75,75.25,2020,10,30,28.18,5.12
10.75,75.75,2020,10,30,27.48,5.12
10.75,76.25,2020,10,30,26.01,5.5
10.75,76.75,2020,10,30,24.8,5.5
10.75,77.25,2020,10,30,24.84,5.04
11.25,74.25,2020,10,30,28.59,5.73
11.25,74.75,2020,10,30,28.43,5.73
11.25,75.25,2020,10,30,27.82,5.95
11.25,75.75,2020,10,30,26.45,5.95
11.25,76.25,2020,10,30,24.1,5.45
11.25,76.75,2020,10,30,23.9,5.45
11.25,77.25,2020,10,30,24.68,5.81
11.75,74.25,2020,10,30,28.53,5.73
11.75,74.75,2020,10,30,28.17,5.73
11.75,75.25,2020,10,30,26.97,5.95
11.75,75.75,2020,10,30,24.93,5.95
11.75,76.25,2020,10,30,22.66,5.45
11.75,76.75,2020,10,30,22.77,5.45
11.75,77.25,2020,10,30,23.4,5.81
12.25,74.25,2020,10,30,28.42,5.64
12.25,74.75,2020,10,30,27.7,5.64
12.25,75.25,2020,10,30,25.9,5.43
12.25,75.75,2020,10,30,23.5,5.43
12.25,76.25,2020,10,30,22.06,5.56
12.25,76.75,2020,10,30,22.4,5.56
12.25,77.25,2020,10,30,22.56,5.57
12.75,74.25,2020,10,30,28.34,5.64
12.75,74.75,2020,10,30,27.3,5.64
12.75,75.25,2020,10,30,25.12,5.43
12.75,75.75,2020,10,30,22.58,5.43
12.75,76.25,2020,10,30,21.56,5.56
12.75,76.75,2020,10,30,21.99,5.56
12.75,77.25,2020,10,30,21.96,5.57
8.25,74.25,2020,10,31,28.32,5.52
8.25,74.75,2020,10,31,28.26,5.52
8.25,75.25,2020,10,31,28.18,5.46
8.25,75.75,2020,10,31,28.07,5.46
8.25,76.25,2020,10,31,27.94,5.53
8.25,76.75,2020,10,31,27.41,5.53
8.25,77.25,2020,10,31,27.3,5.31
8.75,74.25,2020,10,31,28.31,5.52
8.75,74.75,2020,10,31,28.25,5.52
8.75,75.25,2020,10,31,28.15,5.46
8.75,75.75,2020,10,31,28.02,5.46
8.75,76.25,2020,10,31,27.91,5.53
8.75,76.75,2020,10,31,26.64,5.53
8.75,77.25,2020,10,31,26.67,5.31
9.25,74.25,2020,10,31,28.33,5.27
9.25,74.75,2020,10,31,28.29,5.27
9.25,75.25,2020,10,31,28.2,5.47
9.25,75.75,2020,10,31,28.06,5.47
9.25,76.25,2020,10,31,27.93,5.5
9.25,76.75,2020,10,31,25.94,5.5
9.25,77.25,2020,10,31,25.92,5.04
9.75,74.25,2020,10,31,28.39,5.27
9.75,74.75,2020,10,31,28.36,5.27
9.75,75.25,2020,10,31,28.3,5.47
9.75,75.75,2020,10,31,28.12,5.47
9.75,76.25,2020,10,31,27.69,5.5
9.75,76.75,2020,10,31,24.92,5.5
9.75,77.25,2020,10,31,24.49,5.04
10.25,74.25,2020,10,31,28.45,5.24
10.25,74.75,2020,10,31,28.42,5.24
10.25,75.25,2020,10,31,28.35,5.39
10.25,75.75,2020,10,31,28.06,5.39
10.25,76.25,2020,10,31,27.25,5.61
10.25,76.75,2020,10,31,24.74,5.61
10.25,77.25,2020,10,31,24.21,5.26
10.75,74.25,2020,10,31,28.54,5.24
10.75,74.75,2020,10,31,28.48,5.24
10.75,75.25,2020,10,31,28.31,5.39
10.75,75.75,2020,10,31,27.71,5.39
10.75,76.25,2020,10,31,26.22,5.61
10.75,76.75,2020,10,31,25.03,5.61
10.75,77.25,2020,10,31,25.34,5.26
11.25,74.25,2020,10,31,28.6,5.47
11.25,74.75,2020,10,31,28.46,5.47
11.25,75.25,2020,10,31,27.94,5.67
11.25,75.75,2020,10,31,26.68,5.67
11.25,76.25,2020,10,31,24.32,5.15
11.25,76.75,2020,10,31,24.04,5.15
11.25,77.25,2020,10,31,25.34,5.74
11.75,74.25,2020,10,31,28.53,5.47
11.75,74.75,2020,10,31,28.17,5.47
11.75,75.25,2020,10,31,26.98,5.67
11.75,75.75,2020,10,31,25.02,5.67
11.75,76.25,2020,10,31,22.9,5.15
11.75,76.75,2020,10,31,23.11,5.15
11.75,77.25,2020,10,31,24.17,5.74
12.25,74.25,2020,10,31,28.39,5.41
12.25,74.75,2020,10,31,27.69,5.41
12.25,75.25,2020,10,31,25.86,5.45
12.25,75.75,2020,10,31,23.51,5.45
12.25,76.25,2020,10,31,22.31,5.6
12.25,76.75,2020,10,31,22.97,5.6
12.25,77.25,2020,10,31,23.36,5.5
12.75,74.25,2020,10,31,28.31,5.41
12.75,74.75,2020,10,31,27.33,5.41
12.75,75.25,2020,10,31,25.17,5.45
12.75,75.75,2020,10,31,22.69,5.45
12.75,76.25,2020,10,31,21.89,5.6
12.75,76.75,2020,10,31,22.51,5.6
12.75,77.25,2020,10,31,22.61,5.5
8.25,74.25,2020,11,1,28.33,5.8
8.25,74.75,2020,11,1,28.37,5.8
8.25,75.25,2020,11,1,28.4,5.9
8.25,75.75,2020,11,1,28.4,5.9
8.25,76.25,2020,11,1,28.37,5.76
8.25,76.75,2020,11,1,27.82,5.76
8.25,77.25,2020,11,1,27.62,5.62
8.75,74.25,2020,11,1,28.46,5.8
8.75,74.75,2020,11,1,28.45,5.8
8.75,75.25,2020,11,1,28.44,5.9
8.75,75.75,2020,11,1,28.41,5.9
8.75,76.25,2020,11,1,28.34,5.76
8.75,76.75,2020,11,1,26.84,5.76
8.75,77.25,2020,11,1,26.77,5.62
9.25,74.25,2020,11,1,28.5,5.83
9.25,74.75,2020,11,1,28.46,5.83
9.25,75.25,2020,11,1,28.43,5.81
9.25,75.75,2020,11,1,28.4,5.81
9.25,76.25,2020,11,1,28.34,5.55
9.25,76.75,2020,11,1,25.89,5.55
9.25,77.25,2020,11,1,25.72,5.33
9.75,74.25,2020,11,1,28.49,5.83
9.75,74.75,2020,11,1,28.45,5.83
9.75,75.25,2020,11,1,28.41,5.81
9.75,75.75,2020,11,1,28.3,5.81
9.75,76.25,2020,11,1,27.95,5.55
9.75,76.75,2020,11,1,24.77,5.55
9.75,77.25,2020,11,1,24.34,5.33
10.25,74.25,2020,11,1,28.49,5.41
10.25,74.75,2020,11,1,28.44,5.41
10.25,75.25,2020,11,1,28.37,5.2
10.25,75.75,2020,11,1,28.1,5.2
10.25,76.25,2020,11,1,27.28,4.81
10.25,76.75,2020,11,1,24.51,4.81
10.25,77.25,2020,11,1,24.36,4.37
10.75,74.25,2020,11,1,28.49,5.41
10.75,74.75,2020,11,1,28.4,5.41
10.75,75.25,2020,11,1,28.21,5.2
10.75,75.75,2020,11,1,27.63,5.2
10.75,76.25,2020,11,1,26.14,4.81
10.75,76.75,2020,11,1,24.9,4.81
10.75,77.25,2020,11,1,25.62,4.37
11.25,74.25,2020,11,1,28.4,5.1
11.25,74.75,2020,11,1,28.2,5.1
11.25,75.25,2020,11,1,27.69,5.09
11.25,75.75,2020,11,1,26.54,5.09
11.25,76.25,2020,11,1,24.33,4.6
11.25,76.75,2020,11,1,24.28,4.6
11.25,77.25,2020,11,1,25.67,4.98
11.75,74.25,2020,11,1,28.09,5.1
11.75,74.75,2020,11,1,27.75,5.1
11.75,75.25,2020,11,1,26.75,5.09
11.75,75.75,2020,11,1,25.07,5.09
11.75,76.25,2020,11,1,23.15,4.6
11.75,76.75,2020,11,1,23.66,4.6
11.75,77.25,2020,11,1,24.55,4.98
12.25,74.25,2020,11,1,27.81,4.86
12.25,74.75,2020,11,1,27.29,4.86
12.25,75.25,2020,11,1,25.82,4.72
12.25,75.75,2020,11,1,23.81,4.72
12.25,76.25,2020,11,1,22.75,4.88
12.25,76.75,2020,11,1,23.5,4.88
12.25,77.25,2020,11,1,23.7,5.45
12.75,74.25,2020,11,1,27.84,4.86
12.75,74.75,2020,11,1,27.05,4.86
12.75,75.25,2020,11,1,25.21,4.72
12.75,75.75,2020,11,1,23.03,4.72
12.75,76.25,2020,11,1,22.36,4.88
12.75,76.75,2020,11,1,22.89,4.88
12.75,77.25,2020,11,1,22.9,5.45
8.25,74.25,2020,11,2,28.15,5.67
8.25,74.75,2020,11,2,28.13,5.67
8.25,75.25,2020,11,2,28.19,5.9
8.25,75.75,2020,11,2,28.29,5.9
8.25,76.25,2020,11,2,28.34,5.68
8.25,76.75,2020,11,2,27.69,5.68
8.25,77.25,2020,11,2,27.41,5.27
8.75,74.25,2020,11,2,28.27,5.67
8.75,74.75,2020,11,2,28.24,5.67
8.75,75.25,2020,11,2,28.28,5.9
8.75,75.75,2020,11,2,28.35,5.9
8.75,76.25,2020,11,2,28.35,5.68
8.75,76.75,2020,11,2,26.77,5.68
8.75,77.25,2020,11,2,26.59,5.27
9.25,74.25,2020,11,2,28.4,5.76
9.25,74.75,2020,11,2,28.38,5.76
9.25,75.25,2020,11,2,28.41,5.73
9.25,75.75,2020,11,2,28.42,5.73
9.25,76.25,2020,11,2,28.24,5.48
9.25,76.75,2020,11,2,25.93,5.48
9.25,77.25,2020,11,2,25.7,4.79
9.75,74.25,2020,11,2,28.47,5.76
9.75,74.75,2020,11,2,28.48,5.76
9.75,75.25,2020,11,2,28.5,5.73
9.75,75.75,2020,11,2,28.35,5.73
9.75,76.25,2020,11,2,27.73,5.48
9.75,76.75,2020,11,2,24.85,5.48
9.75,77.25,2020,11,2,24.28,4.79
10.25,74.25,2020,11,2,28.48,5.52
10.25,74.75,2020,11,2,28.49,5.52
10.25,75.25,2020,11,2,28.4,5.26
10.25,75.75,2020,11,2,28,5.26
10.25,76.25,2020,11,2,26.96,4.5
10.25,76.75,2020,11,2,24.59,4.5
10.25,77.25,2020,11,2,24.28,4.16
10.75,74.25,2020,11,2,28.47,5.52
10.75,74.75,2020,11,2,28.36,5.52
10.75,75.25,2020,11,2,28.01,5.26
10.75,75.75,2020,11,2,27.23,5.26
10.75,76.25,2020,11,2,25.83,4.5
10.75,76.75,2020,11,2,24.94,4.5
10.75,77.25,2020,11,2,25.57,4.16
11.25,74.25,2020,11,2,28.41,5.22
11.25,74.75,2020,11,2,28.13,5.22
11.25,75.25,2020,11,2,27.41,5.01
11.25,75.75,2020,11,2,26.13,5.01
11.25,76.25,2020,11,2,24.31,3.94
11.25,76.75,2020,11,2,24.26,3.94
11.25,77.25,2020,11,2,25.53,4.62
11.75,74.25,2020,11,2,28.32,5.22
11.75,74.75,2020,11,2,27.88,5.22
11.75,75.25,2020,11,2,26.72,5.01
11.75,75.75,2020,11,2,24.98,5.01
11.75,76.25,2020,11,2,23.3,3.94
11.75,76.75,2020,11,2,23.42,3.94
11.75,77.25,2020,11,2,24.26,4.62
12.25,74.25,2020,11,2,28.27,4.73
12.25,74.75,2020,11,2,27.65,4.73
12.25,75.25,2020,11,2,26.05,4.28
12.25,75.75,2020,11,2,23.93,4.28
12.25,76.25,2020,11,2,22.78,4.32
12.25,76.75,2020,11,2,23.22,4.32
12.25,77.25,2020,11,2,23.51,4.76
12.75,74.25,2020,11,2,28.22,4.73
12.75,74.75,2020,11,2,27.41,4.73
12.75,75.25,2020,11,2,25.48,4.28
12.75,75.75,2020,11,2,23.16,4.28
12.75,76.25,2020,11,2,22.28,4.32
12.75,76.75,2020,11,2,22.86,4.32
12.75,77.25,2020,11,2,23.01,4.76
8.25,74.25,2020,11,3,28.34,5.53
8.25,74.75,2020,11,3,28.39,5.53
8.25,75.25,2020,11,3,28.45,5.43
8.25,75.75,2020,11,3,28.46,5.43
8.25,76.25,2020,11,3,28.4,5.33
8.25,76.75,2020,11,3,27.92,5.33
8.25,77.25,2020,11,3,27.79,4.7
8.75,74.25,2020,11,3,28.44,5.53
8.75,74.75,2020,11,3,28.51,5.53
8.75,75.25,2020,11,3,28.49,5.43
8.75,75.75,2020,11,3,28.35,5.43
8.75,76.25,2020,11,3,28.15,5.33
8.75,76.75,2020,11,3,27.04,5.33
8.75,77.25,2020,11,3,26.88,4.7
9.25,74.25,2020,11,3,28.54,5.31
9.25,74.75,2020,11,3,28.61,5.31
9.25,75.25,2020,11,3,28.46,4.92
9.25,75.75,2020,11,3,28.1,4.92
9.25,76.25,2020,11,3,27.83,3.99
9.25,76.75,2020,11,3,26.04,3.99
9.25,77.25,2020,11,3,25.64,4.54
9.75,74.25,2020,11,3,28.62,5.31
9.75,74.75,2020,11,3,28.68,5.31
9.75,75.25,2020,11,3,28.51,4.92
9.75,75.75,2020,11,3,28.08,4.92
9.75,76.25,2020,11,3,27.63,3.99
9.75,76.75,2020,11,3,24.86,3.99
9.75,77.25,2020,11,3,23.98,4.54
10.25,74.25,2020,11,3,28.65,5.02
10.25,74.75,2020,11,3,28.67,5.02
10.25,75.25,2020,11,3,28.55,3.71
10.25,75.75,2020,11,3,28.17,3.71
10.25,76.25,2020,11,3,27.44,2.58
10.25,76.75,2020,11,3,24.6,2.58
10.25,77.25,2020,11,3,23.82,4.1
10.75,74.25,2020,11,3,28.63,5.02
10.75,74.75,2020,11,3,28.54,5.02
10.75,75.25,2020,11,3,28.34,3.71
10.75,75.75,2020,11,3,27.78,3.71
10.75,76.25,2020,11,3,26.45,2.58
10.75,76.75,2020,11,3,24.89,2.58
10.75,77.25,2020,11,3,25.11,4.1
11.25,74.25,2020,11,3,28.53,4.74
11.25,74.75,2020,11,3,28.23,4.74
11.25,75.25,2020,11,3,27.7,2.94
11.25,75.75,2020,11,3,26.68,2.94
11.25,76.25,2020,11,3,24.64,3.15
11.25,76.75,2020,11,3,24.1,3.15
11.25,77.25,2020,11,3,25.17,4.51
11.75,74.25,2020,11,3,28.28,4.74
11.75,74.75,2020,11,3,27.72,4.74
11.75,75.25,2020,11,3,26.74,2.94
11.75,75.75,2020,11,3,25.3,2.94
11.75,76.25,2020,11,3,23.53,3.15
11.75,76.75,2020,11,3,23.41,3.15
11.75,77.25,2020,11,3,24.1,4.51
12.25,74.25,2020,11,3,28.08,4.38
12.25,74.75,2020,11,3,27.29,4.38
12.25,75.25,2020,11,3,25.87,3.5
12.25,75.75,2020,11,3,24.15,3.5
12.25,76.25,2020,11,3,23.09,4.25
12.25,76.75,2020,11,3,23.46,4.25
12.25,77.25,2020,11,3,23.53,4.84
12.75,74.25,2020,11,3,28.15,4.38
12.75,74.75,2020,11,3,27.15,4.38
12.75,75.25,2020,11,3,25.37,3.5
12.75,75.75,2020,11,3,23.41,3.5
12.75,76.25,2020,11,3,22.63,4.25
12.75,76.75,2020,11,3,23.18,4.25
12.75,77.25,2020,11,3,23.11,4.84
8.25,74.25,2020,11,4,28.35,5.55
8.25,74.75,2020,11,4,28.45,5.55
8.25,75.25,2020,11,4,28.55,5.28
8.25,75.75,2020,11,4,28.6,5.28
8.25,76.25,2020,11,4,28.52,5.15
8.25,76.75,2020,11,4,27.83,5.15
8.25,77.25,2020,11,4,27.63,4.58
8.75,74.25,2020,11,4,28.55,5.55
8.75,74.75,2020,11,4,28.69,5.55
8.75,75.25,2020,11,4,28.79,5.28
8.75,75.75,2020,11,4,28.77,5.28
8.75,76.25,2020,11,4,28.53,5.15
8.75,76.75,2020,11,4,26.96,5.15
8.75,77.25,2020,11,4,26.81,4.58
9.25,74.25,2020,11,4,28.69,4.59
9.25,74.75,2020,11,4,28.77,4.59
9.25,75.25,2020,11,4,28.77,4.31
9.25,75.75,2020,11,4,28.63,4.31
9.25,76.25,2020,11,4,28.27,5.18
9.25,76.75,2020,11,4,26.06,5.18
9.25,77.25,2020,11,4,25.78,4.69
9.75,74.25,2020,11,4,28.67,4.59
9.75,74.75,2020,11,4,28.66,4.59
9.75,75.25,2020,11,4,28.56,4.31
9.75,75.75,2020,11,4,28.3,4.31
9.75,76.25,2020,11,4,27.74,5.18
9.75,76.75,2020,11,4,24.96,5.18
9.75,77.25,2020,11,4,24.27,4.69
10.25,74.25,2020,11,4,28.51,3.39
10.25,74.75,2020,11,4,28.38,3.39
10.25,75.25,2020,11,4,28.21,4.43
10.25,75.75,2020,11,4,27.9,4.43
10.25,76.25,2020,11,4,27.23,4.52
10.25,76.75,2020,11,4,24.74,4.52
10.25,77.25,2020,11,4,24.1,4.24
10.75,74.25,2020,11,4,28.29,3.39
10.75,74.75,2020,11,4,28.01,3.39
10.75,75.25,2020,11,4,27.73,4.43
10.75,75.75,2020,11,4,27.29,4.43
10.75,76.25,2020,11,4,26.3,4.52
10.75,76.75,2020,11,4,25.09,4.52
10.75,77.25,2020,11,4,25.24,4.24
11.25,74.25,2020,11,4,28.05,4.26
11.25,74.75,2020,11,4,27.59,4.26
11.25,75.25,2020,11,4,27.09,4.62
11.25,75.75,2020,11,4,26.31,4.62
11.25,76.25,2020,11,4,24.67,4.18
11.25,76.75,2020,11,4,24.3,4.18
11.25,77.25,2020,11,4,25.23,4.49
11.75,74.25,2020,11,4,27.77,4.26
11.75,74.75,2020,11,4,27.23,4.26
11.75,75.25,2020,11,4,26.38,4.62
11.75,75.75,2020,11,4,25.17,4.62
11.75,76.25,2020,11,4,23.69,4.18
11.75,76.75,2020,11,4,23.6,4.18
11.75,77.25,2020,11,4,24.27,4.49
12.25,74.25,2020,11,4,27.55,3.56
12.25,74.75,2020,11,4,26.97,3.56
12.25,75.25,2020,11,4,25.73,4.28
12.25,75.75,2020,11,4,24.16,4.28
12.25,76.25,2020,11,4,23.33,4.55
12.25,76.75,2020,11,4,23.67,4.55
12.25,77.25,2020,11,4,23.81,4.36
12.75,74.25,2020,11,4,27.6,3.56
12.75,74.75,2020,11,4,26.89,3.56
12.75,75.25,2020,11,4,25.36,4.28
12.75,75.75,2020,11,4,23.54,4.28
12.75,76.25,2020,11,4,22.87,4.55
12.75,76.75,2020,11,4,23.42,4.55
12.75,77.25,2020,11,4,23.41,4.36
8.25,74.25,2020,11,5,28.5,5.1
8.25,74.75,2020,11,5,28.34,5.1
8.25,75.25,2020,11,5,28.23,3.66
8.25,75.75,2020,11,5,28.15,3.66
8.25,76.25,2020,11,5,28.06,4.9
8.25,76.75,2020,11,5,27.92,4.9
8.25,77.25,2020,11,5,27.61,4.54
8.75,74.25,2020,11,5,28.52,5.1
8.75,74.75,2020,11,5,28.34,5.1
8.75,75.25,2020,11,5,28.21,3.66
8.75,75.75,2020,11,5,28.13,3.66
8.75,76.25,2020,11,5,28.06,4.9
8.75,76.75,2020,11,5,27.05,4.9
8.75,77.25,2020,11,5,26.6,4.54
9.25,74.25,2020,11,5,28.55,3.69
9.25,74.75,2020,11,5,28.36,3.69
9.25,75.25,2020,11,5,28.19,3.98
9.25,75.75,2020,11,5,28.07,3.98
9.25,76.25,2020,11,5,28.02,4.87
9.25,76.75,2020,11,5,25.92,4.87
9.25,77.25,2020,11,5,25.42,4.41
9.75,74.25,2020,11,5,28.58,3.69
9.75,74.75,2020,11,5,28.38,3.69
9.75,75.25,2020,11,5,28.19,3.98
9.75,75.75,2020,11,5,28.02,3.98
9.75,76.25,2020,11,5,27.85,4.87
9.75,76.75,2020,11,5,24.68,4.87
9.75,77.25,2020,11,5,23.86,4.41
10.25,74.25,2020,11,5,28.53,3.63
10.25,74.75,2020,11,5,28.37,3.63
10.25,75.25,2020,11,5,28.19,3.04
10.25,75.75,2020,11,5,27.94,3.04
10.25,76.25,2020,11,5,27.53,4.23
10.25,76.75,2020,11,5,24.5,4.23
10.25,77.25,2020,11,5,23.81,4.08
10.75,74.25,2020,11,5,28.33,3.63
10.75,74.75,2020,11,5,28.21,3.63
10.75,75.25,2020,11,5,27.99,3.04
10.75,75.75,2020,11,5,27.49,3.04
10.75,76.25,2020,11,5,26.46,4.23
10.75,76.75,2020,11,5,24.9,4.23
10.75,77.25,2020,11,5,25.09,4.08
11.25,74.25,2020,11,5,28.03,3.71
11.25,74.75,2020,11,5,27.88,3.71
11.25,75.25,2020,11,5,27.39,3.44
11.25,75.75,2020,11,5,26.33,3.44
11.25,76.25,2020,11,5,24.54,3.91
11.25,76.75,2020,11,5,24.1,3.91
11.25,77.25,2020,11,5,25.14,4.53
11.75,74.25,2020,11,5,27.71,3.71
11.75,74.75,2020,11,5,27.4,3.71
11.75,75.25,2020,11,5,26.36,3.44
11.75,75.75,2020,11,5,24.71,3.44
11.75,76.25,2020,11,5,23.28,3.91
11.75,76.75,2020,11,5,23.39,3.91
11.75,77.25,2020,11,5,24.17,4.53
12.25,74.25,2020,11,5,27.42,4.83
12.25,74.75,2020,11,5,26.84,4.83
12.25,75.25,2020,11,5,25.3,4.47
12.25,75.75,2020,11,5,23.33,4.47
12.25,76.25,2020,11,5,22.66,4.75
12.25,76.75,2020,11,5,23.4,4.75
12.25,77.25,2020,11,5,23.66,4.7
12.75,74.25,2020,11,5,27.35,4.83
12.75,74.75,2020,11,5,26.44,4.83
12.75,75.25,2020,11,5,24.56,4.47
12.75,75.75,2020,11,5,22.46,4.47
12.75,76.25,2020,11,5,22.01,4.75
12.75,76.75,2020,11,5,22.94,4.75
12.75,77.25,2020,11,5,23.09,4.7
8.25,74.25,2020,11,6,28.24,4.83
8.25,74.75,2020,11,6,28.03,4.83
8.25,75.25,2020,11,6,27.85,4.38
8.25,75.75,2020,11,6,27.78,4.38
8.25,76.25,2020,11,6,28.01,4.27
8.25,76.75,2020,11,6,27.63,4.27
8.25,77.25,2020,11,6,26.93,3.3
8.75,74.25,2020,11,6,28.16,4.83
8.75,74.75,2020,11,6,27.95,4.83
8.75,75.25,2020,11,6,27.74,4.38
8.75,75.75,2020,11,6,27.69,4.38
8.75,76.25,2020,11,6,28.09,4.27
8.75,76.75,2020,11,6,26.62,4.27
8.75,77.25,2020,11,6,25.64,3.3
9.25,74.25,2020,11,6,28.01,4.26
9.25,74.75,2020,11,6,27.85,4.26
9.25,75.25,2020,11,6,27.72,4.77
9.25,75.75,2020,11,6,27.74,4.77
9.25,76.25,2020,11,6,28.29,4.92
9.25,76.75,2020,11,6,25.59,4.92
9.25,77.25,2020,11,6,24.53,2.45
9.75,74.25,2020,11,6,27.94,4.26
9.75,74.75,2020,11,6,27.82,4.26
9.75,75.25,2020,11,6,27.79,4.77
9.75,75.75,2020,11,6,27.89,4.77
9.75,76.25,2020,11,6,28.26,4.92
9.75,76.75,2020,11,6,24.36,4.92
9.75,77.25,2020,11,6,23.06,2.45
10.25,74.25,2020,11,6,28.15,4.79
10.25,74.75,2020,11,6,28.08,4.79
10.25,75.25,2020,11,6,28.1,5.14
10.25,75.75,2020,11,6,28.04,5.14
10.25,76.25,2020,11,6,27.63,5.23
10.25,76.75,2020,11,6,23.94,5.23
10.25,77.25,2020,11,6,22.99,3.76
10.75,74.25,2020,11,6,28.4,4.79
10.75,74.75,2020,11,6,28.44,4.79
10.75,75.25,2020,11,6,28.45,5.14
10.75,75.75,2020,11,6,27.93,5.14
10.75,76.25,2020,11,6,26.06,5.23
10.75,76.75,2020,11,6,24.03,5.23
10.75,77.25,2020,11,6,24.19,3.76
11.25,74.25,2020,11,6,28.53,4.27
11.25,74.75,2020,11,6,28.59,4.27
11.25,75.25,2020,11,6,28.31,5.11
11.25,75.75,2020,11,6,27.06,5.11
11.25,76.25,2020,11,6,24.01,5.06
11.25,76.75,2020,11,6,23.14,5.06
11.25,77.25,2020,11,6,24.27,4.67
11.75,74.25,2020,11,6,28.55,4.27
11.75,74.75,2020,11,6,28.46,4.27
11.75,75.25,2020,11,6,27.49,5.11
11.75,75.75,2020,11,6,25.46,5.11
11.75,76.25,2020,11,6,22.86,5.06
11.75,76.75,2020,11,6,22.55,5.06
11.75,77.25,2020,11,6,23.42,4.67
12.25,74.25,2020,11,6,28.61,4.62
12.25,74.75,2020,11,6,28.14,4.62
12.25,75.25,2020,11,6,26.43,4.56
12.25,75.75,2020,11,6,23.95,4.56
12.25,76.25,2020,11,6,22.48,4.94
12.25,76.75,2020,11,6,22.78,4.94
12.25,77.25,2020,11,6,23.04,5.42
12.75,74.25,2020,11,6,28.68,4.62
12.75,74.75,2020,11,6,27.83,4.62
12.75,75.25,2020,11,6,25.75,4.56
12.75,75.75,2020,11,6,23.22,4.56
12.75,76.25,2020,11,6,22.28,4.94
12.75,76.75,2020,11,6,22.8,4.94
12.75,77.25,2020,11,6,22.81,5.42
8.25,74.25,2020,11,7,28.91,6
8.25,74.75,2020,11,7,28.91,6
8.25,75.25,2020,11,7,28.9,6.18
8.25,75.75,2020,11,7,28.89,6.18
8.25,76.25,2020,11,7,28.84,5.88
8.25,76.75,2020,11,7,28.13,5.88
8.25,77.25,2020,11,7,27.59,4.99
8.75,74.25,2020,11,7,28.82,6
8.75,74.75,2020,11,7,28.87,6
8.75,75.25,2020,11,7,28.89,6.18
8.75,75.75,2020,11,7,28.86,6.18
8.75,76.25,2020,11,7,28.86,5.88
8.75,76.75,2020,11,7,27.05,5.88
8.75,77.25,2020,11,7,26.21,4.99
9.25,74.25,2020,11,7,28.67,6.26
9.25,74.75,2020,11,7,28.77,6.26
9.25,75.25,2020,11,7,28.81,6.2
9.25,75.75,2020,11,7,28.82,6.2
9.25,76.25,2020,11,7,28.95,5.91
9.25,76.75,2020,11,7,26.1,5.91
9.25,77.25,2020,11,7,25.07,5.78
9.75,74.25,2020,11,7,28.68,6.26
9.75,74.75,2020,11,7,28.76,6.26
9.75,75.25,2020,11,7,28.81,6.2
9.75,75.75,2020,11,7,28.77,6.2
9.75,76.25,2020,11,7,28.67,5.91
9.75,76.75,2020,11,7,24.87,5.91
9.75,77.25,2020,11,7,23.58,5.78
10.25,74.25,2020,11,7,28.88,6.1
10.25,74.75,2020,11,7,28.9,6.1
10.25,75.25,2020,11,7,28.87,6.1
10.25,75.75,2020,11,7,28.61,6.1
10.25,76.25,2020,11,7,27.76,5.87
10.25,76.75,2020,11,7,24.26,5.87
10.25,77.25,2020,11,7,23.31,5.65
10.75,74.25,2020,11,7,28.99,6.1
10.75,74.75,2020,11,7,28.99,6.1
10.75,75.25,2020,11,7,28.9,6.1
10.75,75.75,2020,11,7,28.27,6.1
10.75,76.25,2020,11,7,26.27,5.87
10.75,76.75,2020,11,7,24.33,5.87
10.75,77.25,2020,11,7,24.48,5.65
11.25,74.25,2020,11,7,28.95,5.82
11.25,74.75,2020,11,7,28.94,5.82
11.25,75.25,2020,11,7,28.57,6.11
11.25,75.75,2020,11,7,27.32,6.11
11.25,76.25,2020,11,7,24.38,5.51
11.25,76.75,2020,11,7,23.58,5.51
11.25,77.25,2020,11,7,24.71,5.6
11.75,74.25,2020,11,7,28.88,5.82
11.75,74.75,2020,11,7,28.68,5.82
11.75,75.25,2020,11,7,27.62,6.11
11.75,75.75,2020,11,7,25.6,6.11
11.75,76.25,2020,11,7,23.11,5.51
11.75,76.75,2020,11,7,22.94,5.51
11.75,77.25,2020,11,7,23.86,5.6
12.25,74.25,2020,11,7,28.83,5.11
12.25,74.75,2020,11,7,28.27,5.11
12.25,75.25,2020,11,7,26.48,5.52
12.25,75.75,2020,11,7,23.99,5.52
12.25,76.25,2020,11,7,22.56,5.61
12.25,76.75,2020,11,7,22.98,5.61
12.25,77.25,2020,11,7,23.3,5.73
12.75,74.25,2020,11,7,28.83,5.11
12.75,74.75,2020,11,7,27.92,5.11
12.75,75.25,2020,11,7,25.74,5.52
12.75,75.75,2020,11,7,23.13,5.52
12.75,76.25,2020,11,7,22.19,5.61
12.75,76.75,2020,11,7,22.89,5.61
12.75,77.25,2020,11,7,23.03,5.73
8.25,74.25,2020,11,8,28.78,4.54
8.25,74.75,2020,11,8,28.81,4.54
8.25,75.25,2020,11,8,28.85,4.74
8.25,75.75,2020,11,8,28.87,4.74
8.25,76.25,2020,11,8,28.77,5.24
8.25,76.75,2020,11,8,28.08,5.24
8.25,77.25,2020,11,8,27.38,4.16
8.75,74.25,2020,11,8,28.79,4.54
8.75,74.75,2020,11,8,28.81,4.54
8.75,75.25,2020,11,8,28.86,4.74
8.75,75.75,2020,11,8,28.89,4.74
8.75,76.25,2020,11,8,28.8,5.24
8.75,76.75,2020,11,8,26.96,5.24
8.75,77.25,2020,11,8,25.94,4.16
9.25,74.25,2020,11,8,28.89,5.1
9.25,74.75,2020,11,8,28.89,5.1
9.25,75.25,2020,11,8,28.9,5.75
9.25,75.75,2020,11,8,28.94,5.75
9.25,76.25,2020,11,8,29.03,5.69
9.25,76.75,2020,11,8,26.07,5.69
9.25,77.25,2020,11,8,24.96,4.25
9.75,74.25,2020,11,8,28.97,5.1
9.75,74.75,2020,11,8,28.96,5.1
9.75,75.25,2020,11,8,28.94,5.75
9.75,75.75,2020,11,8,28.88,5.75
9.75,76.25,2020,11,8,28.8,5.69
9.75,76.75,2020,11,8,24.91,5.69
9.75,77.25,2020,11,8,23.63,4.25
10.25,74.25,2020,11,8,29,3.38
10.25,74.75,2020,11,8,29,3.38
10.25,75.25,2020,11,8,28.92,5.42
10.25,75.75,2020,11,8,28.6,5.42
10.25,76.25,2020,11,8,27.8,4.93
10.25,76.75,2020,11,8,24.29,4.93
10.25,77.25,2020,11,8,23.35,3.43
10.75,74.25,2020,11,8,29.01,3.38
10.75,74.75,2020,11,8,28.99,3.38
10.75,75.25,2020,11,8,28.83,5.42
10.75,75.75,2020,11,8,28.14,5.42
10.75,76.25,2020,11,8,26.28,4.93
10.75,76.75,2020,11,8,24.25,4.93
10.75,77.25,2020,11,8,24.3,3.43
11.25,74.25,2020,11,8,29.03,4.23
11.25,74.75,2020,11,8,28.97,4.23
11.25,75.25,2020,11,8,28.52,5.25
11.25,75.75,2020,11,8,27.2,5.25
11.25,76.25,2020,11,8,24.38,3.85
11.25,76.75,2020,11,8,23.43,3.85
11.25,77.25,2020,11,8,24.31,3.48
11.75,74.25,2020,11,8,29.05,4.23
11.75,74.75,2020,11,8,28.83,4.23
11.75,75.25,2020,11,8,27.76,5.25
11.75,75.75,2020,11,8,25.75,5.25
11.75,76.25,2020,11,8,23.26,3.85
11.75,76.75,2020,11,8,22.9,3.85
11.75,77.25,2020,11,8,23.47,3.48
12.25,74.25,2020,11,8,29.05,5.12
12.25,74.75,2020,11,8,28.51,5.12
12.25,75.25,2020,11,8,26.83,5.05
12.25,75.75,2020,11,8,24.47,5.05
12.25,76.25,2020,11,8,22.98,4.23
12.25,76.75,2020,11,8,23.13,4.23
12.25,77.25,2020,11,8,23.09,4.27
12.75,74.25,2020,11,8,29.06,5.12
12.75,74.75,2020,11,8,28.14,5.12
12.75,75.25,2020,11,8,26.1,5.05
12.75,75.75,2020,11,8,23.67,5.05
12.75,76.25,2020,11,8,22.7,4.23
12.75,76.75,2020,11,8,23.08,4.23
12.75,77.25,2020,11,8,22.86,4.27
8.25,74.25,2020,11,9,28.04,5
8.25,74.75,2020,11,9,28.17,5
8.25,75.25,2020,11,9,28.3,5.65
8.25,75.75,2020,11,9,28.43,5.65
8.25,76.25,2020,11,9,28.56,5.7
8.25,76.75,2020,11,9,28.14,5.7
8.25,77.25,2020,11,9,27.7,5.36
8.75,74.25,2020,11,9,28.19,5
8.75,74.75,2020,11,9,28.32,5
8.75,75.25,2020,11,9,28.4,5.65
8.75,75.75,2020,11,9,28.45,5.65
8.75,76.25,2020,11,9,28.54,5.7
8.75,76.75,2020,11,9,27.14,5.7
8.75,77.25,2020,11,9,26.27,5.36
9.25,74.25,2020,11,9,28.23,4.52
9.25,74.75,2020,11,9,28.39,4.52
9.25,75.25,2020,11,9,28.54,5.61
9.25,75.75,2020,11,9,28.67,5.61
9.25,76.25,2020,11,9,28.83,5.73
9.25,76.75,2020,11,9,26.25,5.73
9.25,77.25,2020,11,9,25.07,5.39
9.75,74.25,2020,11,9,28.15,4.52
9.75,74.75,2020,11,9,28.34,4.52
9.75,75.25,2020,11,9,28.56,5.61
9.75,75.75,2020,11,9,28.69,5.61
9.75,76.25,2020,11,9,28.55,5.73
9.75,76.75,2020,11,9,24.81,5.73
9.75,77.25,2020,11,9,23.43,5.39
10.25,74.25,2020,11,9,27.97,4.59
10.25,74.75,2020,11,9,28.12,4.59
10.25,75.25,2020,11,9,28.33,5.33
10.25,75.75,2020,11,9,28.31,5.33
10.25,76.25,2020,11,9,27.59,5.37
10.25,76.75,2020,11,9,24.16,5.37
10.25,77.25,2020,11,9,23.19,5.01
10.75,74.25,2020,11,9,28.01,4.59
10.75,74.75,2020,11,9,28.05,4.59
10.75,75.25,2020,11,9,28.15,5.33
10.75,75.75,2020,11,9,27.84,5.33
10.75,76.25,2020,11,9,26.21,5.37
10.75,76.75,2020,11,9,24.45,5.37
10.75,77.25,2020,11,9,24.47,5.01
11.25,74.25,2020,11,9,28.37,5.29
11.25,74.75,2020,11,9,28.3,5.29
11.25,75.25,2020,11,9,28.02,5.34
11.25,75.75,2020,11,9,26.94,5.34
11.25,76.25,2020,11,9,24.22,5.18
11.25,76.75,2020,11,9,23.72,5.18
11.25,77.25,2020,11,9,24.61,5.44
11.75,74.25,2020,11,9,28.74,5.29
11.75,74.75,2020,11,9,28.49,5.29
11.75,75.25,2020,11,9,27.43,5.34
11.75,75.75,2020,11,9,25.41,5.34
11.75,76.25,2020,11,9,22.78,5.18
11.75,76.75,2020,11,9,22.74,5.18
11.75,77.25,2020,11,9,23.45,5.44
12.25,74.25,2020,11,9,28.97,5.57
12.25,74.75,2020,11,9,28.32,5.57
12.25,75.25,2020,11,9,26.49,5.58
12.25,75.75,2020,11,9,23.91,5.58
12.25,76.25,2020,11,9,22.21,5.48
12.25,76.75,2020,11,9,22.4,5.48
12.25,77.25,2020,11,9,22.53,5.53
12.75,74.25,2020,11,9,29,5.57
12.75,74.75,2020,11,9,27.89,5.57
12.75,75.25,2020,11,9,25.58,5.58
12.75,75.75,2020,11,9,22.89,5.58
12.75,76.25,2020,11,9,21.68,5.48
12.75,76.75,2020,11,9,21.91,5.48
12.75,77.25,2020,11,9,21.75,5.53
8.25,74.25,2020,11,10,28.34,4.1
8.25,74.75,2020,11,10,28.25,4.1
8.25,75.25,2020,11,10,28.21,4.74
8.25,75.75,2020,11,10,28.3,4.74
8.25,76.25,2020,11,10,28.54,5.42
8.25,76.75,2020,11,10,28.07,5.42
8.25,77.25,2020,11,10,27.31,5.3
8.75,74.25,2020,11,10,28.38,4.1
8.75,74.75,2020,11,10,28.25,4.1
8.75,75.25,2020,11,10,28.23,4.74
8.75,75.75,2020,11,10,28.35,4.74
8.75,76.25,2020,11,10,28.62,5.42
8.75,76.75,2020,11,10,26.56,5.42
8.75,77.25,2020,11,10,25.45,5.3
9.25,74.25,2020,11,10,28.6,4.84
9.25,74.75,2020,11,10,28.4,4.84
9.25,75.25,2020,11,10,28.22,5.05
9.25,75.75,2020,11,10,28.2,5.05
9.25,76.25,2020,11,10,28.57,5.63
9.25,76.75,2020,11,10,25.41,5.63
9.25,77.25,2020,11,10,24.02,5.17
9.75,74.25,2020,11,10,28.73,4.84
9.75,74.75,2020,11,10,28.58,4.84
9.75,75.25,2020,11,10,28.39,5.05
9.75,75.75,2020,11,10,28.22,5.05
9.75,76.25,2020,11,10,28.2,5.63
9.75,76.75,2020,11,10,24.06,5.63
9.75,77.25,2020,11,10,22.4,5.17
10.25,74.25,2020,11,10,28.89,5.26
10.25,74.75,2020,11,10,28.83,5.26
10.25,75.25,2020,11,10,28.68,5.42
10.25,75.75,2020,11,10,28.24,5.42
10.25,76.25,2020,11,10,27.24,5.35
10.25,76.75,2020,11,10,23.12,5.35
10.25,77.25,2020,11,10,22.05,5.13
10.75,74.25,2020,11,10,29.07,5.26
10.75,74.75,2020,11,10,29.05,5.26
10.75,75.25,2020,11,10,28.79,5.42
10.75,75.75,2020,11,10,27.8,5.42
10.75,76.25,2020,11,10,25.38,5.35
10.75,76.75,2020,11,10,22.92,5.35
10.75,77.25,2020,11,10,23.06,5.13
11.25,74.25,2020,11,10,29.14,5.84
11.25,74.75,2020,11,10,29.06,5.84
11.25,75.25,2020,11,10,28.34,5.87
11.25,75.75,2020,11,10,26.44,5.87
11.25,76.25,2020,11,10,22.92,5.96
11.25,76.75,2020,11,10,21.96,5.96
11.25,77.25,2020,11,10,22.94,5.89
11.75,74.25,2020,11,10,29.05,5.84
11.75,74.75,2020,11,10,28.68,5.84
11.75,75.25,2020,11,10,27.06,5.87
11.75,75.75,2020,11,10,24.2,5.87
11.75,76.25,2020,11,10,21.07,5.96
11.75,76.75,2020,11,10,20.9,5.96
11.75,77.25,2020,11,10,21.56,5.89
12.25,74.25,2020,11,10,28.85,5.87
12.25,74.75,2020,11,10,27.91,5.87
12.25,75.25,2020,11,10,25.38,6.4
12.25,75.75,2020,11,10,21.97,6.4
12.25,76.25,2020,11,10,19.96,6.35
12.25,76.75,2020,11,10,20.31,6.35
12.25,77.25,2020,11,10,20.4,6.23
12.75,74.25,2020,11,10,28.52,5.87
12.75,74.75,2020,11,10,26.96,5.87
12.75,75.25,2020,11,10,23.94,6.4
12.75,75.75,2020,11,10,20.51,6.4
12.75,76.25,2020,11,10,19.09,6.35
12.75,76.75,2020,11,10,19.57,6.35
12.75,77.25,2020,11,10,19.48,6.23
8.25,74.25,2020,11,11,28.13,5.45
8.25,74.75,2020,11,11,28.18,5.45
8.25,75.25,2020,11,11,28.3,5.01
8.25,75.75,2020,11,11,28.45,5.01
8.25,76.25,2020,11,11,28.64,5.5
8.25,76.75,2020,11,11,27.82,5.5
8.25,77.25,2020,11,11,27.39,5.22
8.75,74.25,2020,11,11,28.28,5.45
8.75,74.75,2020,11,11,28.28,5.45
8.75,75.25,2020,11,11,28.37,5.01
8.75,75.75,2020,11,11,28.51,5.01
8.75,76.25,2020,11,11,28.58,5.5
8.75,76.75,2020,11,11,26.54,5.5
8.75,77.25,2020,11,11,25.93,5.22
9.25,74.25,2020,11,11,28.52,5.83
9.25,74.75,2020,11,11,28.45,5.83
9.25,75.25,2020,11,11,28.46,5.53
9.25,75.75,2020,11,11,28.55,5.53
9.25,76.25,2020,11,11,28.65,5.61
9.25,76.75,2020,11,11,25.45,5.61
9.25,77.25,2020,11,11,24.63,5.53
9.75,74.25,2020,11,11,28.74,5.83
9.75,74.75,2020,11,11,28.68,5.83
9.75,75.25,2020,11,11,28.61,5.53
9.75,75.75,2020,11,11,28.46,5.53
9.75,76.25,2020,11,11,28.05,5.61
9.75,76.75,2020,11,11,23.84,5.61
9.75,77.25,2020,11,11,22.73,5.53
10.25,74.25,2020,11,11,28.86,5.8
10.25,74.75,2020,11,11,28.85,5.8
10.25,75.25,2020,11,11,28.64,5.96
10.25,75.75,2020,11,11,28.01,5.96
10.25,76.25,2020,11,11,26.63,5.83
10.25,76.75,2020,11,11,22.92,5.83
10.25,77.25,2020,11,11,22.26,5.43
10.75,74.25,2020,11,11,28.89,5.8
10.75,74.75,2020,11,11,28.88,5.8
10.75,75.25,2020,11,11,28.41,5.96
10.75,75.75,2020,11,11,27.16,5.96
10.75,76.25,2020,11,11,24.81,5.83
10.75,76.75,2020,11,11,22.95,5.83
10.75,77.25,2020,11,11,23.35,5.43
11.25,74.25,2020,11,11,28.86,5.97
11.25,74.75,2020,11,11,28.68,5.97
11.25,75.25,2020,11,11,27.7,6.16
11.25,75.75,2020,11,11,25.62,6.16
11.25,76.25,2020,11,11,22.48,6.06
11.25,76.75,2020,11,11,22.05,6.06
11.25,77.25,2020,11,11,23.28,5.54
11.75,74.25,2020,11,11,28.76,5.97
11.75,74.75,2020,11,11,28.14,5.97
11.75,75.25,2020,11,11,26.3,6.16
11.75,75.75,2020,11,11,23.47,6.16
11.75,76.25,2020,11,11,20.78,6.06
11.75,76.75,2020,11,11,20.92,6.06
11.75,77.25,2020,11,11,21.89,5.54
12.25,74.25,2020,11,11,28.53,6.19
12.25,74.75,2020,11,11,27.32,6.19
12.25,75.25,2020,11,11,24.67,6.29
12.25,75.75,2020,11,11,21.48,6.29
12.25,76.25,2020,11,11,19.94,5.98
12.25,76.75,2020,11,11,20.45,5.98
12.25,77.25,2020,11,11,20.81,5.4
12.75,74.25,2020,11,11,28.12,6.19
12.75,74.75,2020,11,11,26.39,6.19
12.75,75.25,2020,11,11,23.32,6.29
12.75,75.75,2020,11,11,20.13,6.29
12.75,76.25,2020,11,11,19.22,5.98
12.75,76.75,2020,11,11,19.91,5.98
12.75,77.25,2020,11,11,20.05,5.4
8.25,74.25,2020,11,12,28.88,5.2
8.25,74.75,2020,11,12,28.85,5.2
8.25,75.25,2020,11,12,28.71,4.6
8.25,75.75,2020,11,12,28.48,4.6
8.25,76.25,2020,11,12,28.17,3.97
8.25,76.75,2020,11,12,27.39,3.97
8.25,77.25,2020,11,12,26.7,3.29
8.75,74.25,2020,11,12,29.04,5.2
8.75,74.75,2020,11,12,29.03,5.2
8.75,75.25,2020,11,12,28.91,4.6
8.75,75.75,2020,11,12,28.65,4.6
8.75,76.25,2020,11,12,28.2,3.97
8.75,76.75,2020,11,12,26.22,3.97
8.75,77.25,2020,11,12,25.29,3.29
9.25,74.25,2020,11,12,29.15,4.83
9.25,74.75,2020,11,12,29.18,4.83
9.25,75.25,2020,11,12,29.11,4.76
9.25,75.75,2020,11,12,28.86,4.76
9.25,76.25,2020,11,12,28.33,4.9
9.25,76.75,2020,11,12,25.23,4.9
9.25,77.25,2020,11,12,24.26,3.84
9.75,74.25,2020,11,12,29.17,4.83
9.75,74.75,2020,11,12,29.24,4.83
9.75,75.25,2020,11,12,29.2,4.76
9.75,75.75,2020,11,12,28.9,4.76
9.75,76.25,2020,11,12,28.15,4.9
9.75,76.75,2020,11,12,24.21,4.9
9.75,77.25,2020,11,12,22.97,3.84
10.25,74.25,2020,11,12,29.15,4.72
10.25,74.75,2020,11,12,29.23,4.72
10.25,75.25,2020,11,12,29.15,4.87
10.25,75.75,2020,11,12,28.65,4.87
10.25,76.25,2020,11,12,27.39,5.06
10.25,76.75,2020,11,12,23.8,5.06
10.25,77.25,2020,11,12,22.79,4.18
10.75,74.25,2020,11,12,29.12,4.72
10.75,74.75,2020,11,12,29.19,4.72
10.75,75.25,2020,11,12,28.97,4.87
10.75,75.75,2020,11,12,28.07,4.87
10.75,76.25,2020,11,12,25.98,5.06
10.75,76.75,2020,11,12,23.84,5.06
10.75,77.25,2020,11,12,23.74,4.18
11.25,74.25,2020,11,12,29.06,5.23
11.25,74.75,2020,11,12,29.07,5.23
11.25,75.25,2020,11,12,28.51,5.51
11.25,75.75,2020,11,12,26.91,5.51
11.25,76.25,2020,11,12,23.93,4.56
11.25,76.75,2020,11,12,22.94,4.56
11.25,77.25,2020,11,12,23.69,4.62
11.75,74.25,2020,11,12,28.92,5.23
11.75,74.75,2020,11,12,28.7,5.23
11.75,75.25,2020,11,12,27.5,5.51
11.75,75.75,2020,11,12,25.25,5.51
11.75,76.25,2020,11,12,22.57,4.56
11.75,76.75,2020,11,12,22.14,4.56
11.75,77.25,2020,11,12,22.74,4.62
12.25,74.25,2020,11,12,28.71,5.56
12.25,74.75,2020,11,12,28.1,5.56
12.25,75.25,2020,11,12,26.28,5.52
12.25,75.75,2020,11,12,23.74,5.52
12.25,76.25,2020,11,12,22.12,4.51
12.25,76.75,2020,11,12,22.19,4.51
12.25,77.25,2020,11,12,22.25,4.29
12.75,74.25,2020,11,12,28.5,5.56
12.75,74.75,2020,11,12,27.55,5.56
12.75,75.25,2020,11,12,25.41,5.52
12.75,75.75,2020,11,12,22.88,5.52
12.75,76.25,2020,11,12,21.86,4.51
12.75,76.75,2020,11,12,22.21,4.51
12.75,77.25,2020,11,12,22.04,4.29
8.25,74.25,2020,11,13,28.26,1.3
8.25,74.75,2020,11,13,28.16,1.3
8.25,75.25,2020,11,13,28.08,1.42
8.25,75.75,2020,11,13,28.03,1.42
8.25,76.25,2020,11,13,28.06,1.94
8.25,76.75,2020,11,13,27.71,1.94
8.25,77.25,2020,11,13,27.05,2
8.75,74.25,2020,11,13,28.44,1.3
8.75,74.75,2020,11,13,28.34,1.3
8.75,75.25,2020,11,13,28.25,1.42
8.75,75.75,2020,11,13,28.18,1.42
8.75,76.25,2020,11,13,28.15,1.94
8.75,76.75,2020,11,13,26.44,1.94
8.75,77.25,2020,11,13,25.5,2
9.25,74.25,2020,11,13,28.56,1.9
9.25,74.75,2020,11,13,28.52,1.9
9.25,75.25,2020,11,13,28.44,3.21
9.25,75.75,2020,11,13,28.34,3.21
9.25,76.25,2020,11,13,28.23,3.85
9.25,76.75,2020,11,13,25.17,3.85
9.25,77.25,2020,11,13,24.28,3.45
9.75,74.25,2020,11,13,28.52,1.9
9.75,74.75,2020,11,13,28.58,1.9
9.75,75.25,2020,11,13,28.55,3.21
9.75,75.75,2020,11,13,28.4,3.21
9.75,76.25,2020,11,13,28.06,3.85
9.75,76.75,2020,11,13,23.92,3.85
9.75,77.25,2020,11,13,22.82,3.45
10.25,74.25,2020,11,13,28.45,4.21
10.25,74.75,2020,11,13,28.54,4.21
10.25,75.25,2020,11,13,28.54,4.83
10.25,75.75,2020,11,13,28.24,4.83
10.25,76.25,2020,11,13,27.31,4.32
10.25,76.75,2020,11,13,23.63,4.32
10.25,77.25,2020,11,13,22.77,3.02
10.75,74.25,2020,11,13,28.46,4.21
10.75,74.75,2020,11,13,28.53,4.21
10.75,75.25,2020,11,13,28.48,4.83
10.75,75.75,2020,11,13,27.85,4.83
10.75,76.25,2020,11,13,25.84,4.32
10.75,76.75,2020,11,13,23.87,4.32
10.75,77.25,2020,11,13,23.96,3.02
11.25,74.25,2020,11,13,28.49,5.42
11.25,74.75,2020,11,13,28.5,5.42
11.25,75.25,2020,11,13,28.15,5.4
11.25,75.75,2020,11,13,26.87,5.4
11.25,76.25,2020,11,13,23.9,3.66
11.25,76.75,2020,11,13,23.01,3.66
11.25,77.25,2020,11,13,23.92,2.67
11.75,74.25,2020,11,13,28.45,5.42
11.75,74.75,2020,11,13,28.32,5.42
11.75,75.25,2020,11,13,27.33,5.4
11.75,75.75,2020,11,13,25.32,5.4
11.75,76.25,2020,11,13,22.69,3.66
11.75,76.75,2020,11,13,22.29,3.66
11.75,77.25,2020,11,13,22.93,2.67
12.25,74.25,2020,11,13,28.45,5.53
12.25,74.75,2020,11,13,28,5.53
12.25,75.25,2020,11,13,26.39,4.98
12.25,75.75,2020,11,13,23.99,4.98
12.25,76.25,2020,11,13,22.3,3.33
12.25,76.75,2020,11,13,22.39,3.33
12.25,77.25,2020,11,13,22.48,2.7
12.75,74.25,2020,11,13,28.58,5.53
12.75,74.75,2020,11,13,27.77,5.53
12.75,75.25,2020,11,13,25.8,4.98
12.75,75.75,2020,11,13,23.32,4.98
12.75,76.25,2020,11,13,22.08,3.33
12.75,76.75,2020,11,13,22.36,3.33
12.75,77.25,2020,11,13,22.29,2.7
8.25,74.25,2020,11,14,28.58,4.51
8.25,74.75,2020,11,14,28.56,4.51
8.25,75.25,2020,11,14,28.5,5.04
8.25,75.75,2020,11,14,28.49,5.04
8.25,76.25,2020,11,14,28.61,5.32
8.25,76.75,2020,11,14,28.07,5.32
8.25,77.25,2020,11,14,27.31,4.76
8.75,74.25,2020,11,14,28.61,4.51
8.75,74.75,2020,11,14,28.63,4.51
8.75,75.25,2020,11,14,28.61,5.04
8.75,75.75,2020,11,14,28.6,5.04
8.75,76.25,2020,11,14,28.68,5.32
8.75,76.75,2020,11,14,27.05,5.32
8.75,77.25,2020,11,14,26.01,4.76
9.25,74.25,2020,11,14,28.61,4.99
9.25,74.75,2020,11,14,28.65,4.99
9.25,75.25,2020,11,14,28.65,4.38
9.25,75.75,2020,11,14,28.66,4.38
9.25,76.25,2020,11,14,28.86,5.14
9.25,76.75,2020,11,14,26.11,5.14
9.25,77.25,2020,11,14,25.03,5
9.75,74.25,2020,11,14,28.71,4.99
9.75,74.75,2020,11,14,28.76,4.99
9.75,75.25,2020,11,14,28.74,4.38
9.75,75.75,2020,11,14,28.69,4.38
9.75,76.25,2020,11,14,28.79,5.14
9.75,76.75,2020,11,14,25.04,5.14
9.75,77.25,2020,11,14,23.69,5
10.25,74.25,2020,11,14,28.81,5.44
10.25,74.75,2020,11,14,28.89,5.44
10.25,75.25,2020,11,14,28.88,5.42
10.25,75.75,2020,11,14,28.64,5.42
10.25,76.25,2020,11,14,27.99,5.05
10.25,76.75,2020,11,14,24.55,5.05
10.25,77.25,2020,11,14,23.46,4.28
10.75,74.25,2020,11,14,28.79,5.44
10.75,74.75,2020,11,14,28.92,5.44
10.75,75.25,2020,11,14,28.92,5.42
10.75,75.75,2020,11,14,28.34,5.42
10.75,76.25,2020,11,14,26.44,5.05
10.75,76.75,2020,11,14,24.5,5.05
10.75,77.25,2020,11,14,24.43,4.28
11.25,74.25,2020,11,14,28.71,5.74
11.25,74.75,2020,11,14,28.86,5.74
11.25,75.25,2020,11,14,28.61,5.77
11.25,75.75,2020,11,14,27.39,5.77
11.25,76.25,2020,11,14,24.42,4.83
11.25,76.75,2020,11,14,23.52,4.83
11.25,77.25,2020,11,14,24.33,4.42
11.75,74.25,2020,11,14,28.64,5.74
11.75,74.75,2020,11,14,28.63,5.74
11.75,75.25,2020,11,14,27.69,5.77
11.75,75.75,2020,11,14,25.67,5.77
11.75,76.25,2020,11,14,23.06,4.83
11.75,76.75,2020,11,14,22.68,4.83
11.75,77.25,2020,11,14,23.31,4.42
12.25,74.25,2020,11,14,28.61,5.72
12.25,74.75,2020,11,14,28.2,5.72
12.25,75.25,2020,11,14,26.48,5.63
12.25,75.75,2020,11,14,23.97,5.63
12.25,76.25,2020,11,14,22.46,4.81
12.25,76.75,2020,11,14,22.6,4.81
12.25,77.25,2020,11,14,22.69,4.83
12.75,74.25,2020,11,14,28.68,5.72
12.75,74.75,2020,11,14,27.76,5.72
12.75,75.25,2020,11,14,25.53,5.63
12.75,75.75,2020,11,14,22.92,5.63
12.75,76.25,2020,11,14,22.02,4.81
12.75,76.75,2020,11,14,22.38,4.81
12.75,77.25,2020,11,14,22.27,4.83
8.25,74.25,2020,11,15,28.12,3.81
8.25,74.75,2020,11,15,28.19,3.81
8.25,75.25,2020,11,15,28.33,5.09
8.25,75.75,2020,11,15,28.48,5.09
8.25,76.25,2020,11,15,28.48,4.99
8.25,76.75,2020,11,15,27.85,4.99
8.25,77.25,2020,11,15,27.18,3.68
8.75,74.25,2020,11,15,28.35,3.81
8.75,74.75,2020,11,15,28.4,3.81
8.75,75.25,2020,11,15,28.47,5.09
8.75,75.75,2020,11,15,28.51,5.09
8.75,76.25,2020,11,15,28.42,4.99
8.75,76.75,2020,11,15,26.78,4.99
8.75,77.25,2020,11,15,25.83,3.68
9.25,74.25,2020,11,15,28.54,4.67
9.25,74.75,2020,11,15,28.61,4.67
9.25,75.25,2020,11,15,28.68,4.98
9.25,75.75,2020,11,15,28.69,4.98
9.25,76.25,2020,11,15,28.58,4.62
9.25,76.75,2020,11,15,25.91,4.62
9.25,77.25,2020,11,15,24.9,3.35
9.75,74.25,2020,11,15,28.87,4.67
9.75,74.75,2020,11,15,28.92,4.67
9.75,75.25,2020,11,15,28.89,4.98
9.75,75.75,2020,11,15,28.74,4.98
9.75,76.25,2020,11,15,28.48,4.62
9.75,76.75,2020,11,15,24.8,4.62
9.75,77.25,2020,11,15,23.46,3.35
10.25,74.25,2020,11,15,29.13,5
10.25,74.75,2020,11,15,29.18,5
10.25,75.25,2020,11,15,29.05,4.91
10.25,75.75,2020,11,15,28.62,4.91
10.25,76.25,2020,11,15,27.74,4.44
10.25,76.75,2020,11,15,24.29,4.44
10.25,77.25,2020,11,15,23.16,3.43
10.75,74.25,2020,11,15,29.16,5
10.75,74.75,2020,11,15,29.22,5
10.75,75.25,2020,11,15,29.1,4.91
10.75,75.75,2020,11,15,28.37,4.91
10.75,76.25,2020,11,15,26.4,4.44
10.75,76.75,2020,11,15,24.34,4.44
10.75,77.25,2020,11,15,24.12,3.43
11.25,74.25,2020,11,15,29,5.51
11.25,74.75,2020,11,15,29.03,5.51
11.25,75.25,2020,11,15,28.75,5.28
11.25,75.75,2020,11,15,27.55,5.28
11.25,76.25,2020,11,15,24.6,3.86
11.25,76.75,2020,11,15,23.54,3.86
11.25,77.25,2020,11,15,24.14,3.55
11.75,74.25,2020,11,15,28.98,5.51
11.75,74.75,2020,11,15,28.83,5.51
11.75,75.25,2020,11,15,27.91,5.28
11.75,75.75,2020,11,15,26,5.28
11.75,76.25,2020,11,15,23.32,3.86
11.75,76.75,2020,11,15,22.81,3.86
11.75,77.25,2020,11,15,23.26,3.55
12.25,74.25,2020,11,15,29.16,5.64
12.25,74.75,2020,11,15,28.65,5.64
12.25,75.25,2020,11,15,26.96,4.66
12.25,75.75,2020,11,15,24.51,4.66
12.25,76.25,2020,11,15,22.8,3.46
12.25,76.75,2020,11,15,22.82,3.46
12.25,77.25,2020,11,15,22.8,2.94
12.75,74.25,2020,11,15,29.28,5.64
12.75,74.75,2020,11,15,28.35,5.64
12.75,75.25,2020,11,15,26.19,4.66
12.75,75.75,2020,11,15,23.57,4.66
12.75,76.25,2020,11,15,22.44,3.46
12.75,76.75,2020,11,15,22.68,3.46
12.75,77.25,2020,11,15,22.53,2.94
8.25,74.25,2020,11,16,27.86,1.34
8.25,74.75,2020,11,16,27.75,1.34
8.25,75.25,2020,11,16,27.78,1.73
8.25,75.75,2020,11,16,27.94,1.73
8.25,76.25,2020,11,16,28.18,1.17
8.25,76.75,2020,11,16,27.73,1.17
8.25,77.25,2020,11,16,27,0.83
8.75,74.25,2020,11,16,27.94,1.34
8.75,74.75,2020,11,16,27.88,1.34
8.75,75.25,2020,11,16,27.96,1.73
8.75,75.75,2020,11,16,28.13,1.73
8.75,76.25,2020,11,16,28.22,1.17
8.75,76.75,2020,11,16,26.62,1.17
8.75,77.25,2020,11,16,25.67,0.83
9.25,74.25,2020,11,16,28,2.53
9.25,74.75,2020,11,16,27.96,2.53
9.25,75.25,2020,11,16,28,2.68
9.25,75.75,2020,11,16,28.09,2.68
9.25,76.25,2020,11,16,28.13,2.27
9.25,76.75,2020,11,16,25.35,2.27
9.25,77.25,2020,11,16,24.44,1.74
9.75,74.25,2020,11,16,28.17,2.53
9.75,74.75,2020,11,16,28.13,2.53
9.75,75.25,2020,11,16,28.07,2.68
9.75,75.75,2020,11,16,27.96,2.68
9.75,76.25,2020,11,16,27.78,2.27
9.75,76.75,2020,11,16,24.16,2.27
9.75,77.25,2020,11,16,23.03,1.74
10.25,74.25,2020,11,16,28.41,4.41
10.25,74.75,2020,11,16,28.36,4.41
10.25,75.25,2020,11,16,28.18,4.12
10.25,75.75,2020,11,16,27.74,4.12
10.25,76.25,2020,11,16,26.89,4.04
10.25,76.75,2020,11,16,23.75,4.04
10.25,77.25,2020,11,16,22.87,3.07
10.75,74.25,2020,11,16,28.57,4.41
10.75,74.75,2020,11,16,28.6,4.41
10.75,75.25,2020,11,16,28.37,4.12
10.75,75.75,2020,11,16,27.49,4.12
10.75,76.25,2020,11,16,25.44,4.04
10.75,76.75,2020,11,16,23.72,4.04
10.75,77.25,2020,11,16,23.71,3.07
11.25,74.25,2020,11,16,28.68,4.21
11.25,74.75,2020,11,16,28.81,4.21
11.25,75.25,2020,11,16,28.34,3.76
11.25,75.75,2020,11,16,26.73,3.76
11.25,76.25,2020,11,16,23.53,3.43
11.25,76.75,2020,11,16,22.71,3.43
11.25,77.25,2020,11,16,23.53,2.87
11.75,74.25,2020,11,16,28.82,4.21
11.75,74.75,2020,11,16,28.78,4.21
11.75,75.25,2020,11,16,27.57,3.76
11.75,75.75,2020,11,16,25.16,3.76
11.75,76.25,2020,11,16,22.32,3.43
11.75,76.75,2020,11,16,22.04,3.43
11.75,77.25,2020,11,16,22.74,2.87
12.25,74.25,2020,11,16,29.05,3.7
12.25,74.75,2020,11,16,28.48,3.7
12.25,75.25,2020,11,16,26.46,2.76
12.25,75.75,2020,11,16,23.64,2.76
12.25,76.25,2020,11,16,22.01,2.71
12.25,76.75,2020,11,16,22.26,2.71
12.25,77.25,2020,11,16,22.46,2.73
12.75,74.25,2020,11,16,29.21,3.7
12.75,74.75,2020,11,16,28.14,3.7
12.75,75.25,2020,11,16,25.75,2.76
12.75,75.75,2020,11,16,22.97,2.76
12.75,76.25,2020,11,16,21.92,2.71
12.75,76.75,2020,11,16,22.3,2.71
12.75,77.25,2020,11,16,22.24,2.73
8.25,74.25,2020,11,17,27.99,4.25
8.25,74.75,2020,11,17,28.19,4.25
8.25,75.25,2020,11,17,28.33,4.26
8.25,75.75,2020,11,17,28.37,4.26
8.25,76.25,2020,11,17,28.31,3.52
8.25,76.75,2020,11,17,27.45,3.52
8.25,77.25,2020,11,17,26.5,3.16
8.75,74.25,2020,11,17,28.08,4.25
8.75,74.75,2020,11,17,28.28,4.25
8.75,75.25,2020,11,17,28.38,4.26
8.75,75.75,2020,11,17,28.32,4.26
8.75,76.25,2020,11,17,28.05,3.52
8.75,76.75,2020,11,17,26.2,3.52
8.75,77.25,2020,11,17,25.2,3.16
9.25,74.25,2020,11,17,28.06,5.35
9.25,74.75,2020,11,17,28.27,5.35
9.25,75.25,2020,11,17,28.38,5.02
9.25,75.75,2020,11,17,28.32,5.02
9.25,76.25,2020,11,17,27.99,4.06
9.25,76.75,2020,11,17,25.21,4.06
9.25,77.25,2020,11,17,24.36,2.61
9.75,74.25,2020,11,17,28.09,5.35
9.75,74.75,2020,11,17,28.24,5.35
9.75,75.25,2020,11,17,28.29,5.02
9.75,75.75,2020,11,17,28.17,5.02
9.75,76.25,2020,11,17,27.73,4.06
9.75,76.75,2020,11,17,24.1,4.06
9.75,77.25,2020,11,17,22.97,2.61
10.25,74.25,2020,11,17,28.1,4.74
10.25,74.75,2020,11,17,28.16,4.74
10.25,75.25,2020,11,17,28.07,5.24
10.25,75.75,2020,11,17,27.69,5.24
10.25,76.25,2020,11,17,26.83,4.4
10.25,76.75,2020,11,17,23.64,4.4
10.25,77.25,2020,11,17,22.71,2.73
10.75,74.25,2020,11,17,28.11,4.74
10.75,74.75,2020,11,17,28.12,4.74
10.75,75.25,2020,11,17,27.91,5.24
10.75,75.75,2020,11,17,27.12,5.24
10.75,76.25,2020,11,17,25.28,4.4
10.75,76.75,2020,11,17,23.52,4.4
10.75,77.25,2020,11,17,23.55,2.73
11.25,74.25,2020,11,17,28.21,3.96
11.25,74.75,2020,11,17,28.19,3.96
11.25,75.25,2020,11,17,27.67,5.04
11.25,75.75,2020,11,17,26.2,5.04
11.25,76.25,2020,11,17,23.35,3.85
11.25,76.75,2020,11,17,22.5,3.85
11.25,77.25,2020,11,17,23.38,3.04
11.75,74.25,2020,11,17,28.35,3.96
11.75,74.75,2020,11,17,28.11,3.96
11.75,75.25,2020,11,17,26.9,5.04
11.75,75.75,2020,11,17,24.7,5.04
11.75,76.25,2020,11,17,22.18,3.85
11.75,76.75,2020,11,17,21.87,3.85
11.75,77.25,2020,11,17,22.59,3.04
12.25,74.25,2020,11,17,28.47,4.49
12.25,74.75,2020,11,17,27.77,4.49
12.25,75.25,2020,11,17,25.83,4.01
12.25,75.75,2020,11,17,23.25,4.01
12.25,76.25,2020,11,17,21.81,3.88
12.25,76.75,2020,11,17,22.1,3.88
12.25,77.25,2020,11,17,22.27,3.7
12.75,74.25,2020,11,17,28.6,4.49
12.75,74.75,2020,11,17,27.45,4.49
12.75,75.25,2020,11,17,25.13,4.01
12.75,75.75,2020,11,17,22.54,4.01
12.75,76.25,2020,11,17,21.6,3.88
12.75,76.75,2020,11,17,22.08,3.88
12.75,77.25,2020,11,17,22,3.7
8.25,74.25,2020,11,18,27.4,2.33
8.25,74.75,2020,11,18,27.37,2.33
8.25,75.25,2020,11,18,27.36,3.31
8.25,75.75,2020,11,18,27.36,3.31
8.25,76.25,2020,11,18,27.31,4.01
8.25,76.75,2020,11,18,26.6,4.01
8.25,77.25,2020,11,18,25.71,3.78
8.75,74.25,2020,11,18,27.48,2.33
8.75,74.75,2020,11,18,27.48,2.33
8.75,75.25,2020,11,18,27.52,3.31
8.75,75.75,2020,11,18,27.51,3.31
8.75,76.25,2020,11,18,27.36,4.01
8.75,76.75,2020,11,18,25.57,4.01
8.75,77.25,2020,11,18,24.55,3.78
9.25,74.25,2020,11,18,27.67,3.52
9.25,74.75,2020,11,18,27.7,3.52
9.25,75.25,2020,11,18,27.77,4.38
9.25,75.75,2020,11,18,27.75,4.38
9.25,76.25,2020,11,18,27.44,4.24
9.25,76.75,2020,11,18,24.58,4.24
9.25,77.25,2020,11,18,23.7,4.3
9.75,74.25,2020,11,18,27.94,3.52
9.75,74.75,2020,11,18,28,3.52
9.75,75.25,2020,11,18,28.06,4.38
9.75,75.75,2020,11,18,27.93,4.38
9.75,76.25,2020,11,18,27.23,4.24
9.75,76.75,2020,11,18,23.46,4.24
9.75,77.25,2020,11,18,22.36,4.3
10.25,74.25,2020,11,18,28.23,4.24
10.25,74.75,2020,11,18,28.29,4.24
10.25,75.25,2020,11,18,28.24,4.11
10.25,75.75,2020,11,18,27.82,4.11
10.25,76.25,2020,11,18,26.62,3.92
10.25,76.75,2020,11,18,23.23,3.92
10.25,77.25,2020,11,18,22.39,3.88
10.75,74.25,2020,11,18,28.46,4.24
10.75,74.75,2020,11,18,28.5,4.24
10.75,75.25,2020,11,18,28.25,4.11
10.75,75.75,2020,11,18,27.34,4.11
10.75,76.25,2020,11,18,25.35,3.92
10.75,76.75,2020,11,18,23.47,3.92
10.75,77.25,2020,11,18,23.55,3.88
11.25,74.25,2020,11,18,28.61,3.49
11.25,74.75,2020,11,18,28.61,3.49
11.25,75.25,2020,11,18,27.97,4.1
11.25,75.75,2020,11,18,26.3,4.1
11.25,76.25,2020,11,18,23.34,4.02
11.25,76.75,2020,11,18,22.49,4.02
11.25,77.25,2020,11,18,23.51,3.92
11.75,74.25,2020,11,18,28.66,3.49
11.75,74.75,2020,11,18,28.45,3.49
11.75,75.25,2020,11,18,27.15,4.1
11.75,75.75,2020,11,18,24.79,4.1
11.75,76.25,2020,11,18,22.14,4.02
11.75,76.75,2020,11,18,21.78,4.02
11.75,77.25,2020,11,18,22.71,3.92
12.25,74.25,2020,11,18,28.61,4.43
12.25,74.75,2020,11,18,28.03,4.43
12.25,75.25,2020,11,18,26.11,4.9
12.25,75.75,2020,11,18,23.44,4.9
12.25,76.25,2020,11,18,21.89,4.49
12.25,76.75,2020,11,18,22.08,4.49
12.25,77.25,2020,11,18,22.41,4.23
12.75,74.25,2020,11,18,28.59,4.43
12.75,74.75,2020,11,18,27.68,4.43
12.75,75.25,2020,11,18,25.44,4.9
12.75,75.75,2020,11,18,22.76,4.9
12.75,76.25,2020,11,18,21.71,4.49
12.75,76.75,2020,11,18,22.14,4.49
12.75,77.25,2020,11,18,22.14,4.23
8.25,74.25,2020,11,19,27.59,4.46
8.25,74.75,2020,11,19,27.66,4.46
8.25,75.25,2020,11,19,27.79,4.01
8.25,75.75,2020,11,19,27.86,4.01
8.25,76.25,2020,11,19,27.81,4.49
8.25,76.75,2020,11,19,27.16,4.49
8.25,77.25,2020,11,19,26.16,4.37
8.75,74.25,2020,11,19,27.61,4.46
8.75,74.75,2020,11,19,27.73,4.46
8.75,75.25,2020,11,19,27.88,4.01
8.75,75.75,2020,11,19,27.96,4.01
8.75,76.25,2020,11,19,27.94,4.49
8.75,76.75,2020,11,19,26.18,4.49
8.75,77.25,2020,11,19,24.93,4.37
9.25,74.25,2020,11,19,27.77,2.9
9.25,74.75,2020,11,19,27.93,2.9
9.25,75.25,2020,11,19,28.05,4.39
9.25,75.75,2020,11,19,28.03,4.39
9.25,76.25,2020,11,19,27.77,4.95
9.25,76.75,2020,11,19,24.98,4.95
9.25,77.25,2020,11,19,24.07,3.91
9.75,74.25,2020,11,19,27.95,2.9
9.75,74.75,2020,11,19,28.05,2.9
9.75,75.25,2020,11,19,28.03,4.39
9.75,75.75,2020,11,19,27.82,4.39
9.75,76.25,2020,11,19,27.35,4.95
9.75,76.75,2020,11,19,23.83,4.95
9.75,77.25,2020,11,19,22.85,3.91
10.25,74.25,2020,11,19,27.98,3.44
10.25,74.75,2020,11,19,27.97,3.44
10.25,75.25,2020,11,19,27.84,5.37
10.25,75.75,2020,11,19,27.5,5.37
10.25,76.25,2020,11,19,26.79,4.94
10.25,76.75,2020,11,19,23.62,4.94
10.25,77.25,2020,11,19,22.77,4.35
10.75,74.25,2020,11,19,27.93,3.44
10.75,74.75,2020,11,19,27.9,3.44
10.75,75.25,2020,11,19,27.75,5.37
10.75,75.75,2020,11,19,27.16,5.37
10.75,76.25,2020,11,19,25.57,4.94
10.75,76.75,2020,11,19,23.72,4.94
10.75,77.25,2020,11,19,23.72,4.35
11.25,74.25,2020,11,19,27.91,5.12
11.25,74.75,2020,11,19,27.91,5.12
11.25,75.25,2020,11,19,27.6,5.43
11.25,75.75,2020,11,19,26.44,5.43
11.25,76.25,2020,11,19,23.74,4.99
11.25,76.75,2020,11,19,22.73,4.99
11.25,77.25,2020,11,19,23.57,4.86
11.75,74.25,2020,11,19,27.84,5.12
11.75,74.75,2020,11,19,27.74,5.12
11.75,75.25,2020,11,19,26.89,5.43
11.75,75.75,2020,11,19,25.08,5.43
11.75,76.25,2020,11,19,22.57,4.99
11.75,76.75,2020,11,19,22.07,4.99
11.75,77.25,2020,11,19,22.73,4.86
12.25,74.25,2020,11,19,27.61,5.06
12.25,74.75,2020,11,19,27.24,5.06
12.25,75.25,2020,11,19,25.79,5.32
12.25,75.75,2020,11,19,23.61,5.32
12.25,76.25,2020,11,19,22.14,5.21
12.25,76.75,2020,11,19,22.24,5.21
12.25,77.25,2020,11,19,22.31,4.94
12.75,74.25,2020,11,19,27.45,5.06
12.75,74.75,2020,11,19,26.84,5.06
12.75,75.25,2020,11,19,25.08,5.32
12.75,75.75,2020,11,19,22.82,5.32
12.75,76.25,2020,11,19,21.85,5.21
12.75,76.75,2020,11,19,22.16,5.21
12.75,77.25,2020,11,19,21.98,4.94
8.25,74.25,2020,11,20,27.69,4.8
8.25,74.75,2020,11,20,27.43,4.8
8.25,75.25,2020,11,20,27.36,5.8
8.25,75.75,2020,11,20,27.56,5.8
8.25,76.25,2020,11,20,27.96,6.01
8.25,76.75,2020,11,20,27.59,6.01
8.25,77.25,2020,11,20,26.75,4.89
8.75,74.25,2020,11,20,27.88,4.8
8.75,74.75,2020,11,20,27.76,4.8
8.75,75.25,2020,11,20,27.84,5.8
8.75,75.75,2020,11,20,28.12,5.8
8.75,76.25,2020,11,20,28.39,6.01
8.75,76.75,2020,11,20,26.63,6.01
8.75,77.25,2020,11,20,25.38,4.89
9.25,74.25,2020,11,20,27.98,5.3
9.25,74.75,2020,11,20,28.01,5.3
9.25,75.25,2020,11,20,28.17,5.94
9.25,75.75,2020,11,20,28.38,5.94
9.25,76.25,2020,11,20,28.45,5.93
9.25,76.75,2020,11,20,25.55,5.93
9.25,77.25,2020,11,20,24.23,4.93
9.75,74.25,2020,11,20,27.77,5.3
9.75,74.75,2020,11,20,27.86,5.3
9.75,75.25,2020,11,20,28.07,5.94
9.75,75.75,2020,11,20,28.21,5.94
9.75,76.25,2020,11,20,28.08,5.93
9.75,76.75,2020,11,20,24.24,5.93
9.75,77.25,2020,11,20,22.69,4.93
10.25,74.25,2020,11,20,27.47,5.05
10.25,74.75,2020,11,20,27.67,5.05
10.25,75.25,2020,11,20,27.97,5.66
10.25,75.75,2020,11,20,27.96,5.66
10.25,76.25,2020,11,20,27.19,5.46
10.25,76.75,2020,11,20,23.54,5.46
10.25,77.25,2020,11,20,22.31,4.93
10.75,74.25,2020,11,20,27.48,5.05
10.75,74.75,2020,11,20,27.73,5.05
10.75,75.25,2020,11,20,28,5.66
10.75,75.75,2020,11,20,27.61,5.66
10.75,76.25,2020,11,20,25.62,5.46
10.75,76.75,2020,11,20,23.35,5.46
10.75,77.25,2020,11,20,23.19,4.93
11.25,74.25,2020,11,20,27.65,4.4
11.25,74.75,2020,11,20,27.84,4.4
11.25,75.25,2020,11,20,27.77,5.33
11.25,75.75,2020,11,20,26.69,5.33
11.25,76.25,2020,11,20,23.7,5.2
11.25,76.75,2020,11,20,22.39,5.2
11.25,77.25,2020,11,20,23.14,5.51
11.75,74.25,2020,11,20,27.74,4.4
11.75,74.75,2020,11,20,27.77,4.4
11.75,75.25,2020,11,20,26.98,5.33
11.75,75.75,2020,11,20,25.1,5.33
11.75,76.25,2020,11,20,22.44,5.2
11.75,76.75,2020,11,20,21.78,5.2
11.75,77.25,2020,11,20,22.36,5.51
12.25,74.25,2020,11,20,27.82,5.17
12.25,74.75,2020,11,20,27.59,5.17
12.25,75.25,2020,11,20,26.06,5.45
12.25,75.75,2020,11,20,23.6,5.45
12.25,76.25,2020,11,20,21.89,5.56
12.25,76.75,2020,11,20,21.9,5.56
12.25,77.25,2020,11,20,21.86,5.9
12.75,74.25,2020,11,20,27.97,5.17
12.75,74.75,2020,11,20,27.46,5.17
12.75,75.25,2020,11,20,25.47,5.45
12.75,75.75,2020,11,20,22.75,5.45
12.75,76.25,2020,11,20,21.48,5.56
12.75,76.75,2020,11,20,21.65,5.56
12.75,77.25,2020,11,20,21.31,5.9
8.25,74.25,2020,11,21,27.18,6.08
8.25,74.75,2020,11,21,27.2,6.08
8.25,75.25,2020,11,21,27.5,6.2
8.25,75.75,2020,11,21,28.01,6.2
8.25,76.25,2020,11,21,28.61,6.25
8.25,76.75,2020,11,21,27.76,6.25
8.25,77.25,2020,11,21,26.62,6.13
8.75,74.25,2020,11,21,27.58,6.08
8.75,74.75,2020,11,21,27.57,6.08
8.75,75.25,2020,11,21,27.66,6.2
8.75,75.75,2020,11,21,27.88,6.2
8.75,76.25,2020,11,21,28.3,6.25
8.75,76.75,2020,11,21,26.25,6.25
8.75,77.25,2020,11,21,24.75,6.13
9.25,74.25,2020,11,21,27.89,5.24
9.25,74.75,2020,11,21,27.87,5.24
9.25,75.25,2020,11,21,27.86,6.04
9.25,75.75,2020,11,21,27.89,6.04
9.25,76.25,2020,11,21,28.05,6.2
9.25,76.75,2020,11,21,25.23,6.2
9.25,77.25,2020,11,21,23.82,6.21
9.75,74.25,2020,11,21,27.96,5.24
9.75,74.75,2020,11,21,27.91,5.24
9.75,75.25,2020,11,21,27.93,6.04
9.75,75.75,2020,11,21,27.92,6.04
9.75,76.25,2020,11,21,27.74,6.2
9.75,76.75,2020,11,21,23.94,6.2
9.75,77.25,2020,11,21,22.47,6.21
10.25,74.25,2020,11,21,28.06,5.18
10.25,74.75,2020,11,21,28.08,5.18
10.25,75.25,2020,11,21,28.09,5.82
10.25,75.75,2020,11,21,27.84,5.82
10.25,76.25,2020,11,21,26.89,6.13
10.25,76.75,2020,11,21,23.08,6.13
10.25,77.25,2020,11,21,21.97,6.1
10.75,74.25,2020,11,21,28.09,5.18
10.75,74.75,2020,11,21,28.09,5.18
10.75,75.25,2020,11,21,28.06,5.82
10.75,75.75,2020,11,21,27.43,5.82
10.75,76.25,2020,11,21,25.22,6.13
10.75,76.75,2020,11,21,22.7,6.13
10.75,77.25,2020,11,21,22.53,6.1
11.25,74.25,2020,11,21,28.04,5.82
11.25,74.75,2020,11,21,27.95,5.82
11.25,75.25,2020,11,21,27.63,6.03
11.25,75.75,2020,11,21,26.36,6.03
11.25,76.25,2020,11,21,23.08,6.15
11.25,76.75,2020,11,21,21.62,6.15
11.25,77.25,2020,11,21,22.21,6.29
11.75,74.25,2020,11,21,28.1,5.82
11.75,74.75,2020,11,21,27.86,5.82
11.75,75.25,2020,11,21,26.71,6.03
11.75,75.75,2020,11,21,24.42,6.03
11.75,76.25,2020,11,21,21.36,6.15
11.75,76.75,2020,11,21,20.74,6.15
11.75,77.25,2020,11,21,21.15,6.29
12.25,74.25,2020,11,21,28.25,5.83
12.25,74.75,2020,11,21,27.64,5.83
12.25,75.25,2020,11,21,25.47,6.14
12.25,75.75,2020,11,21,22.35,6.14
12.25,76.25,2020,11,21,20.34,6.24
12.25,76.75,2020,11,21,20.41,6.24
12.25,77.25,2020,11,21,20.38,6.25
12.75,74.25,2020,11,21,28.4,5.83
12.75,74.75,2020,11,21,27.26,5.83
12.75,75.25,2020,11,21,24.4,6.14
12.75,75.75,2020,11,21,20.98,6.14
12.75,76.25,2020,11,21,19.69,6.24
12.75,76.75,2020,11,21,19.89,6.24
12.75,77.25,2020,11,21,19.67,6.25
8.25,74.25,2020,11,22,27.82,5.97
8.25,74.75,2020,11,22,27.84,5.97
8.25,75.25,2020,11,22,27.82,6.07
8.25,75.75,2020,11,22,27.87,6.07
8.25,76.25,2020,11,22,28.25,5.73
8.25,76.75,2020,11,22,27.46,5.73
8.25,77.25,2020,11,22,26.07,5.17
8.75,74.25,2020,11,22,28.05,5.97
8.75,74.75,2020,11,22,28.05,5.97
8.75,75.25,2020,11,22,27.92,6.07
8.75,75.75,2020,11,22,27.77,6.07
8.75,76.25,2020,11,22,27.97,5.73
8.75,76.75,2020,11,22,25.75,5.73
8.75,77.25,2020,11,22,23.88,5.17
9.25,74.25,2020,11,22,28.3,5.37
9.25,74.75,2020,11,22,28.35,5.37
9.25,75.25,2020,11,22,28.21,5.85
9.25,75.75,2020,11,22,27.96,5.85
9.25,76.25,2020,11,22,27.94,5.85
9.25,76.75,2020,11,22,24.53,5.85
9.25,77.25,2020,11,22,22.83,5.4
9.75,74.25,2020,11,22,28.39,5.37
9.75,74.75,2020,11,22,28.49,5.37
9.75,75.25,2020,11,22,28.42,5.85
9.75,75.75,2020,11,22,28.09,5.85
9.75,76.25,2020,11,22,27.49,5.85
9.75,76.75,2020,11,22,23.21,5.85
9.75,77.25,2020,11,22,21.62,5.4
10.25,74.25,2020,11,22,28.37,5.82
10.25,74.75,2020,11,22,28.44,5.82
10.25,75.25,2020,11,22,28.38,5.92
10.25,75.75,2020,11,22,27.83,5.92
10.25,76.25,2020,11,22,26.19,5.97
10.25,76.75,2020,11,22,22.23,5.97
10.25,77.25,2020,11,22,21.25,5.81
10.75,74.25,2020,11,22,28.41,5.82
10.75,74.75,2020,11,22,28.39,5.82
10.75,75.25,2020,11,22,28.2,5.92
10.75,75.75,2020,11,22,27.15,5.92
10.75,76.25,2020,11,22,24.03,5.97
10.75,76.75,2020,11,22,21.57,5.97
10.75,77.25,2020,11,22,21.66,5.81
11.25,74.25,2020,11,22,28.54,6.03
11.25,74.75,2020,11,22,28.43,6.03
11.25,75.25,2020,11,22,27.69,6.14
11.25,75.75,2020,11,22,25.65,6.14
11.25,76.25,2020,11,22,21.42,6.08
11.25,76.75,2020,11,22,20.28,6.08
11.25,77.25,2020,11,22,21.21,5.5
11.75,74.25,2020,11,22,28.6,6.03
11.75,74.75,2020,11,22,28.17,6.03
11.75,75.25,2020,11,22,26.32,6.14
11.75,75.75,2020,11,22,23.11,6.14
11.75,76.25,2020,11,22,19.58,6.08
11.75,76.75,2020,11,22,19.39,6.08
11.75,77.25,2020,11,22,20.13,5.5
12.25,74.25,2020,11,22,28.56,5.93
12.25,74.75,2020,11,22,27.44,5.93
12.25,75.25,2020,11,22,24.51,6.19
12.25,75.75,2020,11,22,20.74,6.19
12.25,76.25,2020,11,22,18.73,6.02
12.25,76.75,2020,11,22,19.07,6.02
12.25,77.25,2020,11,22,19.32,5.7
12.75,74.25,2020,11,22,28.58,5.93
12.75,74.75,2020,11,22,26.78,5.93
12.75,75.25,2020,11,22,23.33,6.19
12.75,75.75,2020,11,22,19.6,6.19
12.75,76.25,2020,11,22,18.31,6.02
12.75,76.75,2020,11,22,18.63,6.02
12.75,77.25,2020,11,22,18.63,5.7
8.25,74.25,2020,11,23,28.19,5.97
8.25,74.75,2020,11,23,28.3,5.97
8.25,75.25,2020,11,23,28.21,5.93
8.25,75.75,2020,11,23,28.05,5.93
8.25,76.25,2020,11,23,28.3,5.55
8.25,76.75,2020,11,23,27.66,5.55
8.25,77.25,2020,11,23,26.15,4.94
8.75,74.25,2020,11,23,28.32,5.97
8.75,74.75,2020,11,23,28.46,5.97
8.75,75.25,2020,11,23,28.39,5.93
8.75,75.75,2020,11,23,28.18,5.93
8.75,76.25,2020,11,23,28.24,5.55
8.75,76.75,2020,11,23,26,5.55
8.75,77.25,2020,11,23,24.21,4.94
9.25,74.25,2020,11,23,28.46,6.08
9.25,74.75,2020,11,23,28.57,6.08
9.25,75.25,2020,11,23,28.55,5.94
9.25,75.75,2020,11,23,28.38,5.94
9.25,76.25,2020,11,23,28.19,5.81
9.25,76.75,2020,11,23,24.78,5.81
9.25,77.25,2020,11,23,23.26,5.29
9.75,74.25,2020,11,23,28.58,6.08
9.75,74.75,2020,11,23,28.63,6.08
9.75,75.25,2020,11,23,28.65,5.94
9.75,75.75,2020,11,23,28.47,5.94
9.75,76.25,2020,11,23,27.8,5.81
9.75,76.75,2020,11,23,23.53,5.81
9.75,77.25,2020,11,23,21.89,5.29
10.25,74.25,2020,11,23,28.65,5.79
10.25,74.75,2020,11,23,28.64,5.79
10.25,75.25,2020,11,23,28.56,5.97
10.25,75.75,2020,11,23,28.1,5.97
10.25,76.25,2020,11,23,26.61,5.75
10.25,76.75,2020,11,23,22.62,5.75
10.25,77.25,2020,11,23,21.54,5.4
10.75,74.25,2020,11,23,28.74,5.79
10.75,74.75,2020,11,23,28.69,5.79
10.75,75.25,2020,11,23,28.38,5.97
10.75,75.75,2020,11,23,27.29,5.97
10.75,76.25,2020,11,23,24.5,5.75
10.75,76.75,2020,11,23,22.27,5.75
10.75,77.25,2020,11,23,22.34,5.4
11.25,74.25,2020,11,23,28.8,5.18
11.25,74.75,2020,11,23,28.68,5.18
11.25,75.25,2020,11,23,27.82,5.6
11.25,75.75,2020,11,23,25.71,5.6
11.25,76.25,2020,11,23,21.96,5.22
11.25,76.75,2020,11,23,21.25,5.22
11.25,77.25,2020,11,23,22.1,4.92
11.75,74.25,2020,11,23,28.76,5.18
11.75,74.75,2020,11,23,28.23,5.18
11.75,75.25,2020,11,23,26.28,5.6
11.75,75.75,2020,11,23,23.11,5.6
11.75,76.25,2020,11,23,20.08,5.22
11.75,76.75,2020,11,23,20.26,5.22
11.75,77.25,2020,11,23,20.86,4.92
12.25,74.25,2020,11,23,28.77,4.64
12.25,74.75,2020,11,23,27.43,4.64
12.25,75.25,2020,11,23,24.34,5.11
12.25,75.75,2020,11,23,20.63,5.11
12.25,76.25,2020,11,23,19.05,5.19
12.25,76.75,2020,11,23,19.6,5.19
12.25,77.25,2020,11,23,19.77,4.79
12.75,74.25,2020,11,23,28.87,4.64
12.75,74.75,2020,11,23,26.81,4.64
12.75,75.25,2020,11,23,23.15,5.11
12.75,75.75,2020,11,23,19.44,5.11
12.75,76.25,2020,11,23,18.6,5.19
12.75,76.75,2020,11,23,18.97,5.19
12.75,77.25,2020,11,23,18.89,4.79
8.25,74.25,2020,11,24,27.94,5.91
8.25,74.75,2020,11,24,28.09,5.91
8.25,75.25,2020,11,24,28.23,5.71
8.25,75.75,2020,11,24,28.33,5.71
8.25,76.25,2020,11,24,28.42,5.07
8.25,76.75,2020,11,24,27.79,5.07
8.25,77.25,2020,11,24,26.76,4.28
8.75,74.25,2020,11,24,28.13,5.91
8.75,74.75,2020,11,24,28.24,5.91
8.75,75.25,2020,11,24,28.36,5.71
8.75,75.75,2020,11,24,28.45,5.71
8.75,76.25,2020,11,24,28.46,5.07
8.75,76.75,2020,11,24,26.63,5.07
8.75,77.25,2020,11,24,25.27,4.28
9.25,74.25,2020,11,24,28.29,5.79
9.25,74.75,2020,11,24,28.39,5.79
9.25,75.25,2020,11,24,28.5,5.43
9.25,75.75,2020,11,24,28.56,5.43
9.25,76.25,2020,11,24,28.48,4.64
9.25,76.75,2020,11,24,25.54,4.64
9.25,77.25,2020,11,24,24.26,3.55
9.75,74.25,2020,11,24,28.41,5.79
9.75,74.75,2020,11,24,28.52,5.79
9.75,75.25,2020,11,24,28.59,5.43
9.75,75.75,2020,11,24,28.45,5.43
9.75,76.25,2020,11,24,27.87,4.64
9.75,76.75,2020,11,24,23.95,4.64
9.75,77.25,2020,11,24,22.47,3.55
10.25,74.25,2020,11,24,28.52,4.78
10.25,74.75,2020,11,24,28.59,4.78
10.25,75.25,2020,11,24,28.51,5.29
10.25,75.75,2020,11,24,28.01,5.29
10.25,76.25,2020,11,24,26.69,4.29
10.25,76.75,2020,11,24,23.05,4.29
10.25,77.25,2020,11,24,21.97,3.51
10.75,74.25,2020,11,24,28.64,4.78
10.75,74.75,2020,11,24,28.63,4.78
10.75,75.25,2020,11,24,28.29,5.29
10.75,75.75,2020,11,24,27.22,5.29
10.75,76.25,2020,11,24,24.94,4.29
10.75,76.75,2020,11,24,22.97,4.29
10.75,77.25,2020,11,24,22.97,3.51
11.25,74.25,2020,11,24,28.72,5.38
11.25,74.75,2020,11,24,28.58,5.38
11.25,75.25,2020,11,24,27.73,5.43
11.25,75.75,2020,11,24,25.8,5.43
11.25,76.25,2020,11,24,22.55,4.28
11.25,76.75,2020,11,24,21.96,4.28
11.25,77.25,2020,11,24,22.84,4
11.75,74.25,2020,11,24,28.69,5.38
11.75,74.75,2020,11,24,28.19,5.38
11.75,75.25,2020,11,24,26.57,5.43
11.75,75.75,2020,11,24,23.92,5.43
11.75,76.25,2020,11,24,21.12,4.28
11.75,76.75,2020,11,24,21.12,4.28
11.75,77.25,2020,11,24,21.69,4
12.25,74.25,2020,11,24,28.64,5.22
12.25,74.75,2020,11,24,27.56,5.22
12.25,75.25,2020,11,24,25.21,5.44
12.25,75.75,2020,11,24,22.35,5.44
12.25,76.25,2020,11,24,20.9,4.58
12.25,76.75,2020,11,24,21.21,4.58
12.25,77.25,2020,11,24,21.06,4.1
12.75,74.25,2020,11,24,28.66,5.22
12.75,74.75,2020,11,24,27.12,5.22
12.75,75.25,2020,11,24,24.38,5.44
12.75,75.75,2020,11,24,21.57,5.44
12.75,76.25,2020,11,24,20.9,4.58
12.75,76.75,2020,11,24,21.32,4.58
12.75,77.25,2020,11,24,20.86,4.1
8.25,74.25,2020,11,25,28.08,5.65
8.25,74.75,2020,11,25,28.22,5.65
8.25,75.25,2020,11,25,28.39,5.36
8.25,75.75,2020,11,25,28.57,5.36
8.25,76.25,2020,11,25,28.81,4.65
8.25,76.75,2020,11,25,28.04,4.65
8.25,77.25,2020,11,25,26.97,3.98
8.75,74.25,2020,11,25,28.27,5.65
8.75,74.75,2020,11,25,28.42,5.65
8.75,75.25,2020,11,25,28.59,5.36
8.75,75.75,2020,11,25,28.75,5.36
8.75,76.25,2020,11,25,28.81,4.65
8.75,76.75,2020,11,25,26.75,4.65
8.75,77.25,2020,11,25,25.46,3.98
9.25,74.25,2020,11,25,28.47,5.41
9.25,74.75,2020,11,25,28.58,5.41
9.25,75.25,2020,11,25,28.72,4.85
9.25,75.75,2020,11,25,28.79,4.85
9.25,76.25,2020,11,25,28.55,3.95
9.25,76.75,2020,11,25,25.5,3.95
9.25,77.25,2020,11,25,24.55,2.39
9.75,74.25,2020,11,25,28.62,5.41
9.75,74.75,2020,11,25,28.73,5.41
9.75,75.25,2020,11,25,28.84,4.85
9.75,75.75,2020,11,25,28.71,4.85
9.75,76.25,2020,11,25,27.82,3.95
9.75,76.75,2020,11,25,24.03,3.95
9.75,77.25,2020,11,25,22.97,2.39
10.25,74.25,2020,11,25,28.72,4.91
10.25,74.75,2020,11,25,28.84,4.91
10.25,75.25,2020,11,25,28.87,4.52
10.25,75.75,2020,11,25,28.44,4.52
10.25,76.25,2020,11,25,26.93,4.05
10.25,76.75,2020,11,25,23.62,4.05
10.25,77.25,2020,11,25,22.72,2.99
10.75,74.25,2020,11,25,28.83,4.91
10.75,74.75,2020,11,25,28.91,4.91
10.75,75.25,2020,11,25,28.71,4.52
10.75,75.75,2020,11,25,27.8,4.52
10.75,76.25,2020,11,25,25.64,4.05
10.75,76.75,2020,11,25,23.86,4.05
10.75,77.25,2020,11,25,23.82,2.99
11.25,74.25,2020,11,25,28.93,5.31
11.25,74.75,2020,11,25,28.92,5.31
11.25,75.25,2020,11,25,28.25,5.2
11.25,75.75,2020,11,25,26.53,5.2
11.25,76.25,2020,11,25,23.58,4.23
11.25,76.75,2020,11,25,22.84,4.23
11.25,77.25,2020,11,25,23.69,2.99
11.75,74.25,2020,11,25,28.98,5.31
11.75,74.75,2020,11,25,28.67,5.31
11.75,75.25,2020,11,25,27.28,5.2
11.75,75.75,2020,11,25,24.83,5.2
11.75,76.25,2020,11,25,22.17,4.23
11.75,76.75,2020,11,25,21.9,4.23
11.75,77.25,2020,11,25,22.56,2.99
12.25,74.25,2020,11,25,28.93,5.45
12.25,74.75,2020,11,25,28.17,5.45
12.25,75.25,2020,11,25,26.08,5.28
12.25,75.75,2020,11,25,23.28,5.28
12.25,76.25,2020,11,25,21.62,4.51
12.25,76.75,2020,11,25,21.85,4.51
12.25,77.25,2020,11,25,21.92,3.24
12.75,74.25,2020,11,25,28.84,5.45
12.75,74.75,2020,11,25,27.71,5.45
12.75,75.25,2020,11,25,25.2,5.28
12.75,75.75,2020,11,25,22.26,5.28
12.75,76.25,2020,11,25,21.12,4.51
12.75,76.75,2020,11,25,21.59,4.51
12.75,77.25,2020,11,25,21.5,3.24
8.25,74.25,2020,11,26,28.28,5.68
8.25,74.75,2020,11,26,28.32,5.68
8.25,75.25,2020,11,26,28.37,5.5
8.25,75.75,2020,11,26,28.43,5.5
8.25,76.25,2020,11,26,28.49,5.04
8.25,76.75,2020,11,26,27.77,5.04
8.25,77.25,2020,11,26,26.77,4.59
8.75,74.25,2020,11,26,28.44,5.68
8.75,74.75,2020,11,26,28.47,5.68
8.75,75.25,2020,11,26,28.5,5.5
8.75,75.75,2020,11,26,28.51,5.5
8.75,76.25,2020,11,26,28.44,5.04
8.75,76.75,2020,11,26,26.54,5.04
8.75,77.25,2020,11,26,25.18,4.59
9.25,74.25,2020,11,26,28.56,5.43
9.25,74.75,2020,11,26,28.58,5.43
9.25,75.25,2020,11,26,28.6,5.34
9.25,75.75,2020,11,26,28.54,5.34
9.25,76.25,2020,11,26,28.2,4.58
9.25,76.75,2020,11,26,25.3,4.58
9.25,77.25,2020,11,26,24.27,3.9
9.75,74.25,2020,11,26,28.64,5.43
9.75,74.75,2020,11,26,28.66,5.43
9.75,75.25,2020,11,26,28.68,5.34
9.75,75.75,2020,11,26,28.48,5.34
9.75,76.25,2020,11,26,27.62,4.58
9.75,76.75,2020,11,26,23.92,4.58
9.75,77.25,2020,11,26,23.02,3.9
10.25,74.25,2020,11,26,28.71,4.77
10.25,74.75,2020,11,26,28.72,4.77
10.25,75.25,2020,11,26,28.68,4.07
10.25,75.75,2020,11,26,28.22,4.07
10.25,76.25,2020,11,26,26.74,3.82
10.25,76.75,2020,11,26,23.44,3.82
10.25,77.25,2020,11,26,22.81,3.83
10.75,74.25,2020,11,26,28.79,4.77
10.75,74.75,2020,11,26,28.8,4.77
10.75,75.25,2020,11,26,28.54,4.07
10.75,75.75,2020,11,26,27.58,4.07
10.75,76.25,2020,11,26,25.27,3.82
10.75,76.75,2020,11,26,23.42,3.82
10.75,77.25,2020,11,26,23.56,3.83
11.25,74.25,2020,11,26,28.84,4.35
11.25,74.75,2020,11,26,28.81,4.35
11.25,75.25,2020,11,26,28.09,3.86
11.25,75.75,2020,11,26,26.24,3.86
11.25,76.25,2020,11,26,23.02,3.05
11.25,76.75,2020,11,26,22.18,3.05
11.25,77.25,2020,11,26,23.1,2.2
11.75,74.25,2020,11,26,28.86,4.35
11.75,74.75,2020,11,26,28.59,4.35
11.75,75.25,2020,11,26,27.06,3.86
11.75,75.75,2020,11,26,24.3,3.86
11.75,76.25,2020,11,26,21.28,3.05
11.75,76.75,2020,11,26,20.88,3.05
11.75,77.25,2020,11,26,21.48,2.2
12.25,74.25,2020,11,26,28.84,4.39
12.25,74.75,2020,11,26,28.1,4.39
12.25,75.25,2020,11,26,25.73,3.49
12.25,75.75,2020,11,26,22.42,3.49
12.25,76.25,2020,11,26,20.38,1.93
12.25,76.75,2020,11,26,20.34,1.93
12.25,77.25,2020,11,26,20.33,0.87
12.75,74.25,2020,11,26,28.74,4.39
12.75,74.75,2020,11,26,27.51,4.39
12.75,75.25,2020,11,26,24.64,3.49
12.75,75.75,2020,11,26,21.18,3.49
12.75,76.25,2020,11,26,19.7,1.93
12.75,76.75,2020,11,26,19.83,1.93
12.75,77.25,2020,11,26,19.66,0.87
8.25,74.25,2020,11,27,28.26,5.38
8.25,74.75,2020,11,27,28.21,5.38
8.25,75.25,2020,11,27,28.19,5.26
8.25,75.75,2020,11,27,28.17,5.26
8.25,76.25,2020,11,27,28.14,5.33
8.25,76.75,2020,11,27,27.44,5.33
8.25,77.25,2020,11,27,26.5,5.26
8.75,74.25,2020,11,27,28.12,5.38
8.75,74.75,2020,11,27,28.07,5.38
8.75,75.25,2020,11,27,28.04,5.26
8.75,75.75,2020,11,27,28.02,5.26
8.75,76.25,2020,11,27,27.94,5.33
8.75,76.75,2020,11,27,26.2,5.33
8.75,77.25,2020,11,27,25.01,5.26
9.25,74.25,2020,11,27,27.98,5.58
9.25,74.75,2020,11,27,27.9,5.58
9.25,75.25,2020,11,27,27.85,5.46
9.25,75.75,2020,11,27,27.79,5.46
9.25,76.25,2020,11,27,27.6,5.35
9.25,76.75,2020,11,27,25.04,5.35
9.25,77.25,2020,11,27,24.2,5.02
9.75,74.25,2020,11,27,28.02,5.58
9.75,74.75,2020,11,27,27.91,5.58
9.75,75.25,2020,11,27,27.81,5.46
9.75,75.75,2020,11,27,27.58,5.46
9.75,76.25,2020,11,27,26.99,5.35
9.75,76.75,2020,11,27,23.85,5.35
9.75,77.25,2020,11,27,23.11,5.02
10.25,74.25,2020,11,27,28.25,5.66
10.25,74.75,2020,11,27,28.21,5.66
10.25,75.25,2020,11,27,28.07,5.65
10.25,75.75,2020,11,27,27.6,5.65
10.25,76.25,2020,11,27,26.4,5.12
10.25,76.75,2020,11,27,23.57,5.12
10.25,77.25,2020,11,27,22.9,4.68
10.75,74.25,2020,11,27,28.43,5.66
10.75,74.75,2020,11,27,28.41,5.66
10.75,75.25,2020,11,27,28.13,5.65
10.75,75.75,2020,11,27,27.21,5.65
10.75,76.25,2020,11,27,25.14,5.12
10.75,76.75,2020,11,27,23.48,5.12
10.75,77.25,2020,11,27,23.37,4.68
11.25,74.25,2020,11,27,28.45,5.86
11.25,74.75,2020,11,27,28.33,5.86
11.25,75.25,2020,11,27,27.57,5.81
11.25,75.75,2020,11,27,25.83,5.81
11.25,76.25,2020,11,27,22.89,5.18
11.25,76.75,2020,11,27,21.89,5.18
11.25,77.25,2020,11,27,22.52,5.19
11.75,74.25,2020,11,27,28.34,5.86
11.75,74.75,2020,11,27,27.89,5.86
11.75,75.25,2020,11,27,26.4,5.81
11.75,75.75,2020,11,27,23.92,5.81
11.75,76.25,2020,11,27,21.28,5.18
11.75,76.75,2020,11,27,20.38,5.18
11.75,77.25,2020,11,27,20.94,5.19
12.25,74.25,2020,11,27,28.18,5.61
12.25,74.75,2020,11,27,27.25,5.61
12.25,75.25,2020,11,27,25.07,5.5
12.25,75.75,2020,11,27,22.24,5.5
12.25,76.25,2020,11,27,20.51,4.53
12.25,76.75,2020,11,27,20.09,4.53
12.25,77.25,2020,11,27,20.23,4.05
12.75,74.25,2020,11,27,28.06,5.61
12.75,74.75,2020,11,27,26.71,5.61
12.75,75.25,2020,11,27,24.06,5.5
12.75,75.75,2020,11,27,21.04,5.5
12.75,76.25,2020,11,27,19.72,4.53
12.75,76.75,2020,11,27,19.86,4.53
12.75,77.25,2020,11,27,19.9,4.05
8.25,74.25,2020,11,28,27.94,5.82
8.25,74.75,2020,11,28,27.9,5.82
8.25,75.25,2020,11,28,27.97,5.93
8.25,75.75,2020,11,28,28.1,5.93
8.25,76.25,2020,11,28,28.29,5.71
8.25,76.75,2020,11,28,27.79,5.71
8.25,77.25,2020,11,28,26.86,4.55
8.75,74.25,2020,11,28,27.61,5.82
8.75,74.75,2020,11,28,27.63,5.82
8.75,75.25,2020,11,28,27.77,5.93
8.75,75.75,2020,11,28,27.95,5.93
8.75,76.25,2020,11,28,28.1,5.71
8.75,76.75,2020,11,28,26.75,5.71
8.75,77.25,2020,11,28,25.51,4.55
9.25,74.25,2020,11,28,27.67,5.81
9.25,74.75,2020,11,28,27.66,5.81
9.25,75.25,2020,11,28,27.73,5.72
9.25,75.75,2020,11,28,27.84,5.72
9.25,76.25,2020,11,28,27.97,5.65
9.25,76.75,2020,11,28,25.57,5.65
9.25,77.25,2020,11,28,24.5,4.74
9.75,74.25,2020,11,28,27.9,5.81
9.75,74.75,2020,11,28,27.87,5.81
9.75,75.25,2020,11,28,27.82,5.72
9.75,75.75,2020,11,28,27.72,5.72
9.75,76.25,2020,11,28,27.56,5.65
9.75,76.75,2020,11,28,24.08,5.65
9.75,77.25,2020,11,28,22.92,4.74
10.25,74.25,2020,11,28,28.16,5.71
10.25,74.75,2020,11,28,28.13,5.71
10.25,75.25,2020,11,28,27.99,5.62
10.25,75.75,2020,11,28,27.59,5.62
10.25,76.25,2020,11,28,26.71,5.08
10.25,76.75,2020,11,28,23.22,5.08
10.25,77.25,2020,11,28,22.31,3.52
10.75,74.25,2020,11,28,28.26,5.71
10.75,74.75,2020,11,28,28.28,5.71
10.75,75.25,2020,11,28,28.11,5.62
10.75,75.75,2020,11,28,27.3,5.62
10.75,76.25,2020,11,28,25.14,5.08
10.75,76.75,2020,11,28,22.78,5.08
10.75,77.25,2020,11,28,22.79,3.52
11.25,74.25,2020,11,28,28.25,5.67
11.25,74.75,2020,11,28,28.29,5.67
11.25,75.25,2020,11,28,27.85,5.74
11.25,75.75,2020,11,28,26.3,5.74
11.25,76.25,2020,11,28,22.93,4.32
11.25,76.75,2020,11,28,21.4,4.32
11.25,77.25,2020,11,28,22.29,3.41
11.75,74.25,2020,11,28,28.23,5.67
11.75,74.75,2020,11,28,28.07,5.67
11.75,75.25,2020,11,28,26.91,5.74
11.75,75.75,2020,11,28,24.54,5.74
11.75,76.25,2020,11,28,21.41,4.32
11.75,76.75,2020,11,28,20.41,4.32
11.75,77.25,2020,11,28,21.1,3.41
12.25,74.25,2020,11,28,28.15,5.65
12.25,74.75,2020,11,28,27.54,5.65
12.25,75.25,2020,11,28,25.63,5.17
12.25,75.75,2020,11,28,22.85,5.17
12.25,76.25,2020,11,28,20.83,4.05
12.25,76.75,2020,11,28,20.59,4.05
12.25,77.25,2020,11,28,20.69,3.67
12.75,74.25,2020,11,28,27.89,5.65
12.75,74.75,2020,11,28,26.85,5.65
12.75,75.25,2020,11,28,24.56,5.17
12.75,75.75,2020,11,28,21.81,5.17
12.75,76.25,2020,11,28,20.52,4.05
12.75,76.75,2020,11,28,20.76,4.05
12.75,77.25,2020,11,28,20.7,3.67
8.25,74.25,2020,11,29,28.27,5.54
8.25,74.75,2020,11,29,28.26,5.54
8.25,75.25,2020,11,29,28.3,5.62
8.25,75.75,2020,11,29,28.37,5.62
8.25,76.25,2020,11,29,28.48,6.1
8.25,76.75,2020,11,29,27.87,6.1
8.25,77.25,2020,11,29,26.94,5.11
8.75,74.25,2020,11,29,28.35,5.54
8.75,74.75,2020,11,29,28.36,5.54
8.75,75.25,2020,11,29,28.43,5.62
8.75,75.75,2020,11,29,28.57,5.62
8.75,76.25,2020,11,29,28.72,6.1
8.75,76.75,2020,11,29,26.72,6.1
8.75,77.25,2020,11,29,25.39,5.11
9.25,74.25,2020,11,29,28.34,5.64
9.25,74.75,2020,11,29,28.37,5.64
9.25,75.25,2020,11,29,28.43,5.97
9.25,75.75,2020,11,29,28.56,5.97
9.25,76.25,2020,11,29,28.72,5.94
9.25,76.75,2020,11,29,25.49,5.94
9.25,77.25,2020,11,29,24.22,4.54
9.75,74.25,2020,11,29,28.14,5.64
9.75,74.75,2020,11,29,28.24,5.64
9.75,75.25,2020,11,29,28.37,5.97
9.75,75.75,2020,11,29,28.41,5.97
9.75,76.25,2020,11,29,28.09,5.94
9.75,76.75,2020,11,29,23.96,5.94
9.75,77.25,2020,11,29,22.58,4.54
10.25,74.25,2020,11,29,27.96,4.91
10.25,74.75,2020,11,29,28.1,4.91
10.25,75.25,2020,11,29,28.25,5.59
10.25,75.75,2020,11,29,28.08,5.59
10.25,76.25,2020,11,29,26.9,5.19
10.25,76.75,2020,11,29,23.28,5.19
10.25,77.25,2020,11,29,22.25,3.43
10.75,74.25,2020,11,29,27.97,4.91
10.75,74.75,2020,11,29,28.12,4.91
10.75,75.25,2020,11,29,28.19,5.59
10.75,75.75,2020,11,29,27.61,5.59
10.75,76.25,2020,11,29,25.36,5.19
10.75,76.75,2020,11,29,23.25,5.19
10.75,77.25,2020,11,29,23.24,3.43
11.25,74.25,2020,11,29,28.1,4.93
11.25,74.75,2020,11,29,28.23,4.93
11.25,75.25,2020,11,29,27.91,5.41
11.25,75.75,2020,11,29,26.56,5.41
11.25,76.25,2020,11,29,23.35,4.21
11.25,76.75,2020,11,29,22.29,4.21
11.25,77.25,2020,11,29,23.2,3.43
11.75,74.25,2020,11,29,28.26,4.93
11.75,74.75,2020,11,29,28.22,4.93
11.75,75.25,2020,11,29,27.1,5.41
11.75,75.75,2020,11,29,24.82,5.41
11.75,76.25,2020,11,29,21.93,4.21
11.75,76.75,2020,11,29,21.56,4.21
11.75,77.25,2020,11,29,22.33,3.43
12.25,74.25,2020,11,29,28.41,5.16
12.25,74.75,2020,11,29,27.99,5.16
12.25,75.25,2020,11,29,26.08,4.71
12.25,75.75,2020,11,29,23.26,4.71
12.25,76.25,2020,11,29,21.43,3.8
12.25,76.75,2020,11,29,21.67,3.8
12.25,77.25,2020,11,29,21.88,2.69
12.75,74.25,2020,11,29,28.54,5.16
12.75,74.75,2020,11,29,27.7,5.16
12.75,75.25,2020,11,29,25.33,4.71
12.75,75.75,2020,11,29,22.37,4.71
12.75,76.25,2020,11,29,21.17,3.8
12.75,76.75,2020,11,29,21.58,3.8
12.75,77.25,2020,11,29,21.49,2.69
8.25,74.25,2020,11,30,28.18,5.9
8.25,74.75,2020,11,30,28.24,5.9
8.25,75.25,2020,11,30,28.39,5.93
8.25,75.75,2020,11,30,28.58,5.93
8.25,76.25,2020,11,30,28.71,5.91
8.25,76.75,2020,11,30,27.99,5.91
8.25,77.25,2020,11,30,26.97,4.76
8.75,74.25,2020,11,30,28.13,5.9
8.75,74.75,2020,11,30,28.19,5.9
8.75,75.25,2020,11,30,28.34,5.93
8.75,75.75,2020,11,30,28.53,5.93
8.75,76.25,2020,11,30,28.73,5.91
8.75,76.75,2020,11,30,26.84,5.91
8.75,77.25,2020,11,30,25.45,4.76
9.25,74.25,2020,11,30,28.09,5.27
9.25,74.75,2020,11,30,28.22,5.27
9.25,75.25,2020,11,30,28.4,5.62
9.25,75.75,2020,11,30,28.58,5.62
9.25,76.25,2020,11,30,28.89,5.69
9.25,76.75,2020,11,30,25.87,5.69
9.25,77.25,2020,11,30,24.47,4.27
9.75,74.25,2020,11,30,28.05,5.27
9.75,74.75,2020,11,30,28.27,5.27
9.75,75.25,2020,11,30,28.5,5.62
9.75,75.75,2020,11,30,28.57,5.62
9.75,76.25,2020,11,30,28.46,5.69
9.75,76.75,2020,11,30,24.58,5.69
9.75,77.25,2020,11,30,23.05,4.27
10.25,74.25,2020,11,30,27.96,4.94
10.25,74.75,2020,11,30,28.2,4.94
10.25,75.25,2020,11,30,28.46,5.67
10.25,75.75,2020,11,30,28.32,5.67
10.25,76.25,2020,11,30,27.23,5.27
10.25,76.75,2020,11,30,23.75,5.27
10.25,77.25,2020,11,30,22.62,3.54
10.75,74.25,2020,11,30,27.92,4.94
10.75,74.75,2020,11,30,28.13,4.94
10.75,75.25,2020,11,30,28.29,5.67
10.75,75.75,2020,11,30,27.75,5.67
10.75,76.25,2020,11,30,25.55,5.27
10.75,76.75,2020,11,30,23.48,5.27
10.75,77.25,2020,11,30,23.34,3.54
11.25,74.25,2020,11,30,28.07,4.73
11.25,74.75,2020,11,30,28.22,4.73
11.25,75.25,2020,11,30,27.94,5.59
11.25,75.75,2020,11,30,26.57,5.59
11.25,76.25,2020,11,30,23.39,4.33
11.25,76.75,2020,11,30,22.31,4.33
11.25,77.25,2020,11,30,23.09,4
11.75,74.25,2020,11,30,28.37,4.73
11.75,74.75,2020,11,30,28.3,4.73
11.75,75.25,2020,11,30,27.15,5.59
11.75,75.75,2020,11,30,24.8,5.59
11.75,76.25,2020,11,30,21.87,4.33
11.75,76.75,2020,11,30,21.4,4.33
11.75,77.25,2020,11,30,22.09,4
12.25,74.25,2020,11,30,28.61,5.4
12.25,74.75,2020,11,30,28.1,5.4
12.25,75.25,2020,11,30,26.13,5.16
12.25,75.75,2020,11,30,23.24,5.16
12.25,76.25,2020,11,30,21.33,4.31
12.25,76.75,2020,11,30,21.46,4.31
12.25,77.25,2020,11,30,21.57,4.13
12.75,74.25,2020,11,30,28.76,5.4
12.75,74.75,2020,11,30,27.8,5.4
12.75,75.25,2020,11,30,25.36,5.16
12.75,75.75,2020,11,30,22.36,5.16
12.75,76.25,2020,11,30,21.07,4.31
12.75,76.75,2020,11,30,21.37,4.31
12.75,77.25,2020,11,30,21.19,4.13
8.25,74.25,2020,12,1,28.28,4.31
8.25,74.75,2020,12,1,28.32,4.31
8.25,75.25,2020,12,1,28.46,5.62
8.25,75.75,2020,12,1,28.65,5.62
8.25,76.25,2020,12,1,28.75,5.93
8.25,76.75,2020,12,1,27.54,5.93
8.25,77.25,2020,12,1,26.07,5.89
8.75,74.25,2020,12,1,28.59,4.31
8.75,74.75,2020,12,1,28.66,4.31
8.75,75.25,2020,12,1,28.66,5.62
8.75,75.75,2020,12,1,28.68,5.62
8.75,76.25,2020,12,1,28.84,5.93
8.75,76.75,2020,12,1,26.19,5.93
8.75,77.25,2020,12,1,24.33,5.89
9.25,74.25,2020,12,1,28.66,5.33
9.25,74.75,2020,12,1,28.81,5.33
9.25,75.25,2020,12,1,28.86,5.75
9.25,75.75,2020,12,1,28.86,5.75
9.25,76.25,2020,12,1,28.99,5.92
9.25,76.75,2020,12,1,25.05,5.92
9.25,77.25,2020,12,1,23.3,5.89
9.75,74.25,2020,12,1,28.7,5.33
9.75,74.75,2020,12,1,28.8,5.33
9.75,75.25,2020,12,1,28.87,5.75
9.75,75.75,2020,12,1,28.73,5.75
9.75,76.25,2020,12,1,28.18,5.92
9.75,76.75,2020,12,1,23.51,5.92
9.75,77.25,2020,12,1,21.87,5.89
10.25,74.25,2020,12,1,28.81,5.46
10.25,74.75,2020,12,1,28.8,5.46
10.25,75.25,2020,12,1,28.73,5.86
10.25,75.75,2020,12,1,28.18,5.86
10.25,76.25,2020,12,1,26.46,5.52
10.25,76.75,2020,12,1,22.56,5.52
10.25,77.25,2020,12,1,21.55,5.4
10.75,74.25,2020,12,1,28.95,5.46
10.75,74.75,2020,12,1,28.84,5.46
10.75,75.25,2020,12,1,28.51,5.86
10.75,75.75,2020,12,1,27.39,5.86
10.75,76.25,2020,12,1,24.56,5.52
10.75,76.75,2020,12,1,22.3,5.52
10.75,77.25,2020,12,1,22.39,5.4
11.25,74.25,2020,12,1,29,5.85
11.25,74.75,2020,12,1,28.82,5.85
11.25,75.25,2020,12,1,27.98,5.93
11.25,75.75,2020,12,1,25.98,5.93
11.25,76.25,2020,12,1,22.31,5.84
11.25,76.75,2020,12,1,21.29,5.84
11.25,77.25,2020,12,1,22.23,5.34
11.75,74.25,2020,12,1,28.97,5.85
11.75,74.75,2020,12,1,28.55,5.85
11.75,75.25,2020,12,1,26.87,5.93
11.75,75.75,2020,12,1,23.96,5.93
11.75,76.25,2020,12,1,20.71,5.84
11.75,76.75,2020,12,1,20.43,5.84
11.75,77.25,2020,12,1,21.15,5.34
12.25,74.25,2020,12,1,28.94,5.79
12.25,74.75,2020,12,1,28.02,5.79
12.25,75.25,2020,12,1,25.5,5.92
12.25,75.75,2020,12,1,22.12,5.92
12.25,76.25,2020,12,1,20.05,5.8
12.25,76.75,2020,12,1,20.28,5.8
12.25,77.25,2020,12,1,20.38,5.35
12.75,74.25,2020,12,1,28.89,5.79
12.75,74.75,2020,12,1,27.44,5.79
12.75,75.25,2020,12,1,24.44,5.92
12.75,75.75,2020,12,1,21.02,5.92
12.75,76.25,2020,12,1,19.67,5.8
12.75,76.75,2020,12,1,20.06,5.8
12.75,77.25,2020,12,1,19.94,5.35
8.25,74.25,2020,12,2,29.28,5.8
8.25,74.75,2020,12,2,29.4,5.8
8.25,75.25,2020,12,2,29.41,5.52
8.25,75.75,2020,12,2,29.33,5.52
8.25,76.25,2020,12,2,29.26,3.84
8.25,76.75,2020,12,2,27.57,3.84
8.25,77.25,2020,12,2,26,2.51
8.75,74.25,2020,12,2,29.27,5.8
8.75,74.75,2020,12,2,29.38,5.8
8.75,75.25,2020,12,2,29.39,5.52
8.75,75.75,2020,12,2,29.25,5.52
8.75,76.25,2020,12,2,28.96,3.84
8.75,76.75,2020,12,2,25.82,3.84
8.75,77.25,2020,12,2,24.24,2.51
9.25,74.25,2020,12,2,29.25,5.5
9.25,74.75,2020,12,2,29.33,5.5
9.25,75.25,2020,12,2,29.28,5.06
9.25,75.75,2020,12,2,29.03,5.06
9.25,76.25,2020,12,2,28.52,3.91
9.25,76.75,2020,12,2,24.66,3.91
9.25,77.25,2020,12,2,23.42,2.81
9.75,74.25,2020,12,2,29.27,5.5
9.75,74.75,2020,12,2,29.31,5.5
9.75,75.25,2020,12,2,29.15,5.06
9.75,75.75,2020,12,2,28.67,5.06
9.75,76.25,2020,12,2,27.7,3.91
9.75,76.75,2020,12,2,23.5,3.91
9.75,77.25,2020,12,2,22.13,2.81
10.25,74.25,2020,12,2,29.28,5.41
10.25,74.75,2020,12,2,29.28,5.41
10.25,75.25,2020,12,2,28.97,5.2
10.25,75.75,2020,12,2,28.15,5.2
10.25,76.25,2020,12,2,26.6,4.33
10.25,76.75,2020,12,2,22.99,4.33
10.25,77.25,2020,12,2,21.94,3.32
10.75,74.25,2020,12,2,29.14,5.41
10.75,74.75,2020,12,2,29.1,5.41
10.75,75.25,2020,12,2,28.57,5.2
10.75,75.75,2020,12,2,27.29,5.2
10.75,76.25,2020,12,2,25.03,4.33
10.75,76.75,2020,12,2,23.14,4.33
10.75,77.25,2020,12,2,23.1,3.32
11.25,74.25,2020,12,2,28.89,5.65
11.25,74.75,2020,12,2,28.71,5.65
11.25,75.25,2020,12,2,27.76,5.53
11.25,75.75,2020,12,2,25.77,5.53
11.25,76.25,2020,12,2,22.78,4.84
11.25,76.75,2020,12,2,22.26,4.84
11.25,77.25,2020,12,2,23.16,3.92
11.75,74.25,2020,12,2,28.61,5.65
11.75,74.75,2020,12,2,28.05,5.65
11.75,75.25,2020,12,2,26.39,5.53
11.75,75.75,2020,12,2,23.76,5.53
11.75,76.25,2020,12,2,21.15,4.84
11.75,76.75,2020,12,2,21.25,4.84
11.75,77.25,2020,12,2,22.02,3.92
12.25,74.25,2020,12,2,28.35,5.72
12.25,74.75,2020,12,2,27.22,5.72
12.25,75.25,2020,12,2,24.85,5.61
12.25,75.75,2020,12,2,21.95,5.61
12.25,76.25,2020,12,2,20.39,5.1
12.25,76.75,2020,12,2,20.88,5.1
12.25,77.25,2020,12,2,21.11,4.38
12.75,74.25,2020,12,2,28.16,5.72
12.75,74.75,2020,12,2,26.49,5.72
12.75,75.25,2020,12,2,23.63,5.61
12.75,75.75,2020,12,2,20.65,5.61
12.75,76.25,2020,12,2,19.69,5.1
12.75,76.75,2020,12,2,20.31,5.1
12.75,77.25,2020,12,2,20.35,4.38
8.25,74.25,2020,12,3,28.79,3.08
8.25,74.75,2020,12,3,28.88,3.08
8.25,75.25,2020,12,3,28.96,3.17
8.25,75.75,2020,12,3,29.01,3.17
8.25,76.25,2020,12,3,28.97,2.72
8.25,76.75,2020,12,3,27.96,2.72
8.25,77.25,2020,12,3,26.6,2.24
8.75,74.25,2020,12,3,28.82,3.08
8.75,74.75,2020,12,3,28.84,3.08
8.75,75.25,2020,12,3,28.88,3.17
8.75,75.75,2020,12,3,28.86,3.17
8.75,76.25,2020,12,3,28.61,2.72
8.75,76.75,2020,12,3,26.32,2.72
8.75,77.25,2020,12,3,24.73,2.24
9.25,74.25,2020,12,3,28.87,3.63
9.25,74.75,2020,12,3,28.84,3.63
9.25,75.25,2020,12,3,28.81,2.83
9.25,75.75,2020,12,3,28.64,2.83
9.25,76.25,2020,12,3,28.05,2.21
9.25,76.75,2020,12,3,24.87,2.21
9.25,77.25,2020,12,3,23.63,1.73
9.75,74.25,2020,12,3,28.99,3.63
9.75,74.75,2020,12,3,28.89,3.63
9.75,75.25,2020,12,3,28.73,2.83
9.75,75.75,2020,12,3,28.28,2.83
9.75,76.25,2020,12,3,27.11,2.21
9.75,76.75,2020,12,3,23.25,2.21
9.75,77.25,2020,12,3,22.04,1.73
10.25,74.25,2020,12,3,29.12,3.76
10.25,74.75,2020,12,3,28.98,3.76
10.25,75.25,2020,12,3,28.63,2.77
10.25,75.75,2020,12,3,27.8,2.77
10.25,76.25,2020,12,3,26.05,1.89
10.25,76.75,2020,12,3,22.58,1.89
10.25,77.25,2020,12,3,21.65,1.29
10.75,74.25,2020,12,3,29.16,3.76
10.75,74.75,2020,12,3,29.07,3.76
10.75,75.25,2020,12,3,28.49,2.77
10.75,75.75,2020,12,3,27.12,2.77
10.75,76.25,2020,12,3,24.65,1.89
10.75,76.75,2020,12,3,22.65,1.89
10.75,77.25,2020,12,3,22.53,1.29
11.25,74.25,2020,12,3,29.14,4.18
11.25,74.75,2020,12,3,29.05,4.18
11.25,75.25,2020,12,3,28.08,3.34
11.25,75.75,2020,12,3,25.92,3.34
11.25,76.25,2020,12,3,22.59,2.06
11.25,76.75,2020,12,3,21.62,2.06
11.25,77.25,2020,12,3,22.34,1.45
11.75,74.25,2020,12,3,29.05,4.18
11.75,74.75,2020,12,3,28.73,4.18
11.75,75.25,2020,12,3,27.11,3.34
11.75,75.75,2020,12,3,24.27,3.34
11.75,76.25,2020,12,3,21.24,2.06
11.75,76.75,2020,12,3,20.73,2.06
11.75,77.25,2020,12,3,21.27,1.45
12.25,74.25,2020,12,3,28.89,4.07
12.25,74.75,2020,12,3,28.07,4.07
12.25,75.25,2020,12,3,25.76,3.63
12.25,75.75,2020,12,3,22.64,3.63
12.25,76.25,2020,12,3,20.76,2.81
12.25,76.75,2020,12,3,20.75,2.81
12.25,77.25,2020,12,3,20.74,2.09
12.75,74.25,2020,12,3,28.67,4.07
12.75,74.75,2020,12,3,27.35,4.07
12.75,75.25,2020,12,3,24.6,3.63
12.75,75.75,2020,12,3,21.46,3.63
12.75,76.25,2020,12,3,20.27,2.81
12.75,76.75,2020,12,3,20.58,2.81
12.75,77.25,2020,12,3,20.41,2.09
8.25,74.25,2020,12,4,27.49,3.36
8.25,74.75,2020,12,4,27.45,3.36
8.25,75.25,2020,12,4,27.43,3.26
8.25,75.75,2020,12,4,27.43,3.26
8.25,76.25,2020,12,4,27.49,2.57
8.25,76.75,2020,12,4,26.86,2.57
8.25,77.25,2020,12,4,26.02,2.64
8.75,74.25,2020,12,4,27.22,3.36
8.75,74.75,2020,12,4,27.21,3.36
8.75,75.25,2020,12,4,27.23,3.26
8.75,75.75,2020,12,4,27.21,3.26
8.75,76.25,2020,12,4,27.13,2.57
8.75,76.75,2020,12,4,25.57,2.57
8.75,77.25,2020,12,4,24.61,2.64
9.25,74.25,2020,12,4,27.22,2.49
9.25,74.75,2020,12,4,27.13,2.49
9.25,75.25,2020,12,4,27.13,3.58
9.25,75.75,2020,12,4,27.07,3.58
9.25,76.25,2020,12,4,26.74,3.98
9.25,76.75,2020,12,4,24.4,3.98
9.25,77.25,2020,12,4,23.78,3.13
9.75,74.25,2020,12,4,27.58,2.49
9.75,74.75,2020,12,4,27.33,2.49
9.75,75.25,2020,12,4,27.24,3.58
9.75,75.75,2020,12,4,27.05,3.58
9.75,76.25,2020,12,4,26.23,3.98
9.75,76.75,2020,12,4,23.08,3.98
9.75,77.25,2020,12,4,22.39,3.13
10.25,74.25,2020,12,4,28.05,3.59
10.25,74.75,2020,12,4,27.71,3.59
10.25,75.25,2020,12,4,27.46,2.94
10.25,75.75,2020,12,4,27.01,2.94
10.25,76.25,2020,12,4,25.69,3.25
10.25,76.75,2020,12,4,22.65,3.25
10.25,77.25,2020,12,4,21.98,2.83
10.75,74.25,2020,12,4,28.42,3.59
10.75,74.75,2020,12,4,28.1,3.59
10.75,75.25,2020,12,4,27.63,2.94
10.75,75.75,2020,12,4,26.68,2.94
10.75,76.25,2020,12,4,24.58,3.25
10.75,76.75,2020,12,4,22.76,3.25
10.75,77.25,2020,12,4,22.77,2.83
11.25,74.25,2020,12,4,28.75,4.55
11.25,74.75,2020,12,4,28.48,4.55
11.25,75.25,2020,12,4,27.57,3.1
11.25,75.75,2020,12,4,25.67,3.1
11.25,76.25,2020,12,4,22.55,2.2
11.25,76.75,2020,12,4,21.72,2.2
11.25,77.25,2020,12,4,22.57,2.09
11.75,74.25,2020,12,4,28.98,4.55
11.75,74.75,2020,12,4,28.62,4.55
11.75,75.25,2020,12,4,26.96,3.1
11.75,75.75,2020,12,4,24.09,3.1
11.75,76.25,2020,12,4,21.1,2.2
11.75,76.75,2020,12,4,20.74,2.2
11.75,77.25,2020,12,4,21.48,2.09
12.25,74.25,2020,12,4,29.06,5.03
12.25,74.75,2020,12,4,28.31,5.03
12.25,75.25,2020,12,4,25.96,3.67
12.25,75.75,2020,12,4,22.7,3.67
12.25,76.25,2020,12,4,20.73,2.36
12.25,76.75,2020,12,4,20.77,2.36
12.25,77.25,2020,12,4,20.95,2
12.75,74.25,2020,12,4,28.99,5.03
12.75,74.75,2020,12,4,27.87,5.03
12.75,75.25,2020,12,4,25.24,3.67
12.75,75.75,2020,12,4,22.08,3.67
12.75,76.25,2020,12,4,20.71,2.36
12.75,76.75,2020,12,4,20.92,2.36
12.75,77.25,2020,12,4,20.87,2
8.25,74.25,2020,12,5,27.18,0.92
8.25,74.75,2020,12,5,27.42,0.92
8.25,75.25,2020,12,5,27.74,1.43
8.25,75.75,2020,12,5,27.97,1.43
8.25,76.25,2020,12,5,27.89,2.38
8.25,76.75,2020,12,5,27.2,2.38
8.25,77.25,2020,12,5,26.23,2.64
8.75,74.25,2020,12,5,27.41,0.92
8.75,74.75,2020,12,5,27.66,0.92
8.75,75.25,2020,12,5,27.93,1.43
8.75,75.75,2020,12,5,28.01,1.43
8.75,76.25,2020,12,5,27.66,2.38
8.75,76.75,2020,12,5,25.94,2.38
8.75,77.25,2020,12,5,24.73,2.64
9.25,74.25,2020,12,5,27.81,1.87
9.25,74.75,2020,12,5,28.05,1.87
9.25,75.25,2020,12,5,28.21,2.5
9.25,75.75,2020,12,5,28.11,2.5
9.25,76.25,2020,12,5,27.48,2.84
9.25,76.75,2020,12,5,24.78,2.84
9.25,77.25,2020,12,5,23.68,2.68
9.75,74.25,2020,12,5,28.18,1.87
9.75,74.75,2020,12,5,28.38,1.87
9.75,75.25,2020,12,5,28.47,2.5
9.75,75.75,2020,12,5,28.2,2.5
9.75,76.25,2020,12,5,27.09,2.84
9.75,76.75,2020,12,5,23.49,2.84
9.75,77.25,2020,12,5,22.26,2.68
10.25,74.25,2020,12,5,28.4,3.15
10.25,74.75,2020,12,5,28.58,3.15
10.25,75.25,2020,12,5,28.59,3.91
10.25,75.75,2020,12,5,28.06,3.91
10.25,76.25,2020,12,5,26.31,3.38
10.25,76.75,2020,12,5,22.86,3.38
10.25,77.25,2020,12,5,21.84,2.62
10.75,74.25,2020,12,5,28.51,3.15
10.75,74.75,2020,12,5,28.67,3.15
10.75,75.25,2020,12,5,28.57,3.91
10.75,75.75,2020,12,5,27.67,3.91
10.75,76.25,2020,12,5,25.09,3.38
10.75,76.75,2020,12,5,22.76,3.38
10.75,77.25,2020,12,5,22.52,2.62
11.25,74.25,2020,12,5,28.59,4.81
11.25,74.75,2020,12,5,28.68,4.81
11.25,75.25,2020,12,5,28.22,4.85
11.25,75.75,2020,12,5,26.63,4.85
11.25,76.25,2020,12,5,23.3,3.2
11.25,76.75,2020,12,5,21.85,3.2
11.25,77.25,2020,12,5,22.43,2.97
11.75,74.25,2020,12,5,28.72,4.81
11.75,74.75,2020,12,5,28.54,4.81
11.75,75.25,2020,12,5,27.34,4.85
11.75,75.75,2020,12,5,24.97,4.85
11.75,76.25,2020,12,5,22.07,3.2
11.75,76.75,2020,12,5,21.31,3.2
11.75,77.25,2020,12,5,21.82,2.97
12.25,74.25,2020,12,5,28.9,5.35
12.25,74.75,2020,12,5,28.26,5.35
12.25,75.25,2020,12,5,26.27,4.26
12.25,75.75,2020,12,5,23.44,4.26
12.25,76.25,2020,12,5,21.63,2.65
12.25,76.75,2020,12,5,21.66,2.65
12.25,77.25,2020,12,5,21.7,2.68
12.75,74.25,2020,12,5,29.03,5.35
12.75,74.75,2020,12,5,27.94,5.35
12.75,75.25,2020,12,5,25.43,4.26
12.75,75.75,2020,12,5,22.46,4.26
12.75,76.25,2020,12,5,21.26,2.65
12.75,76.75,2020,12,5,21.64,2.65
12.75,77.25,2020,12,5,21.51,2.68
8.25,74.25,2020,12,6,27.74,4.48
8.25,74.75,2020,12,6,27.93,4.48
8.25,75.25,2020,12,6,28.09,4.38
8.25,75.75,2020,12,6,28.14,4.38
8.25,76.25,2020,12,6,28.04,4.64
8.25,76.75,2020,12,6,27.5,4.64
8.25,77.25,2020,12,6,26.61,3.8
8.75,74.25,2020,12,6,27.92,4.48
8.75,74.75,2020,12,6,28.01,4.48
8.75,75.25,2020,12,6,28.08,4.38
8.75,75.75,2020,12,6,28.1,4.38
8.75,76.25,2020,12,6,28.05,4.64
8.75,76.75,2020,12,6,26.58,4.64
8.75,77.25,2020,12,6,25.34,3.8
9.25,74.25,2020,12,6,28.38,4
9.25,74.75,2020,12,6,28.36,4
9.25,75.25,2020,12,6,28.29,4.02
9.25,75.75,2020,12,6,28.21,4.02
9.25,76.25,2020,12,6,28.14,3.65
9.25,76.75,2020,12,6,25.49,3.65
9.25,77.25,2020,12,6,24.34,3.1
9.75,74.25,2020,12,6,28.65,4
9.75,74.75,2020,12,6,28.59,4
9.75,75.25,2020,12,6,28.48,4.02
9.75,75.75,2020,12,6,28.26,4.02
9.75,76.25,2020,12,6,27.8,3.65
9.75,76.75,2020,12,6,24.15,3.65
9.75,77.25,2020,12,6,22.88,3.1
10.25,74.25,2020,12,6,28.62,4.98
10.25,74.75,2020,12,6,28.6,4.98
10.25,75.25,2020,12,6,28.5,5.3
10.25,75.75,2020,12,6,28.1,5.3
10.25,76.25,2020,12,6,26.94,4.03
10.25,76.75,2020,12,6,23.53,4.03
10.25,77.25,2020,12,6,22.46,3.01
10.75,74.25,2020,12,6,28.62,4.98
10.75,74.75,2020,12,6,28.63,4.98
10.75,75.25,2020,12,6,28.53,5.3
10.75,75.75,2020,12,6,27.79,5.3
10.75,76.25,2020,12,6,25.53,4.03
10.75,76.75,2020,12,6,23.44,4.03
10.75,77.25,2020,12,6,23.24,3.01
11.25,74.25,2020,12,6,28.79,5.58
11.25,74.75,2020,12,6,28.76,5.58
11.25,75.25,2020,12,6,28.32,5.34
11.25,75.75,2020,12,6,26.87,5.34
11.25,76.25,2020,12,6,23.6,3.44
11.25,76.75,2020,12,6,22.47,3.44
11.25,77.25,2020,12,6,23.16,2.98
11.75,74.25,2020,12,6,28.98,5.58
11.75,74.75,2020,12,6,28.77,5.58
11.75,75.25,2020,12,6,27.56,5.34
11.75,75.75,2020,12,6,25.22,5.34
11.75,76.25,2020,12,6,22.3,3.44
11.75,76.75,2020,12,6,21.78,3.44
11.75,77.25,2020,12,6,22.38,2.98
12.25,74.25,2020,12,6,29.08,5.66
12.25,74.75,2020,12,6,28.52,5.66
12.25,75.25,2020,12,6,26.59,4.91
12.25,75.75,2020,12,6,23.79,4.91
12.25,76.25,2020,12,6,21.94,2.57
12.25,76.75,2020,12,6,22.03,2.57
12.25,77.25,2020,12,6,22.08,2.68
12.75,74.25,2020,12,6,29.11,5.66
12.75,74.75,2020,12,6,28.18,5.66
12.75,75.25,2020,12,6,25.88,4.91
12.75,75.75,2020,12,6,23.07,4.91
12.75,76.25,2020,12,6,21.89,2.57
12.75,76.75,2020,12,6,22.16,2.57
12.75,77.25,2020,12,6,21.93,2.68
8.25,74.25,2020,12,7,28.03,4.54
8.25,74.75,2020,12,7,27.93,4.54
8.25,75.25,2020,12,7,27.8,4.28
8.25,75.75,2020,12,7,27.72,4.28
8.25,76.25,2020,12,7,27.83,3.91
8.25,76.75,2020,12,7,27.43,3.91
8.25,77.25,2020,12,7,26.55,3.72
8.75,74.25,2020,12,7,28,4.54
8.75,74.75,2020,12,7,27.95,4.54
8.75,75.25,2020,12,7,27.87,4.28
8.75,75.75,2020,12,7,27.77,4.28
8.75,76.25,2020,12,7,27.74,3.91
8.75,76.75,2020,12,7,25.97,3.91
8.75,77.25,2020,12,7,24.77,3.72
9.25,74.25,2020,12,7,28.05,4.23
9.25,74.75,2020,12,7,27.99,4.23
9.25,75.25,2020,12,7,27.86,3.58
9.25,75.75,2020,12,7,27.65,3.58
9.25,76.25,2020,12,7,27.35,3.29
9.25,76.75,2020,12,7,24.33,3.29
9.25,77.25,2020,12,7,23.35,2.67
9.75,74.25,2020,12,7,28.17,4.23
9.75,74.75,2020,12,7,28.04,4.23
9.75,75.25,2020,12,7,27.81,3.58
9.75,75.75,2020,12,7,27.38,3.58
9.75,76.25,2020,12,7,26.58,3.29
9.75,76.75,2020,12,7,22.85,3.29
9.75,77.25,2020,12,7,21.88,2.67
10.25,74.25,2020,12,7,28.26,4.13
10.25,74.75,2020,12,7,28.14,4.13
10.25,75.25,2020,12,7,27.87,3.73
10.25,75.75,2020,12,7,27.24,3.73
10.25,76.25,2020,12,7,25.88,2.87
10.25,76.75,2020,12,7,22.55,2.87
10.25,77.25,2020,12,7,21.85,1.91
10.75,74.25,2020,12,7,28.37,4.13
10.75,74.75,2020,12,7,28.3,4.13
10.75,75.25,2020,12,7,28.01,3.73
10.75,75.75,2020,12,7,27.08,3.73
10.75,76.25,2020,12,7,24.89,2.87
10.75,76.75,2020,12,7,22.99,2.87
10.75,77.25,2020,12,7,23.06,1.91
11.25,74.25,2020,12,7,28.56,4.28
11.25,74.75,2020,12,7,28.52,4.28
11.25,75.25,2020,12,7,27.96,4.48
11.25,75.75,2020,12,7,26.4,4.48
11.25,76.25,2020,12,7,23.36,2.99
11.25,76.75,2020,12,7,22.4,2.99
11.25,77.25,2020,12,7,23.22,2.65
11.75,74.25,2020,12,7,28.75,4.28
11.75,74.75,2020,12,7,28.54,4.28
11.75,75.25,2020,12,7,27.29,4.48
11.75,75.75,2020,12,7,24.96,4.48
11.75,76.25,2020,12,7,22.28,2.99
11.75,76.75,2020,12,7,21.84,2.99
11.75,77.25,2020,12,7,22.52,2.65
12.25,74.25,2020,12,7,28.81,4.85
12.25,74.75,2020,12,7,28.25,4.85
12.25,75.25,2020,12,7,26.34,4.24
12.25,75.75,2020,12,7,23.61,4.24
12.25,76.25,2020,12,7,21.96,2.54
12.25,76.75,2020,12,7,22.13,2.54
12.25,77.25,2020,12,7,22.28,2.98
12.75,74.25,2020,12,7,28.83,4.85
12.75,74.75,2020,12,7,27.94,4.85
12.75,75.25,2020,12,7,25.73,4.24
12.75,75.75,2020,12,7,23,4.24
12.75,76.25,2020,12,7,21.87,2.54
12.75,76.75,2020,12,7,22.24,2.54
12.75,77.25,2020,12,7,22.14,2.98
8.25,74.25,2020,12,8,27.98,5.58
8.25,74.75,2020,12,8,27.99,5.58
8.25,75.25,2020,12,8,28.09,5.8
8.25,75.75,2020,12,8,28.27,5.8
8.25,76.25,2020,12,8,28.42,5.5
8.25,76.75,2020,12,8,27.74,5.5
8.25,77.25,2020,12,8,26.68,4.28
8.75,74.25,2020,12,8,28.05,5.58
8.75,74.75,2020,12,8,28.15,5.58
8.75,75.25,2020,12,8,28.34,5.8
8.75,75.75,2020,12,8,28.51,5.8
8.75,76.25,2020,12,8,28.47,5.5
8.75,76.75,2020,12,8,26.5,5.5
8.75,77.25,2020,12,8,25.13,4.28
9.25,74.25,2020,12,8,28.22,5.24
9.25,74.75,2020,12,8,28.35,5.24
9.25,75.25,2020,12,8,28.52,5.68
9.25,75.75,2020,12,8,28.58,5.68
9.25,76.25,2020,12,8,28.36,5.29
9.25,76.75,2020,12,8,25.26,5.29
9.25,77.25,2020,12,8,24.07,3.52
9.75,74.25,2020,12,8,28.41,5.24
9.75,74.75,2020,12,8,28.47,5.24
9.75,75.25,2020,12,8,28.52,5.68
9.75,75.75,2020,12,8,28.42,5.68
9.75,76.25,2020,12,8,27.97,5.29
9.75,76.75,2020,12,8,23.92,5.29
9.75,77.25,2020,12,8,22.65,3.52
10.25,74.25,2020,12,8,28.52,5.19
10.25,74.75,2020,12,8,28.5,5.19
10.25,75.25,2020,12,8,28.41,5.57
10.25,75.75,2020,12,8,28.04,5.57
10.25,76.25,2020,12,8,27,4.57
10.25,76.75,2020,12,8,23.4,4.57
10.25,77.25,2020,12,8,22.41,3.24
10.75,74.25,2020,12,8,28.57,5.19
10.75,74.75,2020,12,8,28.56,5.19
10.75,75.25,2020,12,8,28.37,5.57
10.75,75.75,2020,12,8,27.56,5.57
10.75,76.25,2020,12,8,25.43,4.57
10.75,76.75,2020,12,8,23.44,4.57
10.75,77.25,2020,12,8,23.38,3.24
11.25,74.25,2020,12,8,28.63,5.58
11.25,74.75,2020,12,8,28.6,5.58
11.25,75.25,2020,12,8,28.11,5.44
11.25,75.75,2020,12,8,26.61,5.44
11.25,76.25,2020,12,8,23.52,3.95
11.25,76.75,2020,12,8,22.54,3.95
11.25,77.25,2020,12,8,23.35,3.14
11.75,74.25,2020,12,8,28.67,5.58
11.75,74.75,2020,12,8,28.44,5.58
11.75,75.25,2020,12,8,27.27,5.44
11.75,75.75,2020,12,8,25.06,5.44
11.75,76.25,2020,12,8,22.42,3.95
11.75,76.75,2020,12,8,21.95,3.95
11.75,77.25,2020,12,8,22.58,3.14
12.25,74.25,2020,12,8,28.71,5.37
12.25,74.75,2020,12,8,28.09,5.37
12.25,75.25,2020,12,8,26.23,4.24
12.25,75.75,2020,12,8,23.63,4.24
12.25,76.25,2020,12,8,22.08,3.27
12.25,76.75,2020,12,8,22.2,3.27
12.25,77.25,2020,12,8,22.25,3.11
12.75,74.25,2020,12,8,28.74,5.37
12.75,74.75,2020,12,8,27.76,5.37
12.75,75.25,2020,12,8,25.51,4.24
12.75,75.75,2020,12,8,22.83,4.24
12.75,76.25,2020,12,8,21.78,3.27
12.75,76.75,2020,12,8,22.11,3.27
12.75,77.25,2020,12,8,21.89,3.11
8.25,74.25,2020,12,9,27.99,5.71
8.25,74.75,2020,12,9,28.14,5.71
8.25,75.25,2020,12,9,28.3,5.92
8.25,75.75,2020,12,9,28.42,5.92
8.25,76.25,2020,12,9,28.45,5.66
8.25,76.75,2020,12,9,27.52,5.66
8.25,77.25,2020,12,9,26.52,4.97
8.75,74.25,2020,12,9,28.2,5.71
8.75,74.75,2020,12,9,28.37,5.71
8.75,75.25,2020,12,9,28.5,5.92
8.75,75.75,2020,12,9,28.52,5.92
8.75,76.25,2020,12,9,28.38,5.66
8.75,76.75,2020,12,9,26.19,5.66
8.75,77.25,2020,12,9,24.89,4.97
9.25,74.25,2020,12,9,28.41,5.6
9.25,74.75,2020,12,9,28.5,5.6
9.25,75.25,2020,12,9,28.56,5.81
9.25,75.75,2020,12,9,28.55,5.81
9.25,76.25,2020,12,9,28.35,5.73
9.25,76.75,2020,12,9,25.16,5.73
9.25,77.25,2020,12,9,23.94,4.97
9.75,74.25,2020,12,9,28.49,5.6
9.75,74.75,2020,12,9,28.51,5.6
9.75,75.25,2020,12,9,28.52,5.81
9.75,75.75,2020,12,9,28.43,5.81
9.75,76.25,2020,12,9,28.05,5.73
9.75,76.75,2020,12,9,24.04,5.73
9.75,77.25,2020,12,9,22.65,4.97
10.25,74.25,2020,12,9,28.37,5.31
10.25,74.75,2020,12,9,28.42,5.31
10.25,75.25,2020,12,9,28.41,5.8
10.25,75.75,2020,12,9,28.09,5.8
10.25,76.25,2020,12,9,27.04,4.87
10.25,76.75,2020,12,9,23.54,4.87
10.25,77.25,2020,12,9,22.45,4.62
10.75,74.25,2020,12,9,28.22,5.31
10.75,74.75,2020,12,9,28.36,5.31
10.75,75.25,2020,12,9,28.33,5.8
10.75,75.75,2020,12,9,27.62,5.8
10.75,76.25,2020,12,9,25.46,4.87
10.75,76.75,2020,12,9,23.44,4.87
10.75,77.25,2020,12,9,23.36,4.62
11.25,74.25,2020,12,9,28.2,5.63
11.25,74.75,2020,12,9,28.41,5.63
11.25,75.25,2020,12,9,28.09,5.62
11.25,75.75,2020,12,9,26.67,5.62
11.25,76.25,2020,12,9,23.55,5.13
11.25,76.75,2020,12,9,22.47,5.13
11.25,77.25,2020,12,9,23.27,4.59
11.75,74.25,2020,12,9,28.19,5.63
11.75,74.75,2020,12,9,28.26,5.63
11.75,75.25,2020,12,9,27.27,5.62
11.75,75.75,2020,12,9,25.11,5.62
11.75,76.25,2020,12,9,22.44,5.13
11.75,76.75,2020,12,9,21.93,5.13
11.75,77.25,2020,12,9,22.53,4.59
12.25,74.25,2020,12,9,28.05,5.61
12.25,74.75,2020,12,9,27.77,5.61
12.25,75.25,2020,12,9,26.13,5.33
12.25,75.75,2020,12,9,23.64,5.33
12.25,76.25,2020,12,9,22.1,4.42
12.25,76.75,2020,12,9,22.23,4.42
12.25,77.25,2020,12,9,22.21,3.88
12.75,74.25,2020,12,9,27.99,5.61
12.75,74.75,2020,12,9,27.33,5.61
12.75,75.25,2020,12,9,25.33,5.33
12.75,75.75,2020,12,9,22.79,5.33
12.75,76.25,2020,12,9,21.81,4.42
12.75,76.75,2020,12,9,22.14,4.42
12.75,77.25,2020,12,9,21.84,3.88
8.25,74.25,2020,12,10,27.92,4.74
8.25,74.75,2020,12,10,28.12,4.74
8.25,75.25,2020,12,10,28.33,4.8
8.25,75.75,2020,12,10,28.41,4.8
8.25,76.25,2020,12,10,28.38,5.27
8.25,76.75,2020,12,10,27.42,5.27
8.25,77.25,2020,12,10,26.29,4.75
8.75,74.25,2020,12,10,28.11,4.74
8.75,74.75,2020,12,10,28.34,4.74
8.75,75.25,2020,12,10,28.45,4.8
8.75,75.75,2020,12,10,28.4,4.8
8.75,76.25,2020,12,10,28.24,5.27
8.75,76.75,2020,12,10,26,5.27
8.75,77.25,2020,12,10,24.51,4.75
9.25,74.25,2020,12,10,28.24,4.91
9.25,74.75,2020,12,10,28.42,4.91
9.25,75.25,2020,12,10,28.46,5.32
9.25,75.75,2020,12,10,28.38,5.32
9.25,76.25,2020,12,10,28.3,5.82
9.25,76.75,2020,12,10,25.05,5.82
9.25,77.25,2020,12,10,23.52,5.13
9.75,74.25,2020,12,10,28.24,4.91
9.75,74.75,2020,12,10,28.36,4.91
9.75,75.25,2020,12,10,28.33,5.32
9.75,75.75,2020,12,10,28.16,5.32
9.75,76.25,2020,12,10,27.86,5.82
9.75,76.75,2020,12,10,23.95,5.82
9.75,77.25,2020,12,10,22.21,5.13
10.25,74.25,2020,12,10,28.18,4.94
10.25,74.75,2020,12,10,28.23,4.94
10.25,75.25,2020,12,10,28.12,5.49
10.25,75.75,2020,12,10,27.65,5.49
10.25,76.25,2020,12,10,26.49,5.4
10.25,76.75,2020,12,10,23.07,5.4
10.25,77.25,2020,12,10,21.76,4.81
10.75,74.25,2020,12,10,28.12,4.94
10.75,74.75,2020,12,10,28.24,4.94
10.75,75.25,2020,12,10,28.11,5.49
10.75,75.75,2020,12,10,27.23,5.49
10.75,76.25,2020,12,10,24.82,5.4
10.75,76.75,2020,12,10,22.59,5.4
10.75,77.25,2020,12,10,22.38,4.81
11.25,74.25,2020,12,10,28.13,4.87
11.25,74.75,2020,12,10,28.34,4.87
11.25,75.25,2020,12,10,28.01,5.24
11.25,75.75,2020,12,10,26.52,5.24
11.25,76.25,2020,12,10,23.13,4.52
11.25,76.75,2020,12,10,21.59,4.52
11.25,77.25,2020,12,10,22.21,5.45
11.75,74.25,2020,12,10,28.14,4.87
11.75,74.75,2020,12,10,28.16,4.87
11.75,75.25,2020,12,10,27.14,5.24
11.75,75.75,2020,12,10,24.94,5.24
11.75,76.25,2020,12,10,22.1,4.52
11.75,76.75,2020,12,10,21.1,4.52
11.75,77.25,2020,12,10,21.38,5.45
12.25,74.25,2020,12,10,28.12,4.54
12.25,74.75,2020,12,10,27.64,4.54
12.25,75.25,2020,12,10,25.8,4.9
12.25,75.75,2020,12,10,23.12,4.9
12.25,76.25,2020,12,10,21.42,5.13
12.25,76.75,2020,12,10,21.17,5.13
12.25,77.25,2020,12,10,20.83,5.71
12.75,74.25,2020,12,10,28.17,4.54
12.75,74.75,2020,12,10,27.16,4.54
12.75,75.25,2020,12,10,24.79,4.9
12.75,75.75,2020,12,10,21.94,4.9
12.75,76.25,2020,12,10,20.79,5.13
12.75,76.75,2020,12,10,20.79,5.13
12.75,77.25,2020,12,10,20.26,5.71
8.25,74.25,2020,12,11,27.76,5.61
8.25,74.75,2020,12,11,28.01,5.61
8.25,75.25,2020,12,11,28.29,5.6
8.25,75.75,2020,12,11,28.39,5.6
8.25,76.25,2020,12,11,28.27,5.75
8.25,76.75,2020,12,11,27.42,5.75
8.25,77.25,2020,12,11,26.1,4.97
8.75,74.25,2020,12,11,27.71,5.61
8.75,74.75,2020,12,11,27.87,5.61
8.75,75.25,2020,12,11,28.09,5.6
8.75,75.75,2020,12,11,28.17,5.6
8.75,76.25,2020,12,11,28.01,5.75
8.75,76.75,2020,12,11,26.02,5.75
8.75,77.25,2020,12,11,24.29,4.97
9.25,74.25,2020,12,11,27.75,5.62
9.25,74.75,2020,12,11,27.8,5.62
9.25,75.25,2020,12,11,27.9,5.38
9.25,75.75,2020,12,11,27.94,5.38
9.25,76.25,2020,12,11,27.81,5.69
9.25,76.75,2020,12,11,24.88,5.69
9.25,77.25,2020,12,11,23.34,4.33
9.75,74.25,2020,12,11,27.93,5.62
9.75,74.75,2020,12,11,27.92,5.62
9.75,75.25,2020,12,11,27.92,5.38
9.75,75.75,2020,12,11,27.83,5.38
9.75,76.25,2020,12,11,27.43,5.69
9.75,76.75,2020,12,11,23.6,5.69
9.75,77.25,2020,12,11,21.98,4.33
10.25,74.25,2020,12,11,28.13,5.13
10.25,74.75,2020,12,11,28.06,5.13
10.25,75.25,2020,12,11,27.94,5.43
10.25,75.75,2020,12,11,27.55,5.43
10.25,76.25,2020,12,11,26.33,5.46
10.25,76.75,2020,12,11,22.71,5.46
10.25,77.25,2020,12,11,21.39,5.1
10.75,74.25,2020,12,11,28.29,5.13
10.75,74.75,2020,12,11,28.22,5.13
10.75,75.25,2020,12,11,27.93,5.43
10.75,75.75,2020,12,11,27.01,5.43
10.75,76.25,2020,12,11,24.53,5.46
10.75,76.75,2020,12,11,22.16,5.46
10.75,77.25,2020,12,11,21.84,5.1
11.25,74.25,2020,12,11,28.42,5.12
11.25,74.75,2020,12,11,28.36,5.12
11.25,75.25,2020,12,11,27.72,5.62
11.25,75.75,2020,12,11,26.01,5.62
11.25,76.25,2020,12,11,22.58,5.64
11.25,76.75,2020,12,11,21.05,5.64
11.25,77.25,2020,12,11,21.52,5.55
11.75,74.25,2020,12,11,28.39,5.12
11.75,74.75,2020,12,11,28.17,5.12
11.75,75.25,2020,12,11,26.83,5.62
11.75,75.75,2020,12,11,24.33,5.62
11.75,76.25,2020,12,11,21.29,5.64
11.75,76.75,2020,12,11,20.35,5.64
11.75,77.25,2020,12,11,20.55,5.55
12.25,74.25,2020,12,11,28.12,4.85
12.25,74.75,2020,12,11,27.46,4.85
12.25,75.25,2020,12,11,25.37,5.47
12.25,75.75,2020,12,11,22.43,5.47
12.25,76.25,2020,12,11,20.43,5.81
12.25,76.75,2020,12,11,20.25,5.81
12.25,77.25,2020,12,11,19.95,5.79
12.75,74.25,2020,12,11,27.81,4.85
12.75,74.75,2020,12,11,26.69,4.85
12.75,75.25,2020,12,11,24.13,5.47
12.75,75.75,2020,12,11,21.08,5.47
12.75,76.25,2020,12,11,19.72,5.81
12.75,76.75,2020,12,11,19.85,5.81
12.75,77.25,2020,12,11,19.47,5.79
8.25,74.25,2020,12,12,27.4,3.26
8.25,74.75,2020,12,12,27.59,3.26
8.25,75.25,2020,12,12,27.7,3.07
8.25,75.75,2020,12,12,27.71,3.07
8.25,76.25,2020,12,12,27.88,4.19
8.25,76.75,2020,12,12,27.4,4.19
8.25,77.25,2020,12,12,26.15,4.96
8.75,74.25,2020,12,12,27.34,3.26
8.75,74.75,2020,12,12,27.38,3.26
8.75,75.25,2020,12,12,27.41,3.07
8.75,75.75,2020,12,12,27.39,3.07
8.75,76.25,2020,12,12,27.54,4.19
8.75,76.75,2020,12,12,25.89,4.19
8.75,77.25,2020,12,12,24.21,4.96
9.25,74.25,2020,12,12,27.25,3.44
9.25,74.75,2020,12,12,27.21,3.44
9.25,75.25,2020,12,12,27.24,3.79
9.25,75.75,2020,12,12,27.25,3.79
9.25,76.25,2020,12,12,27.27,5.16
9.25,76.75,2020,12,12,24.54,5.16
9.25,77.25,2020,12,12,23.03,5.02
9.75,74.25,2020,12,12,27.34,3.44
9.75,74.75,2020,12,12,27.38,3.44
9.75,75.25,2020,12,12,27.4,3.79
9.75,75.75,2020,12,12,27.24,3.79
9.75,76.25,2020,12,12,26.73,5.16
9.75,76.75,2020,12,12,23.08,5.16
9.75,77.25,2020,12,12,21.56,5.02
10.25,74.25,2020,12,12,27.59,3.71
10.25,74.75,2020,12,12,27.74,3.71
10.25,75.25,2020,12,12,27.64,4.8
10.25,75.75,2020,12,12,27.04,4.8
10.25,76.25,2020,12,12,25.62,5.2
10.25,76.75,2020,12,12,22.12,5.2
10.25,77.25,2020,12,12,20.98,5.26
10.75,74.25,2020,12,12,27.81,3.71
10.75,74.75,2020,12,12,28.04,3.71
10.75,75.25,2020,12,12,27.87,4.8
10.75,75.75,2020,12,12,26.77,4.8
10.75,76.25,2020,12,12,24.08,5.2
10.75,76.75,2020,12,12,21.63,5.2
10.75,77.25,2020,12,12,21.44,5.26
11.25,74.25,2020,12,12,27.82,2.29
11.25,74.75,2020,12,12,28.08,2.29
11.25,75.25,2020,12,12,27.66,4.77
11.25,75.75,2020,12,12,25.94,4.77
11.25,76.25,2020,12,12,22.37,5.23
11.25,76.75,2020,12,12,20.69,5.23
11.25,77.25,2020,12,12,21.19,5.35
11.75,74.25,2020,12,12,27.78,2.29
11.75,74.75,2020,12,12,27.73,2.29
11.75,75.25,2020,12,12,26.49,4.77
11.75,75.75,2020,12,12,23.96,4.77
11.75,76.25,2020,12,12,21.01,5.23
11.75,76.75,2020,12,12,20.02,5.23
11.75,77.25,2020,12,12,20.21,5.35
12.25,74.25,2020,12,12,27.85,3.86
12.25,74.75,2020,12,12,27.14,3.86
12.25,75.25,2020,12,12,24.93,5.13
12.25,75.75,2020,12,12,21.87,5.13
12.25,76.25,2020,12,12,19.98,5.36
12.25,76.75,2020,12,12,19.8,5.36
12.25,77.25,2020,12,12,19.54,5.52
12.75,74.25,2020,12,12,27.98,3.86
12.75,74.75,2020,12,12,26.75,3.86
12.75,75.25,2020,12,12,24.01,5.13
12.75,75.75,2020,12,12,20.77,5.13
12.75,76.25,2020,12,12,19.29,5.36
12.75,76.75,2020,12,12,19.33,5.36
12.75,77.25,2020,12,12,19,5.52
8.25,74.25,2020,12,13,27.19,4.59
8.25,74.75,2020,12,13,27.38,4.59
8.25,75.25,2020,12,13,27.45,4.51
8.25,75.75,2020,12,13,27.44,4.51
8.25,76.25,2020,12,13,27.84,4.97
8.25,76.75,2020,12,13,27.44,4.97
8.25,77.25,2020,12,13,26.13,4.57
8.75,74.25,2020,12,13,27.27,4.59
8.75,74.75,2020,12,13,27.33,4.59
8.75,75.25,2020,12,13,27.33,4.51
8.75,75.75,2020,12,13,27.31,4.51
8.75,76.25,2020,12,13,27.68,4.97
8.75,76.75,2020,12,13,26.02,4.97
8.75,77.25,2020,12,13,24.25,4.57
9.25,74.25,2020,12,13,27.51,5.34
9.25,74.75,2020,12,13,27.45,5.34
9.25,75.25,2020,12,13,27.37,5.5
9.25,75.75,2020,12,13,27.31,5.5
9.25,76.25,2020,12,13,27.51,5.53
9.25,76.75,2020,12,13,24.82,5.53
9.25,77.25,2020,12,13,23.08,4.58
9.75,74.25,2020,12,13,27.88,5.34
9.75,74.75,2020,12,13,27.82,5.34
9.75,75.25,2020,12,13,27.69,5.5
9.75,75.75,2020,12,13,27.49,5.5
9.75,76.25,2020,12,13,27.2,5.53
9.75,76.75,2020,12,13,23.34,5.53
9.75,77.25,2020,12,13,21.52,4.58
10.25,74.25,2020,12,13,28.17,5.16
10.25,74.75,2020,12,13,28.15,5.16
10.25,75.25,2020,12,13,27.94,4.96
10.25,75.75,2020,12,13,27.39,4.96
10.25,76.25,2020,12,13,26.16,5.19
10.25,76.75,2020,12,13,22.07,5.19
10.25,77.25,2020,12,13,20.85,4.87
10.75,74.25,2020,12,13,28.25,5.16
10.75,74.75,2020,12,13,28.3,5.16
10.75,75.25,2020,12,13,28.07,4.96
10.75,75.75,2020,12,13,27.03,4.96
10.75,76.25,2020,12,13,24.28,5.19
10.75,76.75,2020,12,13,21.51,5.19
10.75,77.25,2020,12,13,21.35,4.87
11.25,74.25,2020,12,13,28.04,5
11.25,74.75,2020,12,13,28.16,5
11.25,75.25,2020,12,13,27.77,4.74
11.25,75.75,2020,12,13,26.17,4.74
11.25,76.25,2020,12,13,22.43,4.96
11.25,76.75,2020,12,13,20.58,4.96
11.25,77.25,2020,12,13,21.15,4.75
11.75,74.25,2020,12,13,27.7,5
11.75,74.75,2020,12,13,27.62,5
11.75,75.25,2020,12,13,26.59,4.74
11.75,75.75,2020,12,13,24.34,4.74
11.75,76.25,2020,12,13,21.23,4.96
11.75,76.75,2020,12,13,20.01,4.96
11.75,77.25,2020,12,13,20.23,4.75
12.25,74.25,2020,12,13,27.53,4.34
12.25,74.75,2020,12,13,26.95,4.34
12.25,75.25,2020,12,13,25.08,5.06
12.25,75.75,2020,12,13,22.29,5.06
12.25,76.25,2020,12,13,20.28,5.15
12.25,76.75,2020,12,13,19.95,5.15
12.25,77.25,2020,12,13,19.62,5.22
12.75,74.25,2020,12,13,27.52,4.34
12.75,74.75,2020,12,13,26.55,4.34
12.75,75.25,2020,12,13,24.14,5.06
12.75,75.75,2020,12,13,21.09,5.06
12.75,76.25,2020,12,13,19.61,5.15
12.75,76.75,2020,12,13,19.65,5.15
12.75,77.25,2020,12,13,19.16,5.22
8.25,74.25,2020,12,14,27.36,5.73
8.25,74.75,2020,12,14,27.48,5.73
8.25,75.25,2020,12,14,27.79,5.51
8.25,75.75,2020,12,14,28.18,5.51
8.25,76.25,2020,12,14,28.46,5.26
8.25,76.75,2020,12,14,27.34,5.26
8.25,77.25,2020,12,14,25.84,5.18
8.75,74.25,2020,12,14,27.43,5.73
8.75,74.75,2020,12,14,27.53,5.73
8.75,75.25,2020,12,14,27.85,5.51
8.75,75.75,2020,12,14,28.21,5.51
8.75,76.25,2020,12,14,28.38,5.26
8.75,76.75,2020,12,14,25.49,5.26
8.75,77.25,2020,12,14,23.52,5.18
9.25,74.25,2020,12,14,27.58,5.51
9.25,74.75,2020,12,14,27.6,5.51
9.25,75.25,2020,12,14,27.84,5.3
9.25,75.75,2020,12,14,28.15,5.3
9.25,76.25,2020,12,14,28.35,5.56
9.25,76.75,2020,12,14,24.04,5.56
9.25,77.25,2020,12,14,22.12,5.15
9.75,74.25,2020,12,14,27.77,5.51
9.75,74.75,2020,12,14,27.7,5.51
9.75,75.25,2020,12,14,27.81,5.3
9.75,75.75,2020,12,14,27.91,5.3
9.75,76.25,2020,12,14,27.52,5.56
9.75,76.75,2020,12,14,22.22,5.56
9.75,77.25,2020,12,14,20.41,5.15
10.25,74.25,2020,12,14,27.95,4.84
10.25,74.75,2020,12,14,27.87,4.84
10.25,75.25,2020,12,14,27.87,5.27
10.25,75.75,2020,12,14,27.45,5.27
10.25,76.25,2020,12,14,25.7,5.44
10.25,76.75,2020,12,14,21.04,5.44
10.25,77.25,2020,12,14,19.88,5.25
10.75,74.25,2020,12,14,28.22,4.84
10.75,74.75,2020,12,14,28.19,4.84
10.75,75.25,2020,12,14,27.99,5.27
10.75,75.75,2020,12,14,26.88,5.27
10.75,76.25,2020,12,14,23.72,5.44
10.75,76.75,2020,12,14,20.87,5.44
10.75,77.25,2020,12,14,20.66,5.25
11.25,74.25,2020,12,14,28.49,3.97
11.25,74.75,2020,12,14,28.49,3.97
11.25,75.25,2020,12,14,27.88,4.81
11.25,75.75,2020,12,14,25.93,4.81
11.25,76.25,2020,12,14,21.84,5.32
11.25,76.75,2020,12,14,20.14,5.32
11.25,77.25,2020,12,14,20.7,5.13
11.75,74.25,2020,12,14,28.48,3.97
11.75,74.75,2020,12,14,28.28,3.97
11.75,75.25,2020,12,14,26.93,4.81
11.75,75.75,2020,12,14,24.22,4.81
11.75,76.25,2020,12,14,20.7,5.32
11.75,76.75,2020,12,14,19.68,5.32
11.75,77.25,2020,12,14,20,5.13
12.25,74.25,2020,12,14,28.18,4.86
12.25,74.75,2020,12,14,27.49,4.86
12.25,75.25,2020,12,14,25.37,5.01
12.25,75.75,2020,12,14,22.32,5.01
12.25,76.25,2020,12,14,20.12,5.31
12.25,76.75,2020,12,14,19.85,5.31
12.25,77.25,2020,12,14,19.61,5.43
12.75,74.25,2020,12,14,27.92,4.86
12.75,74.75,2020,12,14,26.83,4.86
12.75,75.25,2020,12,14,24.31,5.01
12.75,75.75,2020,12,14,21.22,5.01
12.75,76.25,2020,12,14,19.67,5.31
12.75,76.75,2020,12,14,19.67,5.31
12.75,77.25,2020,12,14,19.34,5.43
8.25,74.25,2020,12,15,28.62,5.59
8.25,74.75,2020,12,15,28.69,5.59
8.25,75.25,2020,12,15,28.68,5.42
8.25,75.75,2020,12,15,28.6,5.42
8.25,76.25,2020,12,15,28.43,5.36
8.25,76.75,2020,12,15,27.09,5.36
8.25,77.25,2020,12,15,25.65,4.61
8.75,74.25,2020,12,15,28.58,5.59
8.75,74.75,2020,12,15,28.65,5.59
8.75,75.25,2020,12,15,28.63,5.42
8.75,75.75,2020,12,15,28.5,5.42
8.75,76.25,2020,12,15,28.28,5.36
8.75,76.75,2020,12,15,25.35,5.36
8.75,77.25,2020,12,15,23.59,4.61
9.25,74.25,2020,12,15,28.49,5.31
9.25,74.75,2020,12,15,28.58,5.31
9.25,75.25,2020,12,15,28.59,5.29
9.25,75.75,2020,12,15,28.46,5.29
9.25,76.25,2020,12,15,28.17,5.39
9.25,76.75,2020,12,15,24.17,5.39
9.25,77.25,2020,12,15,22.5,4.87
9.75,74.25,2020,12,15,28.41,5.31
9.75,74.75,2020,12,15,28.5,5.31
9.75,75.25,2020,12,15,28.5,5.29
9.75,75.75,2020,12,15,28.23,5.29
9.75,76.25,2020,12,15,27.33,5.39
9.75,76.75,2020,12,15,22.66,5.39
9.75,77.25,2020,12,15,20.99,4.87
10.25,74.25,2020,12,15,28.46,5.15
10.25,74.75,2020,12,15,28.51,5.15
10.25,75.25,2020,12,15,28.39,5.31
10.25,75.75,2020,12,15,27.68,5.31
10.25,76.25,2020,12,15,25.64,5.2
10.25,76.75,2020,12,15,21.56,5.2
10.25,77.25,2020,12,15,20.48,4.65
10.75,74.25,2020,12,15,28.51,5.15
10.75,74.75,2020,12,15,28.55,5.15
10.75,75.25,2020,12,15,28.26,5.31
10.75,75.75,2020,12,15,26.97,5.31
10.75,76.25,2020,12,15,23.73,5.2
10.75,76.75,2020,12,15,21.24,5.2
10.75,77.25,2020,12,15,21.27,4.65
11.25,74.25,2020,12,15,28.64,5.27
11.25,74.75,2020,12,15,28.64,5.27
11.25,75.25,2020,12,15,27.89,5.6
11.25,75.75,2020,12,15,25.73,5.6
11.25,76.25,2020,12,15,21.58,5.55
11.25,76.75,2020,12,15,20.3,5.55
11.25,77.25,2020,12,15,21.23,4.99
11.75,74.25,2020,12,15,28.77,5.27
11.75,74.75,2020,12,15,28.48,5.27
11.75,75.25,2020,12,15,26.8,5.6
11.75,75.75,2020,12,15,23.67,5.6
11.75,76.25,2020,12,15,20.07,5.55
11.75,76.75,2020,12,15,19.66,5.55
11.75,77.25,2020,12,15,20.32,4.99
12.25,74.25,2020,12,15,28.67,5.04
12.25,74.75,2020,12,15,27.81,5.04
12.25,75.25,2020,12,15,25.19,5.66
12.25,75.75,2020,12,15,21.58,5.66
12.25,76.25,2020,12,15,19.41,5.56
12.25,76.75,2020,12,15,19.79,5.56
12.25,77.25,2020,12,15,19.77,5.39
12.75,74.25,2020,12,15,28.44,5.04
12.75,74.75,2020,12,15,27.1,5.04
12.75,75.25,2020,12,15,23.98,5.66
12.75,75.75,2020,12,15,20.31,5.66
12.75,76.25,2020,12,15,18.99,5.56
12.75,76.75,2020,12,15,19.57,5.56
12.75,77.25,2020,12,15,19.38,5.39
8.25,74.25,2020,12,16,28.21,3.89
8.25,74.75,2020,12,16,27.95,3.89
8.25,75.25,2020,12,16,27.74,3.59
8.25,75.75,2020,12,16,27.59,3.59
8.25,76.25,2020,12,16,27.49,3.61
8.25,76.75,2020,12,16,26.43,3.61
8.25,77.25,2020,12,16,25.25,3.36
8.75,74.25,2020,12,16,28.29,3.89
8.75,74.75,2020,12,16,28.09,3.89
8.75,75.25,2020,12,16,27.89,3.59
8.75,75.75,2020,12,16,27.73,3.59
8.75,76.25,2020,12,16,27.58,3.61
8.75,76.75,2020,12,16,25.01,3.61
8.75,77.25,2020,12,16,23.49,3.36
9.25,74.25,2020,12,16,28.25,4.62
9.25,74.75,2020,12,16,28.13,4.62
9.25,75.25,2020,12,16,27.98,4.37
9.25,75.75,2020,12,16,27.87,4.37
9.25,76.25,2020,12,16,27.82,3.7
9.25,76.75,2020,12,16,23.91,3.7
9.25,77.25,2020,12,16,22.4,3.04
9.75,74.25,2020,12,16,28.31,4.62
9.75,74.75,2020,12,16,28.24,4.62
9.75,75.25,2020,12,16,28.11,4.37
9.75,75.75,2020,12,16,27.89,4.37
9.75,76.25,2020,12,16,27.44,3.7
9.75,76.75,2020,12,16,22.74,3.7
9.75,77.25,2020,12,16,21.06,3.04
10.25,74.25,2020,12,16,28.39,4.62
10.25,74.75,2020,12,16,28.4,4.62
10.25,75.25,2020,12,16,28.29,4.82
10.25,75.75,2020,12,16,27.77,4.82
10.25,76.25,2020,12,16,26.3,4.3
10.25,76.75,2020,12,16,22.26,4.3
10.25,77.25,2020,12,16,20.97,2.5
10.75,74.25,2020,12,16,28.44,4.62
10.75,74.75,2020,12,16,28.49,4.62
10.75,75.25,2020,12,16,28.33,4.82
10.75,75.75,2020,12,16,27.39,4.82
10.75,76.25,2020,12,16,24.78,4.3
10.75,76.75,2020,12,16,22.42,4.3
10.75,77.25,2020,12,16,22.19,2.5
11.25,74.25,2020,12,16,28.52,4.66
11.25,74.75,2020,12,16,28.51,4.66
11.25,75.25,2020,12,16,27.96,5.08
11.25,75.75,2020,12,16,26.3,5.08
11.25,76.25,2020,12,16,22.84,4.4
11.25,76.75,2020,12,16,21.74,4.4
11.25,77.25,2020,12,16,22.47,3.01
11.75,74.25,2020,12,16,28.62,4.66
11.75,74.75,2020,12,16,28.33,4.66
11.75,75.25,2020,12,16,26.96,5.08
11.75,75.75,2020,12,16,24.48,5.08
11.75,76.25,2020,12,16,21.56,4.4
11.75,76.75,2020,12,16,21.21,4.4
11.75,77.25,2020,12,16,21.76,3.01
12.25,74.25,2020,12,16,28.61,4.99
12.25,74.75,2020,12,16,27.84,4.99
12.25,75.25,2020,12,16,25.62,4.94
12.25,75.75,2020,12,16,22.67,4.94
12.25,76.25,2020,12,16,21.04,4.01
12.25,76.75,2020,12,16,21.36,4.01
12.25,77.25,2020,12,16,21.31,3.43
12.75,74.25,2020,12,16,28.51,4.99
12.75,74.75,2020,12,16,27.23,4.99
12.75,75.25,2020,12,16,24.51,4.94
12.75,75.75,2020,12,16,21.49,4.94
12.75,76.25,2020,12,16,20.57,4.01
12.75,76.75,2020,12,16,21.12,4.01
12.75,77.25,2020,12,16,20.96,3.43
8.25,74.25,2020,12,17,27.39,5.35
8.25,74.75,2020,12,17,27.45,5.35
8.25,75.25,2020,12,17,27.5,5.04
8.25,75.75,2020,12,17,27.54,5.04
8.25,76.25,2020,12,17,27.67,4.88
8.25,76.75,2020,12,17,27.1,4.88
8.25,77.25,2020,12,17,26.12,3.83
8.75,74.25,2020,12,17,27.45,5.35
8.75,74.75,2020,12,17,27.53,5.35
8.75,75.25,2020,12,17,27.59,5.04
8.75,75.75,2020,12,17,27.64,5.04
8.75,76.25,2020,12,17,27.83,4.88
8.75,76.75,2020,12,17,25.94,4.88
8.75,77.25,2020,12,17,24.59,3.83
9.25,74.25,2020,12,17,27.48,4.87
9.25,74.75,2020,12,17,27.5,4.87
9.25,75.25,2020,12,17,27.57,4.83
9.25,75.75,2020,12,17,27.69,4.83
9.25,76.25,2020,12,17,27.97,4.14
9.25,76.75,2020,12,17,24.85,4.14
9.25,77.25,2020,12,17,23.53,2.79
9.75,74.25,2020,12,17,27.59,4.87
9.75,74.75,2020,12,17,27.57,4.87
9.75,75.25,2020,12,17,27.65,4.83
9.75,75.75,2020,12,17,27.68,4.83
9.75,76.25,2020,12,17,27.49,4.14
9.75,76.75,2020,12,17,23.5,4.14
9.75,77.25,2020,12,17,22.09,2.79
10.25,74.25,2020,12,17,27.75,4.48
10.25,74.75,2020,12,17,27.74,4.48
10.25,75.25,2020,12,17,27.83,4.57
10.25,75.75,2020,12,17,27.63,4.57
10.25,76.25,2020,12,17,26.47,2.86
10.25,76.75,2020,12,17,22.82,2.86
10.25,77.25,2020,12,17,21.69,2.01
10.75,74.25,2020,12,17,27.85,4.48
10.75,74.75,2020,12,17,27.86,4.48
10.75,75.25,2020,12,17,27.96,4.57
10.75,75.75,2020,12,17,27.45,4.57
10.75,76.25,2020,12,17,25.1,2.86
10.75,76.75,2020,12,17,22.71,2.86
10.75,77.25,2020,12,17,22.41,2.01
11.25,74.25,2020,12,17,28.06,4.32
11.25,74.75,2020,12,17,28.05,4.32
11.25,75.25,2020,12,17,27.81,4.2
11.25,75.75,2020,12,17,26.57,4.2
11.25,76.25,2020,12,17,23.21,3.13
11.25,76.75,2020,12,17,21.87,3.13
11.25,77.25,2020,12,17,22.36,2.34
11.75,74.25,2020,12,17,28.34,4.32
11.75,74.75,2020,12,17,28.21,4.32
11.75,75.25,2020,12,17,27.12,4.2
11.75,75.75,2020,12,17,24.87,4.2
11.75,76.25,2020,12,17,21.91,3.13
11.75,76.75,2020,12,17,21.41,3.13
11.75,77.25,2020,12,17,21.74,2.34
12.25,74.25,2020,12,17,28.52,4.75
12.25,74.75,2020,12,17,28,4.75
12.25,75.25,2020,12,17,26.04,3.89
12.25,75.75,2020,12,17,23.23,3.89
12.25,76.25,2020,12,17,21.53,2.69
12.25,76.75,2020,12,17,21.78,2.69
12.25,77.25,2020,12,17,21.59,2.55
12.75,74.25,2020,12,17,28.66,4.75
12.75,74.75,2020,12,17,27.61,4.75
12.75,75.25,2020,12,17,25.06,3.89
12.75,75.75,2020,12,17,22.11,3.89
12.75,76.25,2020,12,17,21.11,2.69
12.75,76.75,2020,12,17,21.6,2.69
12.75,77.25,2020,12,17,21.38,2.55
8.25,74.25,2020,12,18,27.7,3.9
8.25,74.75,2020,12,18,27.84,3.9
8.25,75.25,2020,12,18,27.95,3.43
8.25,75.75,2020,12,18,28.02,3.43
8.25,76.25,2020,12,18,28.03,3.32
8.25,76.75,2020,12,18,27.15,3.32
8.25,77.25,2020,12,18,26.01,2.74
8.75,74.25,2020,12,18,27.46,3.9
8.75,74.75,2020,12,18,27.67,3.9
8.75,75.25,2020,12,18,27.84,3.43
8.75,75.75,2020,12,18,27.96,3.43
8.75,76.25,2020,12,18,28,3.32
8.75,76.75,2020,12,18,25.82,3.32
8.75,77.25,2020,12,18,24.39,2.74
9.25,74.25,2020,12,18,27.52,2.87
9.25,74.75,2020,12,18,27.75,2.87
9.25,75.25,2020,12,18,27.9,4.26
9.25,75.75,2020,12,18,28.04,4.26
9.25,76.25,2020,12,18,28.31,3.73
9.25,76.75,2020,12,18,24.96,3.73
9.25,77.25,2020,12,18,23.52,3.51
9.75,74.25,2020,12,18,27.88,2.87
9.75,74.75,2020,12,18,28.05,2.87
9.75,75.25,2020,12,18,28.15,4.26
9.75,75.75,2020,12,18,28.14,4.26
9.75,76.25,2020,12,18,28.03,3.73
9.75,76.75,2020,12,18,23.8,3.73
9.75,77.25,2020,12,18,22.21,3.51
10.25,74.25,2020,12,18,28.2,3.67
10.25,74.75,2020,12,18,28.33,3.67
10.25,75.25,2020,12,18,28.37,4.6
10.25,75.75,2020,12,18,28.02,4.6
10.25,76.25,2020,12,18,26.82,3.57
10.25,76.75,2020,12,18,23.02,3.57
10.25,77.25,2020,12,18,21.79,2.9
10.75,74.25,2020,12,18,28.31,3.67
10.75,74.75,2020,12,18,28.46,3.67
10.75,75.25,2020,12,18,28.43,4.6
10.75,75.75,2020,12,18,27.64,4.6
10.75,76.25,2020,12,18,25.15,3.57
10.75,76.75,2020,12,18,22.77,3.57
10.75,77.25,2020,12,18,22.48,2.9
11.25,74.25,2020,12,18,28.35,4.52
11.25,74.75,2020,12,18,28.5,4.52
11.25,75.25,2020,12,18,28.13,5.4
11.25,75.75,2020,12,18,26.58,5.4
11.25,76.25,2020,12,18,23.02,4.8
11.25,76.75,2020,12,18,21.73,4.8
11.25,77.25,2020,12,18,22.28,4.65
11.75,74.25,2020,12,18,28.53,4.52
11.75,74.75,2020,12,18,28.44,4.52
11.75,75.25,2020,12,18,27.23,5.4
11.75,75.75,2020,12,18,24.72,5.4
11.75,76.25,2020,12,18,21.48,4.8
11.75,76.75,2020,12,18,20.94,4.8
11.75,77.25,2020,12,18,21.22,4.65
12.25,74.25,2020,12,18,28.73,4.58
12.25,74.75,2020,12,18,28.13,4.58
12.25,75.25,2020,12,18,26.01,5.31
12.25,75.75,2020,12,18,22.95,5.31
12.25,76.25,2020,12,18,20.92,5.46
12.25,76.75,2020,12,18,20.87,5.46
12.25,77.25,2020,12,18,20.46,5.53
12.75,74.25,2020,12,18,28.83,4.58
12.75,74.75,2020,12,18,27.65,4.58
12.75,75.25,2020,12,18,24.96,5.31
12.75,75.75,2020,12,18,21.79,5.31
12.75,76.25,2020,12,18,20.54,5.46
12.75,76.75,2020,12,18,20.62,5.46
12.75,77.25,2020,12,18,20.02,5.53
8.25,74.25,2020,12,19,28.5,5.2
8.25,74.75,2020,12,19,28.53,5.2
8.25,75.25,2020,12,19,28.45,5.06
8.25,75.75,2020,12,19,28.22,5.06
8.25,76.25,2020,12,19,27.84,4.09
8.25,76.75,2020,12,19,26.6,4.09
8.25,77.25,2020,12,19,25.26,2.6
8.75,74.25,2020,12,19,28.61,5.2
8.75,74.75,2020,12,19,28.66,5.2
8.75,75.25,2020,12,19,28.65,5.06
8.75,75.75,2020,12,19,28.44,5.06
8.75,76.25,2020,12,19,27.87,4.09
8.75,76.75,2020,12,19,25.23,4.09
8.75,77.25,2020,12,19,23.52,2.6
9.25,74.25,2020,12,19,28.69,5.07
9.25,74.75,2020,12,19,28.73,5.07
9.25,75.25,2020,12,19,28.76,4.58
9.25,75.75,2020,12,19,28.63,4.58
9.25,76.25,2020,12,19,28,2.83
9.25,76.75,2020,12,19,24.15,2.83
9.25,77.25,2020,12,19,22.55,1.84
9.75,74.25,2020,12,19,28.78,5.07
9.75,74.75,2020,12,19,28.79,5.07
9.75,75.25,2020,12,19,28.77,4.58
9.75,75.75,2020,12,19,28.46,4.58
9.75,76.25,2020,12,19,27.42,2.83
9.75,76.75,2020,12,19,22.75,2.83
9.75,77.25,2020,12,19,21.07,1.84
10.25,74.25,2020,12,19,28.87,5.13
10.25,74.75,2020,12,19,28.86,5.13
10.25,75.25,2020,12,19,28.63,4.87
10.25,75.75,2020,12,19,27.83,4.87
10.25,76.25,2020,12,19,25.93,3.83
10.25,76.75,2020,12,19,21.95,3.83
10.25,77.25,2020,12,19,20.68,2.26
10.75,74.25,2020,12,19,28.9,5.13
10.75,74.75,2020,12,19,28.88,5.13
10.75,75.25,2020,12,19,28.47,4.87
10.75,75.75,2020,12,19,27.15,4.87
10.75,76.25,2020,12,19,24.24,3.83
10.75,76.75,2020,12,19,21.92,3.83
10.75,77.25,2020,12,19,21.73,2.26
11.25,74.25,2020,12,19,28.85,5.33
11.25,74.75,2020,12,19,28.79,5.33
11.25,75.25,2020,12,19,28.06,5.24
11.25,75.75,2020,12,19,26.07,5.24
11.25,76.25,2020,12,19,22.33,4.18
11.25,76.75,2020,12,19,21.2,4.18
11.25,77.25,2020,12,19,21.92,3.89
11.75,74.25,2020,12,19,28.8,5.33
11.75,74.75,2020,12,19,28.48,5.33
11.75,75.25,2020,12,19,26.97,5.24
11.75,75.75,2020,12,19,24.22,5.24
11.75,76.25,2020,12,19,21.01,4.18
11.75,76.75,2020,12,19,20.7,4.18
11.75,77.25,2020,12,19,21.17,3.89
12.25,74.25,2020,12,19,28.76,5.5
12.25,74.75,2020,12,19,27.94,5.5
12.25,75.25,2020,12,19,25.61,5.5
12.25,75.75,2020,12,19,22.44,5.5
12.25,76.25,2020,12,19,20.59,4.89
12.25,76.75,2020,12,19,20.9,4.89
12.25,77.25,2020,12,19,20.67,4.43
12.75,74.25,2020,12,19,28.67,5.5
12.75,74.75,2020,12,19,27.31,5.5
12.75,75.25,2020,12,19,24.48,5.5
12.75,75.75,2020,12,19,21.29,5.5
12.75,76.25,2020,12,19,20.22,4.89
12.75,76.75,2020,12,19,20.69,4.89
12.75,77.25,2020,12,19,20.33,4.43
8.25,74.25,2020,12,20,28.69,5.12
8.25,74.75,2020,12,20,28.53,5.12
8.25,75.25,2020,12,20,28.39,4.43
8.25,75.75,2020,12,20,28.26,4.43
8.25,76.25,2020,12,20,28.11,5.05
8.25,76.75,2020,12,20,27.01,5.05
8.25,77.25,2020,12,20,25.77,4.52
8.75,74.25,2020,12,20,28.68,5.12
8.75,74.75,2020,12,20,28.52,5.12
8.75,75.25,2020,12,20,28.36,4.43
8.75,75.75,2020,12,20,28.18,4.43
8.75,76.25,2020,12,20,27.89,5.05
8.75,76.75,2020,12,20,25.51,5.05
8.75,77.25,2020,12,20,23.98,4.52
9.25,74.25,2020,12,20,28.62,4.93
9.25,74.75,2020,12,20,28.49,4.93
9.25,75.25,2020,12,20,28.34,4.98
9.25,75.75,2020,12,20,28.14,4.98
9.25,76.25,2020,12,20,27.81,5.49
9.25,76.75,2020,12,20,24.33,5.49
9.25,77.25,2020,12,20,22.9,4.76
9.75,74.25,2020,12,20,28.53,4.93
9.75,74.75,2020,12,20,28.45,4.93
9.75,75.25,2020,12,20,28.34,4.98
9.75,75.75,2020,12,20,28.05,4.98
9.75,76.25,2020,12,20,27.25,5.49
9.75,76.75,2020,12,20,22.9,5.49
9.75,77.25,2020,12,20,21.28,4.76
10.25,74.25,2020,12,20,28.5,4.26
10.25,74.75,2020,12,20,28.45,4.26
10.25,75.25,2020,12,20,28.29,5.27
10.25,75.75,2020,12,20,27.63,5.27
10.25,76.25,2020,12,20,25.85,5.09
10.25,76.75,2020,12,20,21.97,5.09
10.25,77.25,2020,12,20,20.67,4.38
10.75,74.25,2020,12,20,28.58,4.26
10.75,74.75,2020,12,20,28.56,4.26
10.75,75.25,2020,12,20,28.24,5.27
10.75,75.75,2020,12,20,27.06,5.27
10.75,76.25,2020,12,20,24.21,5.09
10.75,76.75,2020,12,20,21.78,5.09
10.75,77.25,2020,12,20,21.57,4.38
11.25,74.25,2020,12,20,28.67,5.02
11.25,74.75,2020,12,20,28.67,5.02
11.25,75.25,2020,12,20,28.01,5.49
11.25,75.75,2020,12,20,26.07,5.49
11.25,76.25,2020,12,20,22.3,5.03
11.25,76.75,2020,12,20,21.06,5.03
11.25,77.25,2020,12,20,21.81,4.32
11.75,74.25,2020,12,20,28.72,5.02
11.75,74.75,2020,12,20,28.49,5.02
11.75,75.25,2020,12,20,26.99,5.49
11.75,75.75,2020,12,20,24.16,5.49
11.75,76.25,2020,12,20,20.83,5.03
11.75,76.75,2020,12,20,20.53,5.03
11.75,77.25,2020,12,20,21.1,4.32
12.25,74.25,2020,12,20,28.72,5.19
12.25,74.75,2020,12,20,27.88,5.19
12.25,75.25,2020,12,20,25.42,5.22
12.25,75.75,2020,12,20,22.11,5.22
12.25,76.25,2020,12,20,20.21,4.55
12.25,76.75,2020,12,20,20.54,4.55
12.25,77.25,2020,12,20,20.41,4.08
12.75,74.25,2020,12,20,28.59,5.19
12.75,74.75,2020,12,20,27.08,5.19
12.75,75.25,2020,12,20,24.04,5.22
12.75,75.75,2020,12,20,20.69,5.22
12.75,76.25,2020,12,20,19.59,4.55
12.75,76.75,2020,12,20,20.02,4.55
12.75,77.25,2020,12,20,19.72,4.08
8.25,74.25,2020,12,21,28.35,4.65
8.25,74.75,2020,12,21,28.39,4.65
8.25,75.25,2020,12,21,28.27,4.52
8.25,75.75,2020,12,21,28.02,4.52
8.25,76.25,2020,12,21,27.73,3.8
8.25,76.75,2020,12,21,26.6,3.8
8.25,77.25,2020,12,21,25.26,3.12
8.75,74.25,2020,12,21,28.44,4.65
8.75,74.75,2020,12,21,28.5,4.65
8.75,75.25,2020,12,21,28.42,4.52
8.75,75.75,2020,12,21,28.11,4.52
8.75,76.25,2020,12,21,27.51,3.8
8.75,76.75,2020,12,21,24.97,3.8
8.75,77.25,2020,12,21,23.33,3.12
9.25,74.25,2020,12,21,28.4,5.08
9.25,74.75,2020,12,21,28.43,5.08
9.25,75.25,2020,12,21,28.41,4.98
9.25,75.75,2020,12,21,28.16,4.98
9.25,76.25,2020,12,21,27.44,4.86
9.25,76.75,2020,12,21,23.58,4.86
9.25,77.25,2020,12,21,21.98,4.72
9.75,74.25,2020,12,21,28.26,5.08
9.75,74.75,2020,12,21,28.23,5.08
9.75,75.25,2020,12,21,28.21,4.98
9.75,75.75,2020,12,21,27.9,4.98
9.75,76.25,2020,12,21,26.84,4.86
9.75,76.75,2020,12,21,22.06,4.86
9.75,77.25,2020,12,21,20.26,4.72
10.25,74.25,2020,12,21,28.24,4.98
10.25,74.75,2020,12,21,28.14,4.98
10.25,75.25,2020,12,21,27.93,5.35
10.25,75.75,2020,12,21,27.2,5.35
10.25,76.25,2020,12,21,25.29,5.29
10.25,76.75,2020,12,21,21.1,5.29
10.25,77.25,2020,12,21,19.7,4.91
10.75,74.25,2020,12,21,28.32,4.98
10.75,74.75,2020,12,21,28.19,4.98
10.75,75.25,2020,12,21,27.71,5.35
10.75,75.75,2020,12,21,26.34,5.35
10.75,76.25,2020,12,21,23.3,5.29
10.75,76.75,2020,12,21,20.7,5.29
10.75,77.25,2020,12,21,20.48,4.91
11.25,74.25,2020,12,21,28.4,5.09
11.25,74.75,2020,12,21,28.21,5.09
11.25,75.25,2020,12,21,27.29,5.47
11.25,75.75,2020,12,21,25.08,5.47
11.25,76.25,2020,12,21,21.06,5.75
11.25,76.75,2020,12,21,19.67,5.75
11.25,77.25,2020,12,21,20.45,5.64
11.75,74.25,2020,12,21,28.34,5.09
11.75,74.75,2020,12,21,27.83,5.09
11.75,75.25,2020,12,21,26.05,5.47
11.75,75.75,2020,12,21,22.98,5.47
11.75,76.25,2020,12,21,19.54,5.75
11.75,76.75,2020,12,21,19.02,5.75
11.75,77.25,2020,12,21,19.51,5.64
12.25,74.25,2020,12,21,28.03,5.2
12.25,74.75,2020,12,21,26.98,5.2
12.25,75.25,2020,12,21,24.33,5.36
12.25,75.75,2020,12,21,20.85,5.36
12.25,76.25,2020,12,21,18.89,5.57
12.25,76.75,2020,12,21,19,5.57
12.25,77.25,2020,12,21,18.72,5.82
12.75,74.25,2020,12,21,27.6,5.2
12.75,74.75,2020,12,21,26,5.2
12.75,75.25,2020,12,21,22.86,5.36
12.75,75.75,2020,12,21,19.34,5.36
12.75,76.25,2020,12,21,18.12,5.57
12.75,76.75,2020,12,21,18.37,5.57
12.75,77.25,2020,12,21,17.94,5.82
8.25,74.25,2020,12,22,27.51,4.08
8.25,74.75,2020,12,22,27.74,4.08
8.25,75.25,2020,12,22,27.83,3.87
8.25,75.75,2020,12,22,27.71,3.87
8.25,76.25,2020,12,22,27.44,3.75
8.25,76.75,2020,12,22,26.32,3.75
8.25,77.25,2020,12,22,24.92,2.84
8.75,74.25,2020,12,22,27.71,4.08
8.75,74.75,2020,12,22,27.85,4.08
8.75,75.25,2020,12,22,27.97,3.87
8.75,75.75,2020,12,22,27.91,3.87
8.75,76.25,2020,12,22,27.45,3.75
8.75,76.75,2020,12,22,24.97,3.75
8.75,77.25,2020,12,22,23.18,2.84
9.25,74.25,2020,12,22,27.95,4.19
9.25,74.75,2020,12,22,27.95,4.19
9.25,75.25,2020,12,22,28.02,4.47
9.25,75.75,2020,12,22,27.97,4.47
9.25,76.25,2020,12,22,27.51,4.52
9.25,76.75,2020,12,22,23.89,4.52
9.25,77.25,2020,12,22,22.12,2.94
9.75,74.25,2020,12,22,27.96,4.19
9.75,74.75,2020,12,22,27.89,4.19
9.75,75.25,2020,12,22,27.86,4.47
9.75,75.75,2020,12,22,27.69,4.47
9.75,76.25,2020,12,22,27.09,4.52
9.75,76.75,2020,12,22,22.65,4.52
9.75,77.25,2020,12,22,20.66,2.94
10.25,74.25,2020,12,22,27.92,4.35
10.25,74.75,2020,12,22,27.73,4.35
10.25,75.25,2020,12,22,27.53,4.53
10.25,75.75,2020,12,22,27.03,4.53
10.25,76.25,2020,12,22,25.78,4.42
10.25,76.75,2020,12,22,21.76,4.42
10.25,77.25,2020,12,22,20.17,3.82
10.75,74.25,2020,12,22,28.02,4.35
10.75,74.75,2020,12,22,27.77,4.35
10.75,75.25,2020,12,22,27.36,4.53
10.75,75.75,2020,12,22,26.32,4.53
10.75,76.25,2020,12,22,23.91,4.42
10.75,76.75,2020,12,22,21.39,4.42
10.75,77.25,2020,12,22,21.05,3.82
11.25,74.25,2020,12,22,28.11,4.53
11.25,74.75,2020,12,22,27.89,4.53
11.25,75.25,2020,12,22,27.14,5.25
11.25,75.75,2020,12,22,25.33,5.25
11.25,76.25,2020,12,22,21.9,5.13
11.25,76.75,2020,12,22,20.57,5.13
11.25,77.25,2020,12,22,21.26,5
11.75,74.25,2020,12,22,28.05,4.53
11.75,74.75,2020,12,22,27.65,4.53
11.75,75.25,2020,12,22,26.2,5.25
11.75,75.75,2020,12,22,23.65,5.25
11.75,76.25,2020,12,22,20.71,5.13
11.75,76.75,2020,12,22,20.18,5.13
11.75,77.25,2020,12,22,20.52,5
12.25,74.25,2020,12,22,27.91,5.14
12.25,74.75,2020,12,22,27.05,5.14
12.25,75.25,2020,12,22,24.81,5.26
12.25,75.75,2020,12,22,21.83,5.26
12.25,76.25,2020,12,22,20.13,5.41
12.25,76.75,2020,12,22,20.16,5.41
12.25,77.25,2020,12,22,19.73,5.34
12.75,74.25,2020,12,22,27.75,5.14
12.75,74.75,2020,12,22,26.42,5.14
12.75,75.25,2020,12,22,23.67,5.26
12.75,75.75,2020,12,22,20.49,5.26
12.75,76.25,2020,12,22,19.25,5.41
12.75,76.75,2020,12,22,19.4,5.41
12.75,77.25,2020,12,22,18.87,5.34
8.25,74.25,2020,12,23,27.52,5.25
8.25,74.75,2020,12,23,27.51,5.25
8.25,75.25,2020,12,23,27.54,5.16
8.25,75.75,2020,12,23,27.56,5.16
8.25,76.25,2020,12,23,27.46,5.1
8.25,76.75,2020,12,23,26.44,5.1
8.25,77.25,2020,12,23,25.03,3.74
8.75,74.25,2020,12,23,27.41,5.25
8.75,74.75,2020,12,23,27.59,5.25
8.75,75.25,2020,12,23,27.75,5.16
8.75,75.75,2020,12,23,27.76,5.16
8.75,76.25,2020,12,23,27.48,5.1
8.75,76.75,2020,12,23,25.12,5.1
8.75,77.25,2020,12,23,23.27,3.74
9.25,74.25,2020,12,23,27.26,3.6
9.25,74.75,2020,12,23,27.49,3.6
9.25,75.25,2020,12,23,27.65,4.56
9.25,75.75,2020,12,23,27.69,4.56
9.25,76.25,2020,12,23,27.64,4.71
9.25,76.75,2020,12,23,24.29,4.71
9.25,77.25,2020,12,23,22.53,2.99
9.75,74.25,2020,12,23,27.03,3.6
9.75,74.75,2020,12,23,27.12,3.6
9.75,75.25,2020,12,23,27.22,4.56
9.75,75.75,2020,12,23,27.28,4.56
9.75,76.25,2020,12,23,27.26,4.71
9.75,76.75,2020,12,23,23.28,4.71
9.75,77.25,2020,12,23,21.45,2.99
10.25,74.25,2020,12,23,26.87,2.52
10.25,74.75,2020,12,23,26.97,2.52
10.25,75.25,2020,12,23,27.09,3.95
10.25,75.75,2020,12,23,26.98,3.95
10.25,76.25,2020,12,23,26.21,4.2
10.25,76.75,2020,12,23,22.58,4.2
10.25,77.25,2020,12,23,21.15,2.93
10.75,74.25,2020,12,23,27.03,2.52
10.75,74.75,2020,12,23,27.21,2.52
10.75,75.25,2020,12,23,27.29,3.95
10.75,75.75,2020,12,23,26.73,3.95
10.75,76.25,2020,12,23,24.72,4.2
10.75,76.75,2020,12,23,22.38,4.2
10.75,77.25,2020,12,23,21.99,2.93
11.25,74.25,2020,12,23,27.39,4.08
11.25,74.75,2020,12,23,27.59,4.08
11.25,75.25,2020,12,23,27.29,4.63
11.25,75.75,2020,12,23,25.9,4.63
11.25,76.25,2020,12,23,22.83,3.86
11.25,76.75,2020,12,23,21.65,3.86
11.25,77.25,2020,12,23,22.18,3.39
11.75,74.25,2020,12,23,27.62,4.08
11.75,74.75,2020,12,23,27.66,4.08
11.75,75.25,2020,12,23,26.6,4.63
11.75,75.75,2020,12,23,24.31,4.63
11.75,76.25,2020,12,23,21.65,3.86
11.75,76.75,2020,12,23,21.3,3.86
11.75,77.25,2020,12,23,21.47,3.39
12.25,74.25,2020,12,23,27.84,4.85
12.25,74.75,2020,12,23,27.44,4.85
12.25,75.25,2020,12,23,25.55,4.95
12.25,75.75,2020,12,23,22.73,4.95
12.25,76.25,2020,12,23,21.21,4.64
12.25,76.75,2020,12,23,21.38,4.64
12.25,77.25,2020,12,23,20.75,4.43
12.75,74.25,2020,12,23,28.15,4.85
12.75,74.75,2020,12,23,27.17,4.85
12.75,75.25,2020,12,23,24.69,4.95
12.75,75.75,2020,12,23,21.65,4.95
12.75,76.25,2020,12,23,20.53,4.64
12.75,76.75,2020,12,23,20.69,4.64
12.75,77.25,2020,12,23,20.01,4.43
8.25,74.25,2020,12,24,27.86,5.12
8.25,74.75,2020,12,24,27.95,5.12
8.25,75.25,2020,12,24,28,5.7
8.25,75.75,2020,12,24,28.01,5.7
8.25,76.25,2020,12,24,28.03,5.66
8.25,76.75,2020,12,24,27.22,5.66
8.25,77.25,2020,12,24,26.04,4.6
8.75,74.25,2020,12,24,28,5.12
8.75,74.75,2020,12,24,28.07,5.12
8.75,75.25,2020,12,24,28.06,5.7
8.75,75.75,2020,12,24,27.99,5.7
8.75,76.25,2020,12,24,27.95,5.66
8.75,76.75,2020,12,24,25.96,5.66
8.75,77.25,2020,12,24,24.41,4.6
9.25,74.25,2020,12,24,28.01,5.29
9.25,74.75,2020,12,24,28.05,5.29
9.25,75.25,2020,12,24,28.05,5.62
9.25,75.75,2020,12,24,28.03,5.62
9.25,76.25,2020,12,24,28.06,5.64
9.25,76.75,2020,12,24,25.06,5.64
9.25,77.25,2020,12,24,23.5,4.04
9.75,74.25,2020,12,24,27.9,5.29
9.75,74.75,2020,12,24,27.96,5.29
9.75,75.25,2020,12,24,28.05,5.62
9.75,75.75,2020,12,24,28.09,5.62
9.75,76.25,2020,12,24,28.01,5.64
9.75,76.75,2020,12,24,24.08,5.64
9.75,77.25,2020,12,24,22.24,4.04
10.25,74.25,2020,12,24,27.89,5.12
10.25,74.75,2020,12,24,28,5.12
10.25,75.25,2020,12,24,28.09,5.57
10.25,75.75,2020,12,24,27.96,5.57
10.25,76.25,2020,12,24,27.3,5.11
10.25,76.75,2020,12,24,23.41,5.11
10.25,77.25,2020,12,24,21.8,4.2
10.75,74.25,2020,12,24,28.03,5.12
10.75,74.75,2020,12,24,28.17,5.12
10.75,75.25,2020,12,24,28.17,5.57
10.75,75.75,2020,12,24,27.6,5.57
10.75,76.25,2020,12,24,25.74,5.11
10.75,76.75,2020,12,24,23.13,5.11
10.75,77.25,2020,12,24,22.66,4.2
11.25,74.25,2020,12,24,28.15,4.9
11.25,74.75,2020,12,24,28.3,4.9
11.25,75.25,2020,12,24,28,4.92
11.25,75.75,2020,12,24,26.72,4.92
11.25,76.25,2020,12,24,23.76,4.44
11.25,76.75,2020,12,24,22.41,4.44
11.25,77.25,2020,12,24,22.93,4.55
11.75,74.25,2020,12,24,28.05,4.9
11.75,74.75,2020,12,24,28.08,4.9
11.75,75.25,2020,12,24,27.16,4.92
11.75,75.75,2020,12,24,25.13,4.92
11.75,76.25,2020,12,24,22.46,4.44
11.75,76.75,2020,12,24,22.07,4.44
11.75,77.25,2020,12,24,22.26,4.55
12.25,74.25,2020,12,24,27.93,4.52
12.25,74.75,2020,12,24,27.56,4.52
12.25,75.25,2020,12,24,25.95,4.49
12.25,75.75,2020,12,24,23.52,4.49
12.25,76.25,2020,12,24,21.93,4.36
12.25,76.75,2020,12,24,22.1,4.36
12.25,77.25,2020,12,24,21.57,4.71
12.75,74.25,2020,12,24,28.05,4.52
12.75,74.75,2020,12,24,27.21,4.52
12.75,75.25,2020,12,24,25.08,4.49
12.75,75.75,2020,12,24,22.44,4.49
12.75,76.25,2020,12,24,21.37,4.36
12.75,76.75,2020,12,24,21.5,4.36
12.75,77.25,2020,12,24,20.89,4.71
8.25,74.25,2020,12,25,28.18,5.59
8.25,74.75,2020,12,25,28.28,5.59
8.25,75.25,2020,12,25,28.33,5.84
8.25,75.75,2020,12,25,28.3,5.84
8.25,76.25,2020,12,25,28.13,5.68
8.25,76.75,2020,12,25,27.05,5.68
8.25,77.25,2020,12,25,25.7,5.53
8.75,74.25,2020,12,25,28.3,5.59
8.75,74.75,2020,12,25,28.39,5.59
8.75,75.25,2020,12,25,28.43,5.84
8.75,75.75,2020,12,25,28.35,5.84
8.75,76.25,2020,12,25,28.08,5.68
8.75,76.75,2020,12,25,25.66,5.68
8.75,77.25,2020,12,25,23.9,5.53
9.25,74.25,2020,12,25,28.28,5.56
9.25,74.75,2020,12,25,28.35,5.56
9.25,75.25,2020,12,25,28.4,5.44
9.25,75.75,2020,12,25,28.38,5.44
9.25,76.25,2020,12,25,28.25,5.65
9.25,76.75,2020,12,25,24.81,5.65
9.25,77.25,2020,12,25,22.9,5.34
9.75,74.25,2020,12,25,28.08,5.56
9.75,74.75,2020,12,25,28.14,5.56
9.75,75.25,2020,12,25,28.21,5.44
9.75,75.75,2020,12,25,28.25,5.44
9.75,76.25,2020,12,25,28.13,5.65
9.75,76.75,2020,12,25,23.87,5.65
9.75,77.25,2020,12,25,21.6,5.34
10.25,74.25,2020,12,25,27.95,5.21
10.25,74.75,2020,12,25,28.05,5.21
10.25,75.25,2020,12,25,28.07,5.12
10.25,75.75,2020,12,25,27.82,5.12
10.25,76.25,2020,12,25,26.98,5.08
10.25,76.75,2020,12,25,22.9,5.08
10.25,77.25,2020,12,25,21.06,4.62
10.75,74.25,2020,12,25,28.04,5.21
10.75,74.75,2020,12,25,28.17,5.21
10.75,75.25,2020,12,25,28.12,5.12
10.75,75.75,2020,12,25,27.38,5.12
10.75,76.25,2020,12,25,25.2,5.08
10.75,76.75,2020,12,25,22.37,5.08
10.75,77.25,2020,12,25,21.8,4.62
11.25,74.25,2020,12,25,28.17,4.87
11.25,74.75,2020,12,25,28.25,4.87
11.25,75.25,2020,12,25,27.98,5.03
11.25,75.75,2020,12,25,26.7,5.03
11.25,76.25,2020,12,25,23.45,4.6
11.25,76.75,2020,12,25,21.75,4.6
11.25,77.25,2020,12,25,22.13,4.51
11.75,74.25,2020,12,25,28.11,4.87
11.75,74.75,2020,12,25,28.03,4.87
11.75,75.25,2020,12,25,27.21,5.03
11.75,75.75,2020,12,25,25.3,5.03
11.75,76.25,2020,12,25,22.44,4.6
11.75,76.75,2020,12,25,21.7,4.6
11.75,77.25,2020,12,25,21.72,4.51
12.25,74.25,2020,12,25,28.05,4.5
12.25,74.75,2020,12,25,27.69,4.5
12.25,75.25,2020,12,25,26.17,4.76
12.25,75.75,2020,12,25,23.78,4.76
12.25,76.25,2020,12,25,22.02,4.84
12.25,76.75,2020,12,25,22,4.84
12.25,77.25,2020,12,25,21.34,5.02
12.75,74.25,2020,12,25,28.09,4.5
12.75,74.75,2020,12,25,27.39,4.5
12.75,75.25,2020,12,25,25.39,4.76
12.75,75.75,2020,12,25,22.71,4.76
12.75,76.25,2020,12,25,21.42,4.84
12.75,76.75,2020,12,25,21.53,4.84
12.75,77.25,2020,12,25,20.85,5.02
8.25,74.25,2020,12,26,28.29,5.46
8.25,74.75,2020,12,26,28.25,5.46
8.25,75.25,2020,12,26,28.19,5.23
8.25,75.75,2020,12,26,28.13,5.23
8.25,76.25,2020,12,26,28.08,5.66
8.25,76.75,2020,12,26,26.77,5.66
8.25,77.25,2020,12,26,25.09,5.71
8.75,74.25,2020,12,26,28.25,5.46
8.75,74.75,2020,12,26,28.26,5.46
8.75,75.25,2020,12,26,28.21,5.23
8.75,75.75,2020,12,26,28.1,5.23
8.75,76.25,2020,12,26,27.96,5.66
8.75,76.75,2020,12,26,25.17,5.66
8.75,77.25,2020,12,26,22.94,5.71
9.25,74.25,2020,12,26,28.05,5.18
9.25,74.75,2020,12,26,28.13,5.18
9.25,75.25,2020,12,26,28.16,5.28
9.25,75.75,2020,12,26,28.13,5.28
9.25,76.25,2020,12,26,28.11,5.68
9.25,76.75,2020,12,26,24.22,5.68
9.25,77.25,2020,12,26,21.97,5.75
9.75,74.25,2020,12,26,28.09,5.18
9.75,74.75,2020,12,26,28.08,5.18
9.75,75.25,2020,12,26,28.09,5.28
9.75,75.75,2020,12,26,28.03,5.28
9.75,76.25,2020,12,26,27.71,5.68
9.75,76.75,2020,12,26,22.94,5.68
9.75,77.25,2020,12,26,20.67,5.75
10.25,74.25,2020,12,26,28.33,4.94
10.25,74.75,2020,12,26,28.19,4.94
10.25,75.25,2020,12,26,28.06,5.16
10.25,75.75,2020,12,26,27.66,5.16
10.25,76.25,2020,12,26,26.38,5.59
10.25,76.75,2020,12,26,21.88,5.59
10.25,77.25,2020,12,26,20.17,5.58
10.75,74.25,2020,12,26,28.39,4.94
10.75,74.75,2020,12,26,28.26,4.94
10.75,75.25,2020,12,26,28.06,5.16
10.75,75.75,2020,12,26,27.25,5.16
10.75,76.25,2020,12,26,24.78,5.59
10.75,76.75,2020,12,26,21.66,5.59
10.75,77.25,2020,12,26,21.09,5.58
11.25,74.25,2020,12,26,28.25,4.7
11.25,74.75,2020,12,26,28.21,4.7
11.25,75.25,2020,12,26,27.84,5.36
11.25,75.75,2020,12,26,26.43,5.36
11.25,76.25,2020,12,26,22.92,5.45
11.25,76.75,2020,12,26,21.1,5.45
11.25,77.25,2020,12,26,21.44,5.57
11.75,74.25,2020,12,26,28.01,4.7
11.75,74.75,2020,12,26,27.92,4.7
11.75,75.25,2020,12,26,26.96,5.36
11.75,75.75,2020,12,26,24.77,5.36
11.75,76.25,2020,12,26,21.51,5.45
11.75,76.75,2020,12,26,20.71,5.45
11.75,77.25,2020,12,26,20.82,5.57
12.25,74.25,2020,12,26,28.06,4.78
12.25,74.75,2020,12,26,27.65,4.78
12.25,75.25,2020,12,26,25.84,5.47
12.25,75.75,2020,12,26,22.99,5.47
12.25,76.25,2020,12,26,20.85,5.55
12.25,76.75,2020,12,26,20.76,5.55
12.25,77.25,2020,12,26,20.23,5.69
12.75,74.25,2020,12,26,28.3,4.78
12.75,74.75,2020,12,26,27.42,4.78
12.75,75.25,2020,12,26,24.97,5.47
12.75,75.75,2020,12,26,21.75,5.47
12.75,76.25,2020,12,26,20.21,5.55
12.75,76.75,2020,12,26,20.21,5.55
12.75,77.25,2020,12,26,19.55,5.69
8.25,74.25,2020,12,27,28.03,5.31
8.25,74.75,2020,12,27,28.12,5.31
8.25,75.25,2020,12,27,28.21,5.3
8.25,75.75,2020,12,27,28.24,5.3
8.25,76.25,2020,12,27,28.12,4.43
8.25,76.75,2020,12,27,26.92,4.43
8.25,77.25,2020,12,27,25.37,3.9
8.75,74.25,2020,12,27,27.99,5.31
8.75,74.75,2020,12,27,28.08,5.31
8.75,75.25,2020,12,27,28.14,5.3
8.75,75.75,2020,12,27,28.13,5.3
8.75,76.25,2020,12,27,28,4.43
8.75,76.75,2020,12,27,25.2,4.43
8.75,77.25,2020,12,27,23.29,3.9
9.25,74.25,2020,12,27,28.11,5.3
9.25,74.75,2020,12,27,28.1,5.3
9.25,75.25,2020,12,27,28.11,5.51
9.25,75.75,2020,12,27,28.12,5.51
9.25,76.25,2020,12,27,28.15,5.6
9.25,76.75,2020,12,27,24.01,5.6
9.25,77.25,2020,12,27,22.16,4.85
9.75,74.25,2020,12,27,28.35,5.3
9.75,74.75,2020,12,27,28.25,5.3
9.75,75.25,2020,12,27,28.17,5.51
9.75,75.75,2020,12,27,28.02,5.51
9.75,76.25,2020,12,27,27.69,5.6
9.75,76.75,2020,12,27,22.57,5.6
9.75,77.25,2020,12,27,20.69,4.85
10.25,74.25,2020,12,27,28.48,5.3
10.25,74.75,2020,12,27,28.35,5.3
10.25,75.25,2020,12,27,28.15,5.63
10.25,75.75,2020,12,27,27.63,5.63
10.25,76.25,2020,12,27,26.28,5.81
10.25,76.75,2020,12,27,21.56,5.81
10.25,77.25,2020,12,27,20.19,5.79
10.75,74.25,2020,12,27,28.39,5.3
10.75,74.75,2020,12,27,28.25,5.3
10.75,75.25,2020,12,27,28.03,5.63
10.75,75.75,2020,12,27,27.17,5.63
10.75,76.25,2020,12,27,24.61,5.81
10.75,76.75,2020,12,27,21.4,5.81
10.75,77.25,2020,12,27,21.09,5.79
11.25,74.25,2020,12,27,28.23,5.29
11.25,74.75,2020,12,27,28.09,5.29
11.25,75.25,2020,12,27,27.68,5.86
11.25,75.75,2020,12,27,26.24,5.86
11.25,76.25,2020,12,27,22.56,5.99
11.25,76.75,2020,12,27,20.74,5.99
11.25,77.25,2020,12,27,21.34,5.86
11.75,74.25,2020,12,27,28.24,5.29
11.75,74.75,2020,12,27,27.96,5.29
11.75,75.25,2020,12,27,26.72,5.86
11.75,75.75,2020,12,27,24.23,5.86
11.75,76.25,2020,12,27,20.79,5.99
11.75,76.75,2020,12,27,20.2,5.99
11.75,77.25,2020,12,27,20.62,5.86
12.25,74.25,2020,12,27,28.34,5.4
12.25,74.75,2020,12,27,27.61,5.4
12.25,75.25,2020,12,27,25.31,5.86
12.25,75.75,2020,12,27,22.01,5.86
12.25,76.25,2020,12,27,19.86,5.92
12.25,76.75,2020,12,27,20.09,5.92
12.25,77.25,2020,12,27,19.88,5.89
12.75,74.25,2020,12,27,28.29,5.4
12.75,74.75,2020,12,27,26.98,5.4
12.75,75.25,2020,12,27,23.99,5.86
12.75,75.75,2020,12,27,20.41,5.86
12.75,76.25,2020,12,27,19.02,5.92
12.75,76.75,2020,12,27,19.39,5.92
12.75,77.25,2020,12,27,19.04,5.89
8.25,74.25,2020,12,28,28.22,5.35
8.25,74.75,2020,12,28,28.24,5.35
8.25,75.25,2020,12,28,28.29,5.29
8.25,75.75,2020,12,28,28.3,5.29
8.25,76.25,2020,12,28,28.11,4.94
8.25,76.75,2020,12,28,27.32,4.94
8.25,77.25,2020,12,28,26.04,4.78
8.75,74.25,2020,12,28,28.41,5.35
8.75,74.75,2020,12,28,28.39,5.35
8.75,75.25,2020,12,28,28.38,5.29
8.75,75.75,2020,12,28,28.33,5.29
8.75,76.25,2020,12,28,28.15,4.94
8.75,76.75,2020,12,28,25.94,4.94
8.75,77.25,2020,12,28,24.24,4.78
9.25,74.25,2020,12,28,28.46,5.24
9.25,74.75,2020,12,28,28.48,5.24
9.25,75.25,2020,12,28,28.47,5.11
9.25,75.75,2020,12,28,28.42,5.11
9.25,76.25,2020,12,28,28.38,4.44
9.25,76.75,2020,12,28,24.68,4.44
9.25,77.25,2020,12,28,22.95,4.44
9.75,74.25,2020,12,28,28.33,5.24
9.75,74.75,2020,12,28,28.36,5.24
9.75,75.25,2020,12,28,28.38,5.11
9.75,75.75,2020,12,28,28.27,5.11
9.75,76.25,2020,12,28,27.98,4.44
9.75,76.75,2020,12,28,23.21,4.44
9.75,77.25,2020,12,28,21.35,4.44
10.25,74.25,2020,12,28,28.19,5.22
10.25,74.75,2020,12,28,28.16,5.22
10.25,75.25,2020,12,28,28.15,4.68
10.25,75.75,2020,12,28,27.82,4.68
10.25,76.25,2020,12,28,26.68,3.66
10.25,76.75,2020,12,28,22.21,3.66
10.25,77.25,2020,12,28,20.78,3.8
10.75,74.25,2020,12,28,28.23,5.22
10.75,74.75,2020,12,28,28.11,5.22
10.75,75.25,2020,12,28,28.01,4.68
10.75,75.75,2020,12,28,27.3,4.68
10.75,76.25,2020,12,28,24.83,3.66
10.75,76.75,2020,12,28,21.9,3.66
10.75,77.25,2020,12,28,21.51,3.8
11.25,74.25,2020,12,28,28.4,5.03
11.25,74.75,2020,12,28,28.22,5.03
11.25,75.25,2020,12,28,27.71,5.06
11.25,75.75,2020,12,28,26.19,5.06
11.25,76.25,2020,12,28,22.65,4.12
11.25,76.75,2020,12,28,21.17,4.12
11.25,77.25,2020,12,28,21.59,3.44
11.75,74.25,2020,12,28,28.48,5.03
11.75,74.75,2020,12,28,28.08,5.03
11.75,75.25,2020,12,28,26.64,5.06
11.75,75.75,2020,12,28,24.12,5.06
11.75,76.25,2020,12,28,21.12,4.12
11.75,76.75,2020,12,28,20.68,4.12
11.75,77.25,2020,12,28,20.87,3.44
12.25,74.25,2020,12,28,28.32,5.32
12.25,74.75,2020,12,28,27.43,5.32
12.25,75.25,2020,12,28,25.1,5.46
12.25,75.75,2020,12,28,22.05,5.46
12.25,76.25,2020,12,28,20.36,4.76
12.25,76.75,2020,12,28,20.57,4.76
12.25,77.25,2020,12,28,20.2,5.05
12.75,74.25,2020,12,28,28.09,5.32
12.75,74.75,2020,12,28,26.64,5.32
12.75,75.25,2020,12,28,23.76,5.46
12.75,75.75,2020,12,28,20.55,5.46
12.75,76.25,2020,12,28,19.44,4.76
12.75,76.75,2020,12,28,19.76,4.76
12.75,77.25,2020,12,28,19.4,5.05
8.25,74.25,2020,12,29,28.16,4.95
8.25,74.75,2020,12,29,28.14,4.95
8.25,75.25,2020,12,29,28.16,4.97
8.25,75.75,2020,12,29,28.25,4.97
8.25,76.25,2020,12,29,28.38,4.27
8.25,76.75,2020,12,29,27.4,4.27
8.25,77.25,2020,12,29,26.05,3.4
8.75,74.25,2020,12,29,28.3,4.95
8.75,74.75,2020,12,29,28.31,4.95
8.75,75.25,2020,12,29,28.29,4.97
8.75,75.75,2020,12,29,28.28,4.97
8.75,76.25,2020,12,29,28.4,4.27
8.75,76.75,2020,12,29,26.06,4.27
8.75,77.25,2020,12,29,24.33,3.4
9.25,74.25,2020,12,29,28.4,5.08
9.25,74.75,2020,12,29,28.45,5.08
9.25,75.25,2020,12,29,28.41,5.18
9.25,75.75,2020,12,29,28.33,5.18
9.25,76.25,2020,12,29,28.43,4.63
9.25,76.75,2020,12,29,24.92,4.63
9.25,77.25,2020,12,29,23.22,3.17
9.75,74.25,2020,12,29,28.45,5.08
9.75,74.75,2020,12,29,28.49,5.08
9.75,75.25,2020,12,29,28.46,5.18
9.75,75.75,2020,12,29,28.32,5.18
9.75,76.25,2020,12,29,28.13,4.63
9.75,76.75,2020,12,29,23.59,4.63
9.75,77.25,2020,12,29,21.76,3.17
10.25,74.25,2020,12,29,28.45,5.06
10.25,74.75,2020,12,29,28.43,5.06
10.25,75.25,2020,12,29,28.39,5.05
10.25,75.75,2020,12,29,28.06,5.05
10.25,76.25,2020,12,29,27.1,5.11
10.25,76.75,2020,12,29,22.71,5.11
10.25,77.25,2020,12,29,21.33,3.79
10.75,74.25,2020,12,29,28.49,5.06
10.75,74.75,2020,12,29,28.39,5.06
10.75,75.25,2020,12,29,28.32,5.05
10.75,75.75,2020,12,29,27.69,5.05
10.75,76.25,2020,12,29,25.34,5.11
10.75,76.75,2020,12,29,22.48,5.11
10.75,77.25,2020,12,29,22.3,3.79
11.25,74.25,2020,12,29,28.61,5.22
11.25,74.75,2020,12,29,28.44,5.22
11.25,75.25,2020,12,29,28.05,5.52
11.25,75.75,2020,12,29,26.73,5.52
11.25,76.25,2020,12,29,23.24,5.23
11.25,76.75,2020,12,29,21.77,5.23
11.25,77.25,2020,12,29,22.51,4.7
11.75,74.25,2020,12,29,28.66,5.22
11.75,74.75,2020,12,29,28.34,5.22
11.75,75.25,2020,12,29,27.07,5.52
11.75,75.75,2020,12,29,24.75,5.52
11.75,76.25,2020,12,29,21.84,5.23
11.75,76.75,2020,12,29,21.4,5.23
11.75,77.25,2020,12,29,21.77,4.7
12.25,74.25,2020,12,29,28.56,4.64
12.25,74.75,2020,12,29,27.84,4.64
12.25,75.25,2020,12,29,25.65,5.59
12.25,75.75,2020,12,29,22.68,5.59
12.25,76.25,2020,12,29,21.12,5.42
12.25,76.75,2020,12,29,21.43,5.42
12.25,77.25,2020,12,29,21.17,5.09
12.75,74.25,2020,12,29,28.38,4.64
12.75,74.75,2020,12,29,27.12,4.64
12.75,75.25,2020,12,29,24.34,5.59
12.75,75.75,2020,12,29,21.15,5.59
12.75,76.25,2020,12,29,20.17,5.42
12.75,76.75,2020,12,29,20.7,5.42
12.75,77.25,2020,12,29,20.5,5.09
8.25,74.25,2020,12,30,27.9,5.62
8.25,74.75,2020,12,30,27.95,5.62
8.25,75.25,2020,12,30,28.13,5.65
8.25,75.75,2020,12,30,28.33,5.65
8.25,76.25,2020,12,30,28.38,5.33
8.25,76.75,2020,12,30,27.37,5.33
8.25,77.25,2020,12,30,26.23,4.32
8.75,74.25,2020,12,30,27.99,5.62
8.75,74.75,2020,12,30,27.93,5.62
8.75,75.25,2020,12,30,28.06,5.65
8.75,75.75,2020,12,30,28.3,5.65
8.75,76.25,2020,12,30,28.42,5.33
8.75,76.75,2020,12,30,26.2,5.33
8.75,77.25,2020,12,30,24.83,4.32
9.25,74.25,2020,12,30,28.21,5.41
9.25,74.75,2020,12,30,28.16,5.41
9.25,75.25,2020,12,30,28.19,5.39
9.25,75.75,2020,12,30,28.34,5.39
9.25,76.25,2020,12,30,28.61,5.31
9.25,76.75,2020,12,30,25.25,5.31
9.25,77.25,2020,12,30,23.85,3.89
9.75,74.25,2020,12,30,28.41,5.41
9.75,74.75,2020,12,30,28.42,5.41
9.75,75.25,2020,12,30,28.42,5.39
9.75,75.75,2020,12,30,28.45,5.39
9.75,76.25,2020,12,30,28.62,5.31
9.75,76.75,2020,12,30,24.21,5.31
9.75,77.25,2020,12,30,22.52,3.89
10.25,74.25,2020,12,30,28.54,5.12
10.25,74.75,2020,12,30,28.51,5.12
10.25,75.25,2020,12,30,28.5,5.3
10.25,75.75,2020,12,30,28.36,5.3
10.25,76.25,2020,12,30,27.83,4.79
10.25,76.75,2020,12,30,23.7,4.79
10.25,77.25,2020,12,30,22.25,3.14
10.75,74.25,2020,12,30,28.72,5.12
10.75,74.75,2020,12,30,28.62,5.12
10.75,75.25,2020,12,30,28.58,5.3
10.75,75.75,2020,12,30,28.12,5.3
10.75,76.25,2020,12,30,26.24,4.79
10.75,76.75,2020,12,30,23.65,4.79
10.75,77.25,2020,12,30,23.28,3.14
11.25,74.25,2020,12,30,28.92,5.18
11.25,74.75,2020,12,30,28.77,5.18
11.25,75.25,2020,12,30,28.43,5.29
11.25,75.75,2020,12,30,27.28,5.29
11.25,76.25,2020,12,30,24.23,4.42
11.25,76.75,2020,12,30,22.9,4.42
11.25,77.25,2020,12,30,23.51,4.28
11.75,74.25,2020,12,30,28.97,5.18
11.75,74.75,2020,12,30,28.72,5.18
11.75,75.25,2020,12,30,27.61,5.29
11.75,75.75,2020,12,30,25.54,5.29
11.75,76.25,2020,12,30,22.88,4.42
11.75,76.75,2020,12,30,22.44,4.42
11.75,77.25,2020,12,30,22.79,4.28
12.25,74.25,2020,12,30,28.88,5.16
12.25,74.75,2020,12,30,28.35,5.16
12.25,75.25,2020,12,30,26.52,5.25
12.25,75.75,2020,12,30,23.94,5.25
12.25,76.25,2020,12,30,22.44,4.89
12.25,76.75,2020,12,30,22.59,4.89
12.25,77.25,2020,12,30,22.27,4.83
12.75,74.25,2020,12,30,28.65,5.16
12.75,74.75,2020,12,30,27.77,5.16
12.75,75.25,2020,12,30,25.56,5.25
12.75,75.75,2020,12,30,22.86,5.25
12.75,76.25,2020,12,30,21.89,4.89
12.75,76.75,2020,12,30,22.16,4.89
12.75,77.25,2020,12,30,21.75,4.83
8.25,74.25,2020,12,31,28.21,3.87
8.25,74.75,2020,12,31,28.33,3.87
8.25,75.25,2020,12,31,28.39,2.68
8.25,75.75,2020,12,31,28.39,2.68
8.25,76.25,2020,12,31,28.33,3.22
8.25,76.75,2020,12,31,27.48,3.22
8.25,77.25,2020,12,31,26.47,2.72
8.75,74.25,2020,12,31,28.1,3.87
8.75,74.75,2020,12,31,28.27,3.87
8.75,75.25,2020,12,31,28.42,2.68
8.75,75.75,2020,12,31,28.48,2.68
8.75,76.25,2020,12,31,28.35,3.22
8.75,76.75,2020,12,31,26.34,3.22
8.75,77.25,2020,12,31,25.09,2.72
9.25,74.25,2020,12,31,28.09,3.49
9.25,74.75,2020,12,31,28.17,3.49
9.25,75.25,2020,12,31,28.3,2.89
9.25,75.75,2020,12,31,28.43,2.89
9.25,76.25,2020,12,31,28.53,3.72
9.25,76.75,2020,12,31,25.29,3.72
9.25,77.25,2020,12,31,24,2.58
9.75,74.25,2020,12,31,28.19,3.49
9.75,74.75,2020,12,31,28.16,3.49
9.75,75.25,2020,12,31,28.19,2.89
9.75,75.75,2020,12,31,28.27,2.89
9.75,76.25,2020,12,31,28.39,3.72
9.75,76.75,2020,12,31,24.16,3.72
9.75,77.25,2020,12,31,22.53,2.58
10.25,74.25,2020,12,31,28.37,4.01
10.25,74.75,2020,12,31,28.34,4.01
10.25,75.25,2020,12,31,28.3,3.76
10.25,75.75,2020,12,31,28.09,3.76
10.25,76.25,2020,12,31,27.48,3.09
10.25,76.75,2020,12,31,23.6,3.09
10.25,77.25,2020,12,31,22.19,2.19
10.75,74.25,2020,12,31,28.57,4.01
10.75,74.75,2020,12,31,28.62,4.01
10.75,75.25,2020,12,31,28.58,3.76
10.75,75.75,2020,12,31,27.98,3.76
10.75,76.25,2020,12,31,25.98,3.09
10.75,76.75,2020,12,31,23.54,3.09
10.75,77.25,2020,12,31,23.14,2.19
11.25,74.25,2020,12,31,28.48,4.27
11.25,74.75,2020,12,31,28.63,4.27
11.25,75.25,2020,12,31,28.48,3.84
11.25,75.75,2020,12,31,27.31,3.84
11.25,76.25,2020,12,31,24.08,2.28
11.25,76.75,2020,12,31,22.7,2.28
11.25,77.25,2020,12,31,23.25,1.68
11.75,74.25,2020,12,31,28.3,4.27
11.75,74.75,2020,12,31,28.38,4.27
11.75,75.25,2020,12,31,27.64,3.84
11.75,75.75,2020,12,31,25.74,3.84
11.75,76.25,2020,12,31,22.83,2.28
11.75,76.75,2020,12,31,22.15,2.28
11.75,77.25,2020,12,31,22.5,1.68
12.25,74.25,2020,12,31,28.36,4.7
12.25,74.75,2020,12,31,28.21,4.7
12.25,75.25,2020,12,31,26.71,4.25
12.25,75.75,2020,12,31,24.24,4.25
12.25,76.25,2020,12,31,22.42,2.46
12.25,76.75,2020,12,31,22.41,2.46
12.25,77.25,2020,12,31,22.1,2.55
12.75,74.25,2020,12,31,28.57,4.7
12.75,74.75,2020,12,31,28.1,4.7
12.75,75.25,2020,12,31,26.1,4.25
12.75,75.75,2020,12,31,23.3,4.25
12.75,76.25,2020,12,31,22,2.46
12.75,76.75,2020,12,31,22.22,2.46
12.75,77.25,2020,12,31,21.75,2.55
8.25,74.25,2021,1,1,28.05,4.22
8.25,74.75,2021,1,1,28.06,4.22
8.25,75.25,2021,1,1,28.04,3.35
8.25,75.75,2021,1,1,27.99,3.35
8.25,76.25,2021,1,1,27.89,3.34
8.25,76.75,2021,1,1,26.95,3.34
8.25,77.25,2021,1,1,25.84,4.24
8.75,74.25,2021,1,1,28.16,4.22
8.75,74.75,2021,1,1,28.15,4.22
8.75,75.25,2021,1,1,28.1,3.35
8.75,75.75,2021,1,1,27.96,3.35
8.75,76.25,2021,1,1,27.65,3.34
8.75,76.75,2021,1,1,25.39,3.34
8.75,77.25,2021,1,1,23.92,4.24
9.25,74.25,2021,1,1,28.09,4.78
9.25,74.75,2021,1,1,28.11,4.78
9.25,75.25,2021,1,1,28.07,4.21
9.25,75.75,2021,1,1,27.95,4.21
9.25,76.25,2021,1,1,27.67,4.11
9.25,76.75,2021,1,1,24.1,4.11
9.25,77.25,2021,1,1,22.64,4.57
9.75,74.25,2021,1,1,27.89,4.78
9.75,74.75,2021,1,1,28.05,4.78
9.75,75.25,2021,1,1,28.11,4.21
9.75,75.75,2021,1,1,28,4.21
9.75,76.25,2021,1,1,27.45,4.11
9.75,76.75,2021,1,1,22.77,4.11
9.75,77.25,2021,1,1,21.05,4.57
10.25,74.25,2021,1,1,27.88,4.81
10.25,74.75,2021,1,1,28.09,4.81
10.25,75.25,2021,1,1,28.13,5.08
10.25,75.75,2021,1,1,27.72,5.08
10.25,76.25,2021,1,1,26.34,4.54
10.25,76.75,2021,1,1,22.07,4.54
10.25,77.25,2021,1,1,20.65,4.53
10.75,74.25,2021,1,1,28.15,4.81
10.75,74.75,2021,1,1,28.26,4.81
10.75,75.25,2021,1,1,28.11,5.08
10.75,75.75,2021,1,1,27.19,5.08
10.75,76.25,2021,1,1,24.69,4.54
10.75,76.75,2021,1,1,21.99,4.54
10.75,77.25,2021,1,1,21.62,4.53
11.25,74.25,2021,1,1,28.35,5.15
11.25,74.75,2021,1,1,28.37,5.15
11.25,75.25,2021,1,1,27.91,5.36
11.25,75.75,2021,1,1,26.32,5.36
11.25,76.25,2021,1,1,22.77,5.07
11.25,76.75,2021,1,1,21.2,5.07
11.25,77.25,2021,1,1,21.73,4.94
11.75,74.25,2021,1,1,28.38,5.15
11.75,74.75,2021,1,1,28.24,5.15
11.75,75.25,2021,1,1,27.08,5.36
11.75,75.75,2021,1,1,24.67,5.36
11.75,76.25,2021,1,1,21.42,5.07
11.75,76.75,2021,1,1,20.64,5.07
11.75,77.25,2021,1,1,20.96,4.94
12.25,74.25,2021,1,1,28.41,5.35
12.25,74.75,2021,1,1,27.89,5.35
12.25,75.25,2021,1,1,25.82,5.33
12.25,75.75,2021,1,1,22.76,5.33
12.25,76.25,2021,1,1,20.73,4.9
12.25,76.75,2021,1,1,20.69,4.9
12.25,77.25,2021,1,1,20.37,5.02
12.75,74.25,2021,1,1,28.47,5.35
12.75,74.75,2021,1,1,27.25,5.35
12.75,75.25,2021,1,1,24.43,5.33
12.75,75.75,2021,1,1,21.11,5.33
12.75,76.25,2021,1,1,19.81,4.9
12.75,76.75,2021,1,1,20.08,4.9
12.75,77.25,2021,1,1,19.65,5.02
8.25,74.25,2021,1,2,28.58,5.78
8.25,74.75,2021,1,2,28.32,5.78
8.25,75.25,2021,1,2,28.06,5.73
8.25,75.75,2021,1,2,27.94,5.73
8.25,76.25,2021,1,2,27.96,5.68
8.25,76.75,2021,1,2,27.05,5.68
8.25,77.25,2021,1,2,25.94,4.88
8.75,74.25,2021,1,2,28.47,5.78
8.75,74.75,2021,1,2,28.37,5.78
8.75,75.25,2021,1,2,28.17,5.73
8.75,75.75,2021,1,2,27.96,5.73
8.75,76.25,2021,1,2,27.78,5.68
8.75,76.75,2021,1,2,25.44,5.68
8.75,77.25,2021,1,2,24.06,4.88
9.25,74.25,2021,1,2,28.27,5.85
9.25,74.75,2021,1,2,28.28,5.85
9.25,75.25,2021,1,2,28.25,5.91
9.25,75.75,2021,1,2,28.08,5.91
9.25,76.25,2021,1,2,27.73,5.85
9.25,76.75,2021,1,2,24.18,5.85
9.25,77.25,2021,1,2,22.81,5.07
9.75,74.25,2021,1,2,28.26,5.85
9.75,74.75,2021,1,2,28.17,5.85
9.75,75.25,2021,1,2,28.13,5.91
9.75,75.75,2021,1,2,27.97,5.91
9.75,76.25,2021,1,2,27.42,5.85
9.75,76.75,2021,1,2,23,5.85
9.75,77.25,2021,1,2,21.41,5.07
10.25,74.25,2021,1,2,28.35,5.49
10.25,74.75,2021,1,2,28.18,5.49
10.25,75.25,2021,1,2,27.98,5.67
10.25,75.75,2021,1,2,27.54,5.67
10.25,76.25,2021,1,2,26.43,5.4
10.25,76.75,2021,1,2,22.41,5.4
10.25,77.25,2021,1,2,21.12,4.17
10.75,74.25,2021,1,2,28.41,5.49
10.75,74.75,2021,1,2,28.26,5.49
10.75,75.25,2021,1,2,27.95,5.67
10.75,75.75,2021,1,2,27.04,5.67
10.75,76.25,2021,1,2,24.76,5.4
10.75,76.75,2021,1,2,22.28,5.4
10.75,77.25,2021,1,2,22.06,4.17
11.25,74.25,2021,1,2,28.42,5.26
11.25,74.75,2021,1,2,28.33,5.26
11.25,75.25,2021,1,2,27.74,5.66
11.25,75.75,2021,1,2,26.1,5.66
11.25,76.25,2021,1,2,22.71,5.57
11.25,76.75,2021,1,2,21.48,5.57
11.25,77.25,2021,1,2,22.2,4.43
11.75,74.25,2021,1,2,28.34,5.26
11.75,74.75,2021,1,2,28.12,5.26
11.75,75.25,2021,1,2,26.85,5.66
11.75,75.75,2021,1,2,24.41,5.66
11.75,76.25,2021,1,2,21.38,5.57
11.75,76.75,2021,1,2,21.01,5.57
11.75,77.25,2021,1,2,21.49,4.43
12.25,74.25,2021,1,2,28.22,5.42
12.25,74.75,2021,1,2,27.61,5.42
12.25,75.25,2021,1,2,25.57,5.45
12.25,75.75,2021,1,2,22.67,5.45
12.25,76.25,2021,1,2,20.94,5.19
12.25,76.75,2021,1,2,21.18,5.19
12.25,77.25,2021,1,2,21,4.08
12.75,74.25,2021,1,2,28.05,5.42
12.75,74.75,2021,1,2,26.94,5.42
12.75,75.25,2021,1,2,24.39,5.45
12.75,75.75,2021,1,2,21.38,5.45
12.75,76.25,2021,1,2,20.36,5.19
12.75,76.75,2021,1,2,20.77,5.19
12.75,77.25,2021,1,2,20.48,4.08
8.25,74.25,2021,1,3,28.24,5.66
8.25,74.75,2021,1,3,28.16,5.66
8.25,75.25,2021,1,3,28.09,5.53
8.25,75.75,2021,1,3,28.04,5.53
8.25,76.25,2021,1,3,28.06,5.27
8.25,76.75,2021,1,3,27.52,5.27
8.25,77.25,2021,1,3,26.61,3.71
8.75,74.25,2021,1,3,28.34,5.66
8.75,74.75,2021,1,3,28.38,5.66
8.75,75.25,2021,1,3,28.38,5.53
8.75,75.75,2021,1,3,28.31,5.53
8.75,76.25,2021,1,3,28.24,5.27
8.75,76.75,2021,1,3,26.31,5.27
8.75,77.25,2021,1,3,25.04,3.71
9.25,74.25,2021,1,3,28.52,5.7
9.25,74.75,2021,1,3,28.64,5.7
9.25,75.25,2021,1,3,28.68,5.63
9.25,75.75,2021,1,3,28.63,5.63
9.25,76.25,2021,1,3,28.53,4.6
9.25,76.75,2021,1,3,25.22,4.6
9.25,77.25,2021,1,3,23.83,2.52
9.75,74.25,2021,1,3,28.67,5.7
9.75,74.75,2021,1,3,28.73,5.7
9.75,75.25,2021,1,3,28.73,5.63
9.75,75.75,2021,1,3,28.61,5.63
9.75,76.25,2021,1,3,28.35,4.6
9.75,76.75,2021,1,3,24.07,4.6
9.75,77.25,2021,1,3,22.44,2.52
10.25,74.25,2021,1,3,28.59,5.54
10.25,74.75,2021,1,3,28.57,5.54
10.25,75.25,2021,1,3,28.47,4.99
10.25,75.75,2021,1,3,28.12,4.99
10.25,76.25,2021,1,3,27.28,4.05
10.25,76.75,2021,1,3,23.46,4.05
10.25,77.25,2021,1,3,22.18,2.01
10.75,74.25,2021,1,3,28.55,5.54
10.75,74.75,2021,1,3,28.52,5.54
10.75,75.25,2021,1,3,28.36,4.99
10.75,75.75,2021,1,3,27.63,4.99
10.75,76.25,2021,1,3,25.62,4.05
10.75,76.75,2021,1,3,23.25,4.05
10.75,77.25,2021,1,3,23.04,2.01
11.25,74.25,2021,1,3,28.69,5.4
11.25,74.75,2021,1,3,28.65,5.4
11.25,75.25,2021,1,3,28.21,5.24
11.25,75.75,2021,1,3,26.78,5.24
11.25,76.25,2021,1,3,23.55,3.4
11.25,76.75,2021,1,3,22.23,3.4
11.25,77.25,2021,1,3,23.03,2.63
11.75,74.25,2021,1,3,28.79,5.4
11.75,74.75,2021,1,3,28.6,5.4
11.75,75.25,2021,1,3,27.46,5.24
11.75,75.75,2021,1,3,25.22,5.24
11.75,76.25,2021,1,3,22.31,3.4
11.75,76.75,2021,1,3,21.77,3.4
11.75,77.25,2021,1,3,22.35,2.63
12.25,74.25,2021,1,3,28.74,5.55
12.25,74.75,2021,1,3,28.28,5.55
12.25,75.25,2021,1,3,26.44,4.99
12.25,75.75,2021,1,3,23.73,4.99
12.25,76.25,2021,1,3,22,3.82
12.25,76.75,2021,1,3,22.18,3.82
12.25,77.25,2021,1,3,22.05,3.21
12.75,74.25,2021,1,3,28.68,5.55
12.75,74.75,2021,1,3,27.89,5.55
12.75,75.25,2021,1,3,25.65,4.99
12.75,75.75,2021,1,3,22.8,4.99
12.75,76.25,2021,1,3,21.65,3.82
12.75,76.75,2021,1,3,21.98,3.82
12.75,77.25,2021,1,3,21.63,3.21
8.25,74.25,2021,1,4,27.26,4.63
8.25,74.75,2021,1,4,27.43,4.63
8.25,75.25,2021,1,4,27.58,4.46
8.25,75.75,2021,1,4,27.69,4.46
8.25,76.25,2021,1,4,27.8,4.18
8.25,76.75,2021,1,4,27.15,4.18
8.25,77.25,2021,1,4,26.16,3.22
8.75,74.25,2021,1,4,27.53,4.63
8.75,74.75,2021,1,4,27.64,4.63
8.75,75.25,2021,1,4,27.81,4.46
8.75,75.75,2021,1,4,27.91,4.46
8.75,76.25,2021,1,4,27.91,4.18
8.75,76.75,2021,1,4,25.96,4.18
8.75,77.25,2021,1,4,24.74,3.22
9.25,74.25,2021,1,4,28.04,4.97
9.25,74.75,2021,1,4,27.98,4.97
9.25,75.25,2021,1,4,28.02,5.09
9.25,75.75,2021,1,4,28.11,5.09
9.25,76.25,2021,1,4,28.14,4.42
9.25,76.75,2021,1,4,24.94,4.42
9.25,77.25,2021,1,4,23.76,2.75
9.75,74.25,2021,1,4,28.3,4.97
9.75,74.75,2021,1,4,28.18,4.97
9.75,75.25,2021,1,4,28.1,5.09
9.75,75.75,2021,1,4,28.06,5.09
9.75,76.25,2021,1,4,28.02,4.42
9.75,76.75,2021,1,4,23.96,4.42
9.75,77.25,2021,1,4,22.52,2.75
10.25,74.25,2021,1,4,28.27,4.9
10.25,74.75,2021,1,4,28.17,4.9
10.25,75.25,2021,1,4,28.01,5.09
10.25,75.75,2021,1,4,27.69,5.09
10.25,76.25,2021,1,4,27.03,4.1
10.25,76.75,2021,1,4,23.47,4.1
10.25,77.25,2021,1,4,22.25,2.68
10.75,74.25,2021,1,4,28.19,4.9
10.75,74.75,2021,1,4,28.15,4.9
10.75,75.25,2021,1,4,27.98,5.09
10.75,75.75,2021,1,4,27.3,5.09
10.75,76.25,2021,1,4,25.43,4.1
10.75,76.75,2021,1,4,23.28,4.1
10.75,77.25,2021,1,4,23.06,2.68
11.25,74.25,2021,1,4,28.11,4.22
11.25,74.75,2021,1,4,28.11,4.22
11.25,75.25,2021,1,4,27.78,4.7
11.25,75.75,2021,1,4,26.49,4.7
11.25,76.25,2021,1,4,23.46,2.7
11.25,76.75,2021,1,4,22.31,2.7
11.25,77.25,2021,1,4,23.12,1.93
11.75,74.25,2021,1,4,28.05,4.22
11.75,74.75,2021,1,4,27.96,4.22
11.75,75.25,2021,1,4,27.01,4.7
11.75,75.75,2021,1,4,24.99,4.7
11.75,76.25,2021,1,4,22.28,2.7
11.75,76.75,2021,1,4,21.87,2.7
11.75,77.25,2021,1,4,22.48,1.93
12.25,74.25,2021,1,4,28.05,3.26
12.25,74.75,2021,1,4,27.74,3.26
12.25,75.25,2021,1,4,26.13,3.7
12.25,75.75,2021,1,4,23.63,3.7
12.25,76.25,2021,1,4,22.01,1.88
12.25,76.75,2021,1,4,22.28,1.88
12.25,77.25,2021,1,4,22.13,2.08
12.75,74.25,2021,1,4,28.03,3.26
12.75,74.75,2021,1,4,27.48,3.26
12.75,75.25,2021,1,4,25.52,3.7
12.75,75.75,2021,1,4,22.86,3.7
12.75,76.25,2021,1,4,21.73,1.88
12.75,76.75,2021,1,4,22.1,1.88
12.75,77.25,2021,1,4,21.69,2.08
8.25,74.25,2021,1,5,26.66,4.92
8.25,74.75,2021,1,5,26.79,4.92
8.25,75.25,2021,1,5,27.07,5.29
8.25,75.75,2021,1,5,27.46,5.29
8.25,76.25,2021,1,5,27.89,5.07
8.25,76.75,2021,1,5,27.47,5.07
8.25,77.25,2021,1,5,26.44,4.08
8.75,74.25,2021,1,5,26.77,4.92
8.75,74.75,2021,1,5,27.15,4.92
8.75,75.25,2021,1,5,27.59,5.29
8.75,75.75,2021,1,5,27.94,5.29
8.75,76.25,2021,1,5,28.15,5.07
8.75,76.75,2021,1,5,26.28,5.07
8.75,77.25,2021,1,5,24.96,4.08
9.25,74.25,2021,1,5,27.1,5.41
9.25,74.75,2021,1,5,27.52,5.41
9.25,75.25,2021,1,5,27.91,5.59
9.25,75.75,2021,1,5,28.12,5.59
9.25,76.25,2021,1,5,28.21,5.64
9.25,76.75,2021,1,5,25.19,5.64
9.25,77.25,2021,1,5,23.95,4.67
9.75,74.25,2021,1,5,27.21,5.41
9.75,74.75,2021,1,5,27.43,5.41
9.75,75.25,2021,1,5,27.72,5.59
9.75,75.75,2021,1,5,27.84,5.59
9.75,76.25,2021,1,5,27.71,5.64
9.75,76.75,2021,1,5,23.99,5.64
9.75,77.25,2021,1,5,22.6,4.67
10.25,74.25,2021,1,5,27.12,5.05
10.25,74.75,2021,1,5,27.29,5.05
10.25,75.25,2021,1,5,27.54,5.67
10.25,75.75,2021,1,5,27.53,5.67
10.25,76.25,2021,1,5,26.84,5.13
10.25,76.75,2021,1,5,23.35,5.13
10.25,77.25,2021,1,5,22.16,3.94
10.75,74.25,2021,1,5,27.09,5.05
10.75,74.75,2021,1,5,27.35,5.05
10.75,75.25,2021,1,5,27.63,5.67
10.75,75.75,2021,1,5,27.34,5.67
10.75,76.25,2021,1,5,25.49,5.13
10.75,76.75,2021,1,5,23.19,5.13
10.75,77.25,2021,1,5,22.94,3.94
11.25,74.25,2021,1,5,27.16,4.68
11.25,74.75,2021,1,5,27.41,4.68
11.25,75.25,2021,1,5,27.49,5.4
11.25,75.75,2021,1,5,26.61,5.4
11.25,76.25,2021,1,5,23.61,4.41
11.25,76.75,2021,1,5,22.25,4.41
11.25,77.25,2021,1,5,22.97,3.89
11.75,74.25,2021,1,5,27.21,4.68
11.75,74.75,2021,1,5,27.31,4.68
11.75,75.25,2021,1,5,26.73,5.4
11.75,75.75,2021,1,5,25.07,5.4
11.75,76.25,2021,1,5,22.35,4.41
11.75,76.75,2021,1,5,21.76,4.41
11.75,77.25,2021,1,5,22.32,3.89
12.25,74.25,2021,1,5,27.21,5.2
12.25,74.75,2021,1,5,26.98,5.2
12.25,75.25,2021,1,5,25.68,5.19
12.25,75.75,2021,1,5,23.55,5.19
12.25,76.25,2021,1,5,21.96,4.94
12.25,76.75,2021,1,5,22.16,4.94
12.25,77.25,2021,1,5,22.02,3.95
12.75,74.25,2021,1,5,27.15,5.2
12.75,74.75,2021,1,5,26.49,5.2
12.75,75.25,2021,1,5,24.75,5.19
12.75,75.75,2021,1,5,22.51,5.19
12.75,76.25,2021,1,5,21.59,4.94
12.75,76.75,2021,1,5,22.02,4.94
12.75,77.25,2021,1,5,21.65,3.95
8.25,74.25,2021,1,6,26.37,2.2
8.25,74.75,2021,1,6,26.33,2.2
8.25,75.25,2021,1,6,26.47,3.43
8.25,75.75,2021,1,6,26.85,3.43
8.25,76.25,2021,1,6,27.46,4.14
8.25,76.75,2021,1,6,27.03,4.14
8.25,77.25,2021,1,6,26.19,3.93
8.75,74.25,2021,1,6,26.43,2.2
8.75,74.75,2021,1,6,26.49,2.2
8.75,75.25,2021,1,6,26.71,3.43
8.75,75.75,2021,1,6,27.1,3.43
8.75,76.25,2021,1,6,27.62,4.14
8.75,76.75,2021,1,6,26.12,4.14
8.75,77.25,2021,1,6,24.96,3.93
9.25,74.25,2021,1,6,26.71,2.42
9.25,74.75,2021,1,6,26.76,2.42
9.25,75.25,2021,1,6,26.94,3.47
9.25,75.75,2021,1,6,27.23,3.47
9.25,76.25,2021,1,6,27.6,4.81
9.25,76.75,2021,1,6,25.07,4.81
9.25,77.25,2021,1,6,23.9,4.17
9.75,74.25,2021,1,6,26.87,2.42
9.75,74.75,2021,1,6,26.89,2.42
9.75,75.25,2021,1,6,27,3.47
9.75,75.75,2021,1,6,27.13,3.47
9.75,76.25,2021,1,6,27.05,4.81
9.75,76.75,2021,1,6,23.69,4.81
9.75,77.25,2021,1,6,22.39,4.17
10.25,74.25,2021,1,6,26.8,3.1
10.25,74.75,2021,1,6,26.89,3.1
10.25,75.25,2021,1,6,27.05,4.32
10.25,75.75,2021,1,6,27,4.32
10.25,76.25,2021,1,6,26.32,4.24
10.25,76.75,2021,1,6,22.95,4.24
10.25,77.25,2021,1,6,21.95,3.6
10.75,74.25,2021,1,6,26.73,3.1
10.75,74.75,2021,1,6,26.94,3.1
10.75,75.25,2021,1,6,27.16,4.32
10.75,75.75,2021,1,6,26.82,4.32
10.75,76.25,2021,1,6,25.05,4.24
10.75,76.75,2021,1,6,22.82,4.24
10.75,77.25,2021,1,6,22.75,3.6
11.25,74.25,2021,1,6,26.68,3.07
11.25,74.75,2021,1,6,26.97,3.07
11.25,75.25,2021,1,6,27.02,4.62
11.25,75.75,2021,1,6,26.09,4.62
11.25,76.25,2021,1,6,23.14,3.76
11.25,76.75,2021,1,6,21.95,3.76
11.25,77.25,2021,1,6,22.82,3.59
11.75,74.25,2021,1,6,26.77,3.07
11.75,74.75,2021,1,6,26.9,3.07
11.75,75.25,2021,1,6,26.3,4.62
11.75,75.75,2021,1,6,24.65,4.62
11.75,76.25,2021,1,6,22.04,3.76
11.75,76.75,2021,1,6,21.57,3.76
11.75,77.25,2021,1,6,22.29,3.59
12.25,74.25,2021,1,6,26.98,4.19
12.25,74.75,2021,1,6,26.76,4.19
12.25,75.25,2021,1,6,25.44,3.85
12.25,75.75,2021,1,6,23.37,3.85
12.25,76.25,2021,1,6,21.99,3.45
12.25,76.75,2021,1,6,22.24,3.45
12.25,77.25,2021,1,6,22.26,2.77
12.75,74.25,2021,1,6,27.23,4.19
12.75,74.75,2021,1,6,26.63,4.19
12.75,75.25,2021,1,6,24.85,3.85
12.75,75.75,2021,1,6,22.64,3.85
12.75,76.25,2021,1,6,21.87,3.45
12.75,76.75,2021,1,6,22.43,3.45
12.75,77.25,2021,1,6,22.19,2.77
8.25,74.25,2021,1,7,27.14,5.14
8.25,74.75,2021,1,7,27.23,5.14
8.25,75.25,2021,1,7,27.38,4.44
8.25,75.75,2021,1,7,27.57,4.44
8.25,76.25,2021,1,7,27.78,4.29
8.25,76.75,2021,1,7,27.45,4.29
8.25,77.25,2021,1,7,26.43,3.94
8.75,74.25,2021,1,7,27.25,5.14
8.75,74.75,2021,1,7,27.36,5.14
8.75,75.25,2021,1,7,27.56,4.44
8.75,75.75,2021,1,7,27.81,4.44
8.75,76.25,2021,1,7,27.99,4.29
8.75,76.75,2021,1,7,26.52,4.29
8.75,77.25,2021,1,7,25.17,3.94
9.25,74.25,2021,1,7,27.48,5.33
9.25,74.75,2021,1,7,27.58,5.33
9.25,75.25,2021,1,7,27.74,5.29
9.25,75.75,2021,1,7,27.92,5.29
9.25,76.25,2021,1,7,28.03,5
9.25,76.75,2021,1,7,25.42,5
9.25,77.25,2021,1,7,24.12,4.09
9.75,74.25,2021,1,7,27.62,5.33
9.75,74.75,2021,1,7,27.71,5.33
9.75,75.25,2021,1,7,27.79,5.29
9.75,75.75,2021,1,7,27.81,5.29
9.75,76.25,2021,1,7,27.66,5
9.75,76.75,2021,1,7,24.23,5
9.75,77.25,2021,1,7,22.73,4.09
10.25,74.25,2021,1,7,27.58,4.9
10.25,74.75,2021,1,7,27.74,4.9
10.25,75.25,2021,1,7,27.85,5.04
10.25,75.75,2021,1,7,27.73,5.04
10.25,76.25,2021,1,7,27.11,4.73
10.25,76.75,2021,1,7,23.68,4.73
10.25,77.25,2021,1,7,22.37,3.66
10.75,74.25,2021,1,7,27.45,4.9
10.75,74.75,2021,1,7,27.68,4.9
10.75,75.25,2021,1,7,27.85,5.04
10.75,75.75,2021,1,7,27.48,5.04
10.75,76.25,2021,1,7,25.8,4.73
10.75,76.75,2021,1,7,23.35,4.73
10.75,77.25,2021,1,7,23.06,3.66
11.25,74.25,2021,1,7,27.42,5.18
11.25,74.75,2021,1,7,27.6,5.18
11.25,75.25,2021,1,7,27.54,4.77
11.25,75.75,2021,1,7,26.57,4.77
11.25,76.25,2021,1,7,23.7,3.43
11.25,76.75,2021,1,7,22.18,3.43
11.25,77.25,2021,1,7,22.91,2.9
11.75,74.25,2021,1,7,27.47,5.18
11.75,74.75,2021,1,7,27.46,5.18
11.75,75.25,2021,1,7,26.71,4.77
11.75,75.75,2021,1,7,24.99,4.77
11.75,76.25,2021,1,7,22.38,3.43
11.75,76.75,2021,1,7,21.61,3.43
11.75,77.25,2021,1,7,22.24,2.9
12.25,74.25,2021,1,7,27.51,5.43
12.25,74.75,2021,1,7,27.09,5.43
12.25,75.25,2021,1,7,25.62,4.69
12.25,75.75,2021,1,7,23.49,4.69
12.25,76.25,2021,1,7,22.03,2.96
12.25,76.75,2021,1,7,21.98,2.96
12.25,77.25,2021,1,7,22.03,2.93
12.75,74.25,2021,1,7,27.5,5.43
12.75,74.75,2021,1,7,26.62,5.43
12.75,75.25,2021,1,7,24.74,4.69
12.75,75.75,2021,1,7,22.57,4.69
12.75,76.25,2021,1,7,21.74,2.96
12.75,76.75,2021,1,7,21.97,2.96
12.75,77.25,2021,1,7,21.73,2.93
8.25,74.25,2021,1,8,27.01,1.82
8.25,74.75,2021,1,8,27.15,1.82
8.25,75.25,2021,1,8,27.29,3.16
8.25,75.75,2021,1,8,27.4,3.16
8.25,76.25,2021,1,8,27.49,5.16
8.25,76.75,2021,1,8,27.2,5.16
8.25,77.25,2021,1,8,26.46,4.11
8.75,74.25,2021,1,8,27.03,1.82
8.75,74.75,2021,1,8,27.16,1.82
8.75,75.25,2021,1,8,27.38,3.16
8.75,75.75,2021,1,8,27.56,3.16
8.75,76.25,2021,1,8,27.63,5.16
8.75,76.75,2021,1,8,26.33,5.16
8.75,77.25,2021,1,8,25.22,4.11
9.25,74.25,2021,1,8,27.27,1.78
9.25,74.75,2021,1,8,27.35,1.78
9.25,75.25,2021,1,8,27.52,4.59
9.25,75.75,2021,1,8,27.7,4.59
9.25,76.25,2021,1,8,27.77,4.18
9.25,76.75,2021,1,8,25.26,4.18
9.25,77.25,2021,1,8,24.17,3.25
9.75,74.25,2021,1,8,27.44,1.78
9.75,74.75,2021,1,8,27.43,1.78
9.75,75.25,2021,1,8,27.49,4.59
9.75,75.75,2021,1,8,27.54,4.59
9.75,76.25,2021,1,8,27.36,4.18
9.75,76.75,2021,1,8,24.1,4.18
9.75,77.25,2021,1,8,22.89,3.25
10.25,74.25,2021,1,8,27.31,1.77
10.25,74.75,2021,1,8,27.24,1.77
10.25,75.25,2021,1,8,27.18,4.06
10.25,75.75,2021,1,8,26.99,4.06
10.25,76.25,2021,1,8,26.33,3.65
10.25,76.75,2021,1,8,23.68,3.65
10.25,77.25,2021,1,8,22.77,2.61
10.75,74.25,2021,1,8,27.06,1.77
10.75,74.75,2021,1,8,26.93,1.77
10.75,75.25,2021,1,8,26.76,4.06
10.75,75.75,2021,1,8,26.25,4.06
10.75,76.25,2021,1,8,24.94,3.65
10.75,76.75,2021,1,8,23.66,3.65
10.75,77.25,2021,1,8,23.68,2.61
11.25,74.25,2021,1,8,27.01,2.56
11.25,74.75,2021,1,8,26.83,2.56
11.25,75.25,2021,1,8,26.34,3.6
11.25,75.75,2021,1,8,25.24,3.6
11.25,76.25,2021,1,8,23.25,3.01
11.25,76.75,2021,1,8,22.75,3.01
11.25,77.25,2021,1,8,23.66,2.9
11.75,74.25,2021,1,8,27.23,2.56
11.75,74.75,2021,1,8,26.97,2.56
11.75,75.25,2021,1,8,25.86,3.6
11.75,75.75,2021,1,8,23.99,3.6
11.75,76.25,2021,1,8,22.24,3.01
11.75,76.75,2021,1,8,22.27,3.01
11.75,77.25,2021,1,8,23.07,2.9
12.25,74.25,2021,1,8,27.44,1.64
12.25,74.75,2021,1,8,26.89,1.64
12.25,75.25,2021,1,8,25.11,3.05
12.25,75.75,2021,1,8,22.76,3.05
12.25,76.25,2021,1,8,21.88,3.1
12.25,76.75,2021,1,8,22.69,3.1
12.25,77.25,2021,1,8,22.9,3.25
12.75,74.25,2021,1,8,27.47,1.64
12.75,74.75,2021,1,8,26.42,1.64
12.75,75.25,2021,1,8,24.18,3.05
12.75,75.75,2021,1,8,21.79,3.05
12.75,76.25,2021,1,8,21.49,3.1
12.75,76.75,2021,1,8,22.59,3.1
12.75,77.25,2021,1,8,22.57,3.25
8.25,74.25,2021,1,9,27.47,3.72
8.25,74.75,2021,1,9,27.46,3.72
8.25,75.25,2021,1,9,27.43,3.57
8.25,75.75,2021,1,9,27.42,3.57
8.25,76.25,2021,1,9,27.5,3.42
8.25,76.75,2021,1,9,26.92,3.42
8.25,77.25,2021,1,9,25.83,2.86
8.75,74.25,2021,1,9,27.48,3.72
8.75,74.75,2021,1,9,27.48,3.72
8.75,75.25,2021,1,9,27.5,3.57
8.75,75.75,2021,1,9,27.57,3.57
8.75,76.25,2021,1,9,27.71,3.42
8.75,76.75,2021,1,9,25.93,3.42
8.75,77.25,2021,1,9,24.49,2.86
9.25,74.25,2021,1,9,27.54,4.4
9.25,74.75,2021,1,9,27.52,4.4
9.25,75.25,2021,1,9,27.59,4.34
9.25,75.75,2021,1,9,27.73,4.34
9.25,76.25,2021,1,9,27.87,3.62
9.25,76.75,2021,1,9,24.95,3.62
9.25,77.25,2021,1,9,23.55,2.52
9.75,74.25,2021,1,9,27.55,4.4
9.75,74.75,2021,1,9,27.46,4.4
9.75,75.25,2021,1,9,27.48,4.34
9.75,75.75,2021,1,9,27.57,4.34
9.75,76.25,2021,1,9,27.64,3.62
9.75,76.75,2021,1,9,24.02,3.62
9.75,77.25,2021,1,9,22.42,2.52
10.25,74.25,2021,1,9,27.43,3.96
10.25,74.75,2021,1,9,27.28,3.96
10.25,75.25,2021,1,9,27.19,4.06
10.25,75.75,2021,1,9,27.11,4.06
10.25,76.25,2021,1,9,26.88,3.35
10.25,76.75,2021,1,9,23.69,3.35
10.25,77.25,2021,1,9,22.35,2.54
10.75,74.25,2021,1,9,27.33,3.96
10.75,74.75,2021,1,9,27.18,3.96
10.75,75.25,2021,1,9,27.07,4.06
10.75,75.75,2021,1,9,26.72,4.06
10.75,76.25,2021,1,9,25.58,3.35
10.75,76.75,2021,1,9,23.67,3.35
10.75,77.25,2021,1,9,23.31,2.54
11.25,74.25,2021,1,9,27.29,4.13
11.25,74.75,2021,1,9,27.21,4.13
11.25,75.25,2021,1,9,27,3.53
11.25,75.75,2021,1,9,26.15,3.53
11.25,76.25,2021,1,9,23.9,3.25
11.25,76.75,2021,1,9,22.85,3.25
11.25,77.25,2021,1,9,23.41,2.73
11.75,74.25,2021,1,9,27.31,4.13
11.75,74.75,2021,1,9,27.14,4.13
11.75,75.25,2021,1,9,26.44,3.53
11.75,75.75,2021,1,9,25,3.53
11.75,76.25,2021,1,9,22.97,3.25
11.75,76.75,2021,1,9,22.48,3.25
11.75,77.25,2021,1,9,22.94,2.73
12.25,74.25,2021,1,9,27.43,4.41
12.25,74.75,2021,1,9,26.86,4.41
12.25,75.25,2021,1,9,25.5,3.81
12.25,75.75,2021,1,9,23.75,3.81
12.25,76.25,2021,1,9,22.83,2.88
12.25,76.75,2021,1,9,23.03,2.88
12.25,77.25,2021,1,9,22.92,2.36
12.75,74.25,2021,1,9,27.56,4.41
12.75,74.75,2021,1,9,26.58,4.41
12.75,75.25,2021,1,9,24.78,3.81
12.75,75.75,2021,1,9,22.95,3.81
12.75,76.25,2021,1,9,22.65,2.88
12.75,76.75,2021,1,9,23.12,2.88
12.75,77.25,2021,1,9,22.78,2.36
8.25,74.25,2021,1,10,27.05,4.45
8.25,74.75,2021,1,10,26.91,4.45
8.25,75.25,2021,1,10,26.77,4.54
8.25,75.75,2021,1,10,26.64,4.54
8.25,76.25,2021,1,10,26.58,3.53
8.25,76.75,2021,1,10,26.04,3.53
8.25,77.25,2021,1,10,25.16,2.48
8.75,74.25,2021,1,10,26.94,4.45
8.75,74.75,2021,1,10,26.85,4.45
8.75,75.25,2021,1,10,26.81,4.54
8.75,75.75,2021,1,10,26.81,4.54
8.75,76.25,2021,1,10,26.8,3.53
8.75,76.75,2021,1,10,25.08,3.53
8.75,77.25,2021,1,10,23.76,2.48
9.25,74.25,2021,1,10,26.96,4.49
9.25,74.75,2021,1,10,26.93,4.49
9.25,75.25,2021,1,10,26.94,4.68
9.25,75.75,2021,1,10,26.99,4.68
9.25,76.25,2021,1,10,26.94,3.72
9.25,76.75,2021,1,10,24.05,3.72
9.25,77.25,2021,1,10,22.86,2.85
9.75,74.25,2021,1,10,27.1,4.49
9.75,74.75,2021,1,10,27.11,4.49
9.75,75.25,2021,1,10,27.11,4.68
9.75,75.75,2021,1,10,27.07,4.68
9.75,76.25,2021,1,10,26.9,3.72
9.75,76.75,2021,1,10,22.99,3.72
9.75,77.25,2021,1,10,21.64,2.85
10.25,74.25,2021,1,10,27.25,5.04
10.25,74.75,2021,1,10,27.31,5.04
10.25,75.25,2021,1,10,27.29,4.92
10.25,75.75,2021,1,10,27.04,4.92
10.25,76.25,2021,1,10,26.31,3.91
10.25,76.75,2021,1,10,22.58,3.91
10.25,77.25,2021,1,10,21.42,2.65
10.75,74.25,2021,1,10,27.32,5.04
10.75,74.75,2021,1,10,27.45,5.04
10.75,75.25,2021,1,10,27.45,4.92
10.75,75.75,2021,1,10,26.87,4.92
10.75,76.25,2021,1,10,24.95,3.91
10.75,76.75,2021,1,10,22.65,3.91
10.75,77.25,2021,1,10,22.41,2.65
11.25,74.25,2021,1,10,27.33,5.06
11.25,74.75,2021,1,10,27.55,5.06
11.25,75.25,2021,1,10,27.4,4.94
11.25,75.75,2021,1,10,26.26,4.94
11.25,76.25,2021,1,10,23.28,3.88
11.25,76.75,2021,1,10,22.05,3.88
11.25,77.25,2021,1,10,22.69,3.23
11.75,74.25,2021,1,10,27.3,5.06
11.75,74.75,2021,1,10,27.45,5.06
11.75,75.25,2021,1,10,26.8,4.94
11.75,75.75,2021,1,10,25.07,4.94
11.75,76.25,2021,1,10,22.44,3.88
11.75,76.75,2021,1,10,21.95,3.88
11.75,77.25,2021,1,10,22.36,3.23
12.25,74.25,2021,1,10,27.19,5.19
12.25,74.75,2021,1,10,27.07,5.19
12.25,75.25,2021,1,10,25.88,4.83
12.25,75.75,2021,1,10,23.86,4.83
12.25,76.25,2021,1,10,22.38,3.81
12.25,76.75,2021,1,10,22.6,3.81
12.25,77.25,2021,1,10,22.33,3.96
12.75,74.25,2021,1,10,27.11,5.19
12.75,74.75,2021,1,10,26.67,5.19
12.75,75.25,2021,1,10,25.1,4.83
12.75,75.75,2021,1,10,23,4.83
12.75,76.25,2021,1,10,22.15,3.81
12.75,76.75,2021,1,10,22.57,3.81
12.75,77.25,2021,1,10,22.09,3.96
8.25,74.25,2021,1,11,26.36,3.52
8.25,74.75,2021,1,11,26.3,3.52
8.25,75.25,2021,1,11,26.45,3.42
8.25,75.75,2021,1,11,26.8,3.42
8.25,76.25,2021,1,11,27.33,3.01
8.25,76.75,2021,1,11,26.59,3.01
8.25,77.25,2021,1,11,25.28,2.53
8.75,74.25,2021,1,11,26.49,3.52
8.75,74.75,2021,1,11,26.38,3.52
8.75,75.25,2021,1,11,26.4,3.42
8.75,75.75,2021,1,11,26.63,3.42
8.75,76.25,2021,1,11,27.18,3.01
8.75,76.75,2021,1,11,25.16,3.01
8.75,77.25,2021,1,11,23.63,2.53
9.25,74.25,2021,1,11,26.72,3.36
9.25,74.75,2021,1,11,26.54,3.36
9.25,75.25,2021,1,11,26.46,3.23
9.25,75.75,2021,1,11,26.6,3.23
9.25,76.25,2021,1,11,27.15,2.88
9.25,76.75,2021,1,11,23.98,2.88
9.25,77.25,2021,1,11,22.71,2.62
9.75,74.25,2021,1,11,26.96,3.36
9.75,74.75,2021,1,11,26.87,3.36
9.75,75.25,2021,1,11,26.87,3.23
9.75,75.75,2021,1,11,26.95,3.23
9.75,76.25,2021,1,11,27,2.88
9.75,76.75,2021,1,11,22.78,2.88
9.75,77.25,2021,1,11,21.4,2.62
10.25,74.25,2021,1,11,27.06,3.6
10.25,74.75,2021,1,11,27.09,3.6
10.25,75.25,2021,1,11,27.26,3.12
10.25,75.75,2021,1,11,27.23,3.12
10.25,76.25,2021,1,11,26.32,2.83
10.25,76.75,2021,1,11,22.41,2.83
10.25,77.25,2021,1,11,21.21,2.42
10.75,74.25,2021,1,11,27.07,3.6
10.75,74.75,2021,1,11,27.16,3.6
10.75,75.25,2021,1,11,27.41,3.12
10.75,75.75,2021,1,11,27.12,3.12
10.75,76.25,2021,1,11,24.94,2.83
10.75,76.75,2021,1,11,22.59,2.83
10.75,77.25,2021,1,11,22.3,2.42
11.25,74.25,2021,1,11,27.1,3.63
11.25,74.75,2021,1,11,27.24,3.63
11.25,75.25,2021,1,11,27.31,2.71
11.25,75.75,2021,1,11,26.44,2.71
11.25,76.25,2021,1,11,23.24,2.89
11.25,76.75,2021,1,11,21.95,2.89
11.25,77.25,2021,1,11,22.54,2.49
11.75,74.25,2021,1,11,27.17,3.63
11.75,74.75,2021,1,11,27.31,3.63
11.75,75.25,2021,1,11,26.75,2.71
11.75,75.75,2021,1,11,25.11,2.71
11.75,76.25,2021,1,11,22.36,2.89
11.75,76.75,2021,1,11,21.72,2.89
11.75,77.25,2021,1,11,22.08,2.49
12.25,74.25,2021,1,11,27.36,3.96
12.25,74.75,2021,1,11,27.31,3.96
12.25,75.25,2021,1,11,26.04,3.13
12.25,75.75,2021,1,11,23.82,3.13
12.25,76.25,2021,1,11,22.23,2.85
12.25,76.75,2021,1,11,22.26,2.85
12.25,77.25,2021,1,11,21.97,2.84
12.75,74.25,2021,1,11,27.74,3.96
12.75,74.75,2021,1,11,27.33,3.96
12.75,75.25,2021,1,11,25.48,3.13
12.75,75.75,2021,1,11,22.9,3.13
12.75,76.25,2021,1,11,21.81,2.85
12.75,76.75,2021,1,11,22.06,2.85
12.75,77.25,2021,1,11,21.6,2.84
8.25,74.25,2021,1,12,26.88,1.85
8.25,74.75,2021,1,12,26.88,1.85
8.25,75.25,2021,1,12,26.92,1.66
8.25,75.75,2021,1,12,26.98,1.66
8.25,76.25,2021,1,12,26.97,1.49
8.25,76.75,2021,1,12,26.08,1.49
8.25,77.25,2021,1,12,25.08,1.78
8.75,74.25,2021,1,12,26.98,1.85
8.75,74.75,2021,1,12,26.97,1.85
8.75,75.25,2021,1,12,26.95,1.66
8.75,75.75,2021,1,12,26.88,1.66
8.75,76.25,2021,1,12,26.68,1.49
8.75,76.75,2021,1,12,24.5,1.49
8.75,77.25,2021,1,12,23.36,1.78
9.25,74.25,2021,1,12,27.13,2.78
9.25,74.75,2021,1,12,27.22,2.78
9.25,75.25,2021,1,12,27.18,2.45
9.25,75.75,2021,1,12,26.96,2.45
9.25,76.25,2021,1,12,26.55,2.61
9.25,76.75,2021,1,12,23.29,2.61
9.25,77.25,2021,1,12,22.37,2.13
9.75,74.25,2021,1,12,27.18,2.78
9.75,74.75,2021,1,12,27.37,2.78
9.75,75.25,2021,1,12,27.4,2.45
9.75,75.75,2021,1,12,27.07,2.45
9.75,76.25,2021,1,12,26.15,2.61
9.75,76.75,2021,1,12,22.15,2.61
9.75,77.25,2021,1,12,21.01,2.13
10.25,74.25,2021,1,12,26.95,2.98
10.25,74.75,2021,1,12,27.28,2.98
10.25,75.25,2021,1,12,27.43,2.69
10.25,75.75,2021,1,12,26.97,2.69
10.25,76.25,2021,1,12,25.34,2.84
10.25,76.75,2021,1,12,21.76,2.84
10.25,77.25,2021,1,12,20.72,2.02
10.75,74.25,2021,1,12,26.85,2.98
10.75,74.75,2021,1,12,27.16,2.98
10.75,75.25,2021,1,12,27.29,2.69
10.75,75.75,2021,1,12,26.58,2.69
10.75,76.25,2021,1,12,24.09,2.84
10.75,76.75,2021,1,12,21.92,2.84
10.75,77.25,2021,1,12,21.73,2.02
11.25,74.25,2021,1,12,27.27,3.48
11.25,74.75,2021,1,12,27.35,3.48
11.25,75.25,2021,1,12,27.04,2.62
11.25,75.75,2021,1,12,25.62,2.62
11.25,76.25,2021,1,12,22.34,3.08
11.25,76.75,2021,1,12,21.17,3.08
11.25,77.25,2021,1,12,21.9,2.64
11.75,74.25,2021,1,12,27.94,3.48
11.75,74.75,2021,1,12,27.67,3.48
11.75,75.25,2021,1,12,26.41,2.62
11.75,75.75,2021,1,12,24.03,2.62
11.75,76.25,2021,1,12,21.17,3.08
11.75,76.75,2021,1,12,20.68,3.08
11.75,77.25,2021,1,12,21.25,2.64
12.25,74.25,2021,1,12,28.53,4.1
12.25,74.75,2021,1,12,27.77,4.1
12.25,75.25,2021,1,12,25.55,3.02
12.25,75.75,2021,1,12,22.54,3.02
12.25,76.25,2021,1,12,20.85,3.11
12.25,76.75,2021,1,12,21.02,3.11
12.25,77.25,2021,1,12,20.92,2.58
12.75,74.25,2021,1,12,28.91,4.1
12.75,74.75,2021,1,12,27.6,4.1
12.75,75.25,2021,1,12,24.78,3.02
12.75,75.75,2021,1,12,21.59,3.02
12.75,76.25,2021,1,12,20.54,3.11
12.75,76.75,2021,1,12,20.93,3.11
12.75,77.25,2021,1,12,20.6,2.58
8.25,74.25,2021,1,13,26.82,0.43
8.25,74.75,2021,1,13,26.94,0.43
8.25,75.25,2021,1,13,27.09,0.9
8.25,75.75,2021,1,13,27.24,0.9
8.25,76.25,2021,1,13,27.33,1.17
8.25,76.75,2021,1,13,26.73,1.17
8.25,77.25,2021,1,13,25.96,1.69
8.75,74.25,2021,1,13,26.77,0.43
8.75,74.75,2021,1,13,26.9,0.43
8.75,75.25,2021,1,13,27.07,0.9
8.75,75.75,2021,1,13,27.18,0.9
8.75,76.25,2021,1,13,27.13,1.17
8.75,76.75,2021,1,13,25.41,1.17
8.75,77.25,2021,1,13,24.42,1.69
9.25,74.25,2021,1,13,26.89,1.45
9.25,74.75,2021,1,13,27.07,1.45
9.25,75.25,2021,1,13,27.25,1.99
9.25,75.75,2021,1,13,27.32,1.99
9.25,76.25,2021,1,13,27.1,2.62
9.25,76.75,2021,1,13,24.08,2.62
9.25,77.25,2021,1,13,23.06,1.75
9.75,74.25,2021,1,13,27.11,1.45
9.75,74.75,2021,1,13,27.31,1.45
9.75,75.25,2021,1,13,27.47,1.99
9.75,75.75,2021,1,13,27.4,1.99
9.75,76.25,2021,1,13,26.81,2.62
9.75,76.75,2021,1,13,22.83,2.62
9.75,77.25,2021,1,13,21.53,1.75
10.25,74.25,2021,1,13,27.36,2.27
10.25,74.75,2021,1,13,27.57,2.27
10.25,75.25,2021,1,13,27.65,2.39
10.25,75.75,2021,1,13,27.27,2.39
10.25,76.25,2021,1,13,25.95,2.64
10.25,76.75,2021,1,13,22.39,2.64
10.25,77.25,2021,1,13,21.29,1.94
10.75,74.25,2021,1,13,27.75,2.27
10.75,74.75,2021,1,13,27.88,2.27
10.75,75.25,2021,1,13,27.76,2.39
10.75,75.75,2021,1,13,26.84,2.39
10.75,76.25,2021,1,13,24.44,2.64
10.75,76.75,2021,1,13,22.26,2.64
10.75,77.25,2021,1,13,22.1,1.94
11.25,74.25,2021,1,13,28.28,2.44
11.25,74.75,2021,1,13,28.23,2.44
11.25,75.25,2021,1,13,27.59,2.93
11.25,75.75,2021,1,13,25.8,2.93
11.25,76.25,2021,1,13,22.35,3.13
11.25,76.75,2021,1,13,21.14,3.13
11.25,77.25,2021,1,13,21.99,2.88
11.75,74.25,2021,1,13,28.69,2.44
11.75,74.75,2021,1,13,28.33,2.44
11.75,75.25,2021,1,13,26.84,2.93
11.75,75.75,2021,1,13,24.15,2.93
11.75,76.25,2021,1,13,21.07,3.13
11.75,76.75,2021,1,13,20.53,3.13
11.75,77.25,2021,1,13,21.34,2.88
12.25,74.25,2021,1,13,28.98,3.91
12.25,74.75,2021,1,13,28.09,3.91
12.25,75.25,2021,1,13,25.74,3.42
12.25,75.75,2021,1,13,22.61,3.42
12.25,76.25,2021,1,13,20.85,4.75
12.25,76.75,2021,1,13,21.11,4.75
12.25,77.25,2021,1,13,21.31,4.75
12.75,74.25,2021,1,13,29.1,3.91
12.75,74.75,2021,1,13,27.57,3.91
12.75,75.25,2021,1,13,24.66,3.42
12.75,75.75,2021,1,13,21.53,3.42
12.75,76.25,2021,1,13,20.58,4.75
12.75,76.75,2021,1,13,21.22,4.75
12.75,77.25,2021,1,13,21.15,4.75
8.25,74.25,2021,1,14,27.24,4.18
8.25,74.75,2021,1,14,27.31,4.18
8.25,75.25,2021,1,14,27.34,5.15
8.25,75.75,2021,1,14,27.37,5.15
8.25,76.25,2021,1,14,27.42,5.76
8.25,76.75,2021,1,14,26.77,5.76
8.25,77.25,2021,1,14,25.76,3.41
8.75,74.25,2021,1,14,27.27,4.18
8.75,74.75,2021,1,14,27.32,4.18
8.75,75.25,2021,1,14,27.36,5.15
8.75,75.75,2021,1,14,27.35,5.15
8.75,76.25,2021,1,14,27.21,5.76
8.75,76.75,2021,1,14,25.44,5.76
8.75,77.25,2021,1,14,24.26,3.41
9.25,74.25,2021,1,14,27.48,3.91
9.25,74.75,2021,1,14,27.52,3.91
9.25,75.25,2021,1,14,27.55,4.7
9.25,75.75,2021,1,14,27.49,4.7
9.25,76.25,2021,1,14,27.23,4.59
9.25,76.75,2021,1,14,24.22,4.59
9.25,77.25,2021,1,14,23.14,2.69
9.75,74.25,2021,1,14,27.68,3.91
9.75,74.75,2021,1,14,27.73,3.91
9.75,75.25,2021,1,14,27.71,4.7
9.75,75.75,2021,1,14,27.54,4.7
9.75,76.25,2021,1,14,27.1,4.59
9.75,76.75,2021,1,14,23.17,4.59
9.75,77.25,2021,1,14,21.85,2.69
10.25,74.25,2021,1,14,27.85,4.19
10.25,74.75,2021,1,14,27.9,4.19
10.25,75.25,2021,1,14,27.78,3.41
10.25,75.75,2021,1,14,27.35,3.41
10.25,76.25,2021,1,14,26.35,3.3
10.25,76.75,2021,1,14,22.82,3.3
10.25,77.25,2021,1,14,21.66,2.22
10.75,74.25,2021,1,14,28.1,4.19
10.75,74.75,2021,1,14,28.13,4.19
10.75,75.25,2021,1,14,27.91,3.41
10.75,75.75,2021,1,14,27.04,3.41
10.75,76.25,2021,1,14,24.87,3.3
10.75,76.75,2021,1,14,22.73,3.3
10.75,77.25,2021,1,14,22.5,2.22
11.25,74.25,2021,1,14,28.39,4.48
11.25,74.75,2021,1,14,28.34,4.48
11.25,75.25,2021,1,14,27.79,4.05
11.25,75.75,2021,1,14,26.18,4.05
11.25,76.25,2021,1,14,22.86,2.78
11.25,76.75,2021,1,14,21.66,2.78
11.25,77.25,2021,1,14,22.39,2.52
11.75,74.25,2021,1,14,28.59,4.48
11.75,74.75,2021,1,14,28.3,4.48
11.75,75.25,2021,1,14,27.03,4.05
11.75,75.75,2021,1,14,24.64,4.05
11.75,76.25,2021,1,14,21.71,2.78
11.75,76.75,2021,1,14,21.15,2.78
11.75,77.25,2021,1,14,21.71,2.52
12.25,74.25,2021,1,14,28.66,5.18
12.25,74.75,2021,1,14,28.01,5.18
12.25,75.25,2021,1,14,26.01,4.77
12.25,75.75,2021,1,14,23.18,4.77
12.25,76.25,2021,1,14,21.48,4.08
12.25,76.75,2021,1,14,21.66,4.08
12.25,77.25,2021,1,14,21.54,3.6
12.75,74.25,2021,1,14,28.7,5.18
12.75,74.75,2021,1,14,27.67,5.18
12.75,75.25,2021,1,14,25.22,4.77
12.75,75.75,2021,1,14,22.25,4.77
12.75,76.25,2021,1,14,21.11,4.08
12.75,76.75,2021,1,14,21.54,4.08
12.75,77.25,2021,1,14,21.16,3.6
8.25,74.25,2021,1,15,27.86,2.88
8.25,74.75,2021,1,15,27.98,2.88
8.25,75.25,2021,1,15,28.07,4.46
8.25,75.75,2021,1,15,28.08,4.46
8.25,76.25,2021,1,15,27.93,4.73
8.25,76.75,2021,1,15,26.89,4.73
8.25,77.25,2021,1,15,25.5,3.26
8.75,74.25,2021,1,15,27.97,2.88
8.75,74.75,2021,1,15,28.08,2.88
8.75,75.25,2021,1,15,28.13,4.46
8.75,75.75,2021,1,15,28.05,4.46
8.75,76.25,2021,1,15,27.69,4.73
8.75,76.75,2021,1,15,25.38,4.73
8.75,77.25,2021,1,15,23.93,3.26
9.25,74.25,2021,1,15,27.95,4.55
9.25,74.75,2021,1,15,28,4.55
9.25,75.25,2021,1,15,28.05,4.51
9.25,75.75,2021,1,15,27.95,4.51
9.25,76.25,2021,1,15,27.44,4.43
9.25,76.75,2021,1,15,24.04,4.43
9.25,77.25,2021,1,15,22.83,2.68
9.75,74.25,2021,1,15,27.85,4.55
9.75,74.75,2021,1,15,27.86,4.55
9.75,75.25,2021,1,15,27.88,4.51
9.75,75.75,2021,1,15,27.74,4.51
9.75,76.25,2021,1,15,27.1,4.43
9.75,76.75,2021,1,15,23.05,4.43
9.75,77.25,2021,1,15,21.69,2.68
10.25,74.25,2021,1,15,27.93,4.97
10.25,74.75,2021,1,15,27.91,4.97
10.25,75.25,2021,1,15,27.79,4.49
10.25,75.75,2021,1,15,27.35,4.49
10.25,76.25,2021,1,15,26.22,4.29
10.25,76.75,2021,1,15,22.72,4.29
10.25,77.25,2021,1,15,21.58,2.21
10.75,74.25,2021,1,15,28.14,4.97
10.75,74.75,2021,1,15,28.17,4.97
10.75,75.25,2021,1,15,27.95,4.49
10.75,75.75,2021,1,15,27.03,4.49
10.75,76.25,2021,1,15,24.7,4.29
10.75,76.75,2021,1,15,22.57,4.29
10.75,77.25,2021,1,15,22.43,2.21
11.25,74.25,2021,1,15,28.3,4.68
11.25,74.75,2021,1,15,28.42,4.68
11.25,75.25,2021,1,15,27.93,4.81
11.25,75.75,2021,1,15,26.25,4.81
11.25,76.25,2021,1,15,22.76,3.66
11.25,76.75,2021,1,15,21.61,3.66
11.25,77.25,2021,1,15,22.48,2.68
11.75,74.25,2021,1,15,28.4,4.68
11.75,74.75,2021,1,15,28.41,4.68
11.75,75.25,2021,1,15,27.24,4.81
11.75,75.75,2021,1,15,24.75,4.81
11.75,76.25,2021,1,15,21.69,3.66
11.75,76.75,2021,1,15,21.28,3.66
11.75,77.25,2021,1,15,22.03,2.68
12.25,74.25,2021,1,15,28.53,4.49
12.25,74.75,2021,1,15,28.23,4.49
12.25,75.25,2021,1,15,26.35,4.26
12.25,75.75,2021,1,15,23.41,4.26
12.25,76.25,2021,1,15,21.56,4.38
12.25,76.75,2021,1,15,21.92,4.38
12.25,77.25,2021,1,15,22.06,4.58
12.75,74.25,2021,1,15,28.77,4.49
12.75,74.75,2021,1,15,28.04,4.49
12.75,75.25,2021,1,15,25.71,4.26
12.75,75.75,2021,1,15,22.68,4.26
12.75,76.25,2021,1,15,21.43,4.38
12.75,76.75,2021,1,15,21.98,4.38
12.75,77.25,2021,1,15,21.83,4.58
8.25,74.25,2021,1,16,27.74,4.43
8.25,74.75,2021,1,16,27.7,4.43
8.25,75.25,2021,1,16,27.64,5.34
8.25,75.75,2021,1,16,27.53,5.34
8.25,76.25,2021,1,16,27.4,4.56
8.25,76.75,2021,1,16,26.71,4.56
8.25,77.25,2021,1,16,25.63,4.1
8.75,74.25,2021,1,16,27.68,4.43
8.75,74.75,2021,1,16,27.66,4.43
8.75,75.25,2021,1,16,27.64,5.34
8.75,75.75,2021,1,16,27.6,5.34
8.75,76.25,2021,1,16,27.52,4.56
8.75,76.75,2021,1,16,25.7,4.56
8.75,77.25,2021,1,16,24.27,4.1
9.25,74.25,2021,1,16,27.71,4.8
9.25,74.75,2021,1,16,27.71,4.8
9.25,75.25,2021,1,16,27.75,5.16
9.25,75.75,2021,1,16,27.76,5.16
9.25,76.25,2021,1,16,27.61,4.87
9.25,76.75,2021,1,16,24.73,4.87
9.25,77.25,2021,1,16,23.45,3.12
9.75,74.25,2021,1,16,27.74,4.8
9.75,74.75,2021,1,16,27.78,4.8
9.75,75.25,2021,1,16,27.84,5.16
9.75,75.75,2021,1,16,27.79,5.16
9.75,76.25,2021,1,16,27.46,4.87
9.75,76.75,2021,1,16,23.76,4.87
9.75,77.25,2021,1,16,22.32,3.12
10.25,74.25,2021,1,16,27.74,5.23
10.25,74.75,2021,1,16,27.82,5.23
10.25,75.25,2021,1,16,27.85,5.71
10.25,75.75,2021,1,16,27.61,5.71
10.25,76.25,2021,1,16,26.85,4.85
10.25,76.75,2021,1,16,23.44,4.85
10.25,77.25,2021,1,16,22.24,3.28
10.75,74.25,2021,1,16,27.82,5.23
10.75,74.75,2021,1,16,27.92,5.23
10.75,75.25,2021,1,16,27.88,5.71
10.75,75.75,2021,1,16,27.28,5.71
10.75,76.25,2021,1,16,25.48,4.85
10.75,76.75,2021,1,16,23.25,4.85
10.75,77.25,2021,1,16,23.04,3.28
11.25,74.25,2021,1,16,27.98,4.72
11.25,74.75,2021,1,16,28.09,4.72
11.25,75.25,2021,1,16,27.81,5.19
11.25,75.75,2021,1,16,26.56,5.19
11.25,76.25,2021,1,16,23.62,4.23
11.25,76.75,2021,1,16,22.21,4.23
11.25,77.25,2021,1,16,22.94,3.82
11.75,74.25,2021,1,16,28.01,4.72
11.75,74.75,2021,1,16,28.07,4.72
11.75,75.25,2021,1,16,27.23,5.19
11.75,75.75,2021,1,16,25.26,5.19
11.75,76.25,2021,1,16,22.58,4.23
11.75,76.75,2021,1,16,21.9,4.23
11.75,77.25,2021,1,16,22.4,3.82
12.25,74.25,2021,1,16,28.02,5.25
12.25,74.75,2021,1,16,27.84,5.25
12.25,75.25,2021,1,16,26.36,5.07
12.25,75.75,2021,1,16,23.97,5.07
12.25,76.25,2021,1,16,22.44,5.1
12.25,76.75,2021,1,16,22.56,5.1
12.25,77.25,2021,1,16,22.33,4.83
12.75,74.25,2021,1,16,28.2,5.25
12.75,74.75,2021,1,16,27.61,5.25
12.75,75.25,2021,1,16,25.62,5.07
12.75,75.75,2021,1,16,23,5.07
12.75,76.25,2021,1,16,22.06,5.1
12.75,76.75,2021,1,16,22.5,5.1
12.75,77.25,2021,1,16,22.08,4.83
8.25,74.25,2021,1,17,27.39,4.96
8.25,74.75,2021,1,17,27.37,4.96
8.25,75.25,2021,1,17,27.43,5.54
8.25,75.75,2021,1,17,27.57,5.54
8.25,76.25,2021,1,17,27.69,5.34
8.25,76.75,2021,1,17,26.85,5.34
8.25,77.25,2021,1,17,25.67,4.59
8.75,74.25,2021,1,17,27.33,4.96
8.75,74.75,2021,1,17,27.37,4.96
8.75,75.25,2021,1,17,27.56,5.54
8.75,75.75,2021,1,17,27.79,5.54
8.75,76.25,2021,1,17,27.81,5.34
8.75,76.75,2021,1,17,25.71,5.34
8.75,77.25,2021,1,17,24.05,4.59
9.25,74.25,2021,1,17,27.4,5.78
9.25,74.75,2021,1,17,27.49,5.78
9.25,75.25,2021,1,17,27.68,6.01
9.25,75.75,2021,1,17,27.88,6.01
9.25,76.25,2021,1,17,28.01,6.11
9.25,76.75,2021,1,17,24.78,6.11
9.25,77.25,2021,1,17,23.04,5.6
9.75,74.25,2021,1,17,27.41,5.78
9.75,74.75,2021,1,17,27.46,5.78
9.75,75.25,2021,1,17,27.56,6.01
9.75,75.75,2021,1,17,27.67,6.01
9.75,76.25,2021,1,17,27.82,6.11
9.75,76.75,2021,1,17,23.73,6.11
9.75,77.25,2021,1,17,21.74,5.6
10.25,74.25,2021,1,17,27.47,5.52
10.25,74.75,2021,1,17,27.53,5.52
10.25,75.25,2021,1,17,27.57,5.83
10.25,75.75,2021,1,17,27.39,5.83
10.25,76.25,2021,1,17,26.76,5.57
10.25,76.75,2021,1,17,23,5.57
10.25,77.25,2021,1,17,21.36,4.92
10.75,74.25,2021,1,17,27.63,5.52
10.75,74.75,2021,1,17,27.77,5.52
10.75,75.25,2021,1,17,27.81,5.83
10.75,75.75,2021,1,17,27.24,5.83
10.75,76.25,2021,1,17,25.15,5.57
10.75,76.75,2021,1,17,22.57,5.57
10.75,77.25,2021,1,17,22.08,4.92
11.25,74.25,2021,1,17,27.75,5.16
11.25,74.75,2021,1,17,27.86,5.16
11.25,75.25,2021,1,17,27.77,5.66
11.25,75.75,2021,1,17,26.73,5.66
11.25,76.25,2021,1,17,23.54,5.08
11.25,76.75,2021,1,17,21.78,5.08
11.25,77.25,2021,1,17,22.25,4.87
11.75,74.25,2021,1,17,27.8,5.16
11.75,74.75,2021,1,17,27.81,5.16
11.75,75.25,2021,1,17,27.19,5.66
11.75,75.75,2021,1,17,25.56,5.66
11.75,76.25,2021,1,17,22.76,5.08
11.75,76.75,2021,1,17,21.81,5.08
11.75,77.25,2021,1,17,22.06,4.87
12.25,74.25,2021,1,17,27.82,5.46
12.25,74.75,2021,1,17,27.67,5.46
12.25,75.25,2021,1,17,26.44,5.39
12.25,75.75,2021,1,17,24.3,5.39
12.25,76.25,2021,1,17,22.55,5.04
12.25,76.75,2021,1,17,22.48,5.04
12.25,77.25,2021,1,17,22.08,5.21
12.75,74.25,2021,1,17,27.92,5.46
12.75,74.75,2021,1,17,27.47,5.46
12.75,75.25,2021,1,17,25.69,5.39
12.75,75.75,2021,1,17,23.16,5.39
12.75,76.25,2021,1,17,21.96,5.04
12.75,76.75,2021,1,17,22.25,5.04
12.75,77.25,2021,1,17,21.76,5.21
8.25,74.25,2021,1,18,27.82,6.06
8.25,74.75,2021,1,18,27.78,6.06
8.25,75.25,2021,1,18,27.76,6.26
8.25,75.75,2021,1,18,27.7,6.26
8.25,76.25,2021,1,18,27.47,6.48
8.25,76.75,2021,1,18,25.91,6.48
8.25,77.25,2021,1,18,24.21,6.11
8.75,74.25,2021,1,18,27.64,6.06
8.75,74.75,2021,1,18,27.7,6.06
8.75,75.25,2021,1,18,27.72,6.26
8.75,75.75,2021,1,18,27.64,6.26
8.75,76.25,2021,1,18,27.35,6.48
8.75,76.75,2021,1,18,24.26,6.48
8.75,77.25,2021,1,18,22.05,6.11
9.25,74.25,2021,1,18,27.58,5.77
9.25,74.75,2021,1,18,27.7,5.77
9.25,75.25,2021,1,18,27.81,6.06
9.25,75.75,2021,1,18,27.84,6.06
9.25,76.25,2021,1,18,27.67,6.44
9.25,76.75,2021,1,18,23.41,6.44
9.25,77.25,2021,1,18,21.25,6.12
9.75,74.25,2021,1,18,27.78,5.77
9.75,74.75,2021,1,18,27.85,5.77
9.75,75.25,2021,1,18,27.98,6.06
9.75,75.75,2021,1,18,27.95,6.06
9.75,76.25,2021,1,18,27.36,6.44
9.75,76.75,2021,1,18,22.32,6.44
9.75,77.25,2021,1,18,20.19,6.12
10.25,74.25,2021,1,18,28.03,5.73
10.25,74.75,2021,1,18,28.06,5.73
10.25,75.25,2021,1,18,28.01,5.92
10.25,75.75,2021,1,18,27.5,5.92
10.25,76.25,2021,1,18,25.87,6.08
10.25,76.75,2021,1,18,21.45,6.08
10.25,77.25,2021,1,18,19.96,6.07
10.75,74.25,2021,1,18,28.27,5.73
10.75,74.75,2021,1,18,28.29,5.73
10.75,75.25,2021,1,18,28.06,5.92
10.75,75.75,2021,1,18,27.03,5.92
10.75,76.25,2021,1,18,24.29,6.08
10.75,76.75,2021,1,18,21.34,6.08
10.75,77.25,2021,1,18,20.99,6.07
11.25,74.25,2021,1,18,28.34,5.37
11.25,74.75,2021,1,18,28.41,5.37
11.25,75.25,2021,1,18,28.03,6.01
11.25,75.75,2021,1,18,26.49,6.01
11.25,76.25,2021,1,18,22.78,6.01
11.25,76.75,2021,1,18,20.91,6.01
11.25,77.25,2021,1,18,21.44,6.05
11.75,74.25,2021,1,18,28.13,5.37
11.75,74.75,2021,1,18,28.17,5.37
11.75,75.25,2021,1,18,27.35,6.01
11.75,75.75,2021,1,18,25.25,6.01
11.75,76.25,2021,1,18,21.89,6.01
11.75,76.75,2021,1,18,20.96,6.01
11.75,77.25,2021,1,18,21.26,6.05
12.25,74.25,2021,1,18,27.99,5.38
12.25,74.75,2021,1,18,27.83,5.38
12.25,75.25,2021,1,18,26.34,5.88
12.25,75.75,2021,1,18,23.72,5.88
12.25,76.25,2021,1,18,21.56,6.04
12.25,76.75,2021,1,18,21.6,6.04
12.25,77.25,2021,1,18,21.24,6.14
12.75,74.25,2021,1,18,28.17,5.38
12.75,74.75,2021,1,18,27.64,5.38
12.75,75.25,2021,1,18,25.51,5.88
12.75,75.75,2021,1,18,22.46,5.88
12.75,76.25,2021,1,18,21.02,6.04
12.75,76.75,2021,1,18,21.41,6.04
12.75,77.25,2021,1,18,20.9,6.14
8.25,74.25,2021,1,19,27.76,6.23
8.25,74.75,2021,1,19,27.87,6.23
8.25,75.25,2021,1,19,27.8,6.06
8.25,75.75,2021,1,19,27.62,6.06
8.25,76.25,2021,1,19,27.6,6.1
8.25,76.75,2021,1,19,26.34,6.1
8.25,77.25,2021,1,19,24.7,5.6
8.75,74.25,2021,1,19,27.53,6.23
8.75,74.75,2021,1,19,27.71,6.23
8.75,75.25,2021,1,19,27.74,6.06
8.75,75.75,2021,1,19,27.6,6.06
8.75,76.25,2021,1,19,27.45,6.1
8.75,76.75,2021,1,19,24.59,6.1
8.75,77.25,2021,1,19,22.48,5.6
9.25,74.25,2021,1,19,27.59,5.99
9.25,74.75,2021,1,19,27.58,5.99
9.25,75.25,2021,1,19,27.61,5.8
9.25,75.75,2021,1,19,27.62,5.8
9.25,76.25,2021,1,19,27.57,6.15
9.25,76.75,2021,1,19,23.59,6.15
9.25,77.25,2021,1,19,21.59,5.42
9.75,74.25,2021,1,19,28.02,5.99
9.75,74.75,2021,1,19,27.77,5.99
9.75,75.25,2021,1,19,27.63,5.8
9.75,75.75,2021,1,19,27.52,5.8
9.75,76.25,2021,1,19,27.16,6.15
9.75,76.75,2021,1,19,22.32,6.15
9.75,77.25,2021,1,19,20.43,5.42
10.25,74.25,2021,1,19,28.27,5.88
10.25,74.75,2021,1,19,28,5.88
10.25,75.25,2021,1,19,27.72,5.89
10.25,75.75,2021,1,19,27.2,5.89
10.25,76.25,2021,1,19,25.89,5.86
10.25,76.75,2021,1,19,21.44,5.86
10.25,77.25,2021,1,19,20.14,5.78
10.75,74.25,2021,1,19,28.29,5.88
10.75,74.75,2021,1,19,28.1,5.88
10.75,75.25,2021,1,19,27.78,5.89
10.75,75.75,2021,1,19,26.85,5.89
10.75,76.25,2021,1,19,24.43,5.86
10.75,76.75,2021,1,19,21.44,5.86
10.75,77.25,2021,1,19,21.07,5.78
11.25,74.25,2021,1,19,28.3,5.37
11.25,74.75,2021,1,19,28.2,5.37
11.25,75.25,2021,1,19,27.72,5.81
11.25,75.75,2021,1,19,26.23,5.81
11.25,76.25,2021,1,19,22.77,5.63
11.25,76.75,2021,1,19,20.97,5.63
11.25,77.25,2021,1,19,21.46,5.67
11.75,74.25,2021,1,19,28.18,5.37
11.75,74.75,2021,1,19,28.05,5.37
11.75,75.25,2021,1,19,27.04,5.81
11.75,75.75,2021,1,19,24.87,5.81
11.75,76.25,2021,1,19,21.62,5.63
11.75,76.75,2021,1,19,20.78,5.63
11.75,77.25,2021,1,19,21.18,5.67
12.25,74.25,2021,1,19,27.9,5.54
12.25,74.75,2021,1,19,27.58,5.54
12.25,75.25,2021,1,19,25.87,5.84
12.25,75.75,2021,1,19,23.12,5.84
12.25,76.25,2021,1,19,21.03,5.91
12.25,76.75,2021,1,19,21.22,5.91
12.25,77.25,2021,1,19,21.12,5.87
12.75,74.25,2021,1,19,27.86,5.54
12.75,74.75,2021,1,19,27.19,5.54
12.75,75.25,2021,1,19,24.87,5.84
12.75,75.75,2021,1,19,21.73,5.84
12.75,76.25,2021,1,19,20.4,5.91
12.75,76.75,2021,1,19,21.03,5.91
12.75,77.25,2021,1,19,20.8,5.87
8.25,74.25,2021,1,20,27.94,5.94
8.25,74.75,2021,1,20,27.98,5.94
8.25,75.25,2021,1,20,28.02,5.82
8.25,75.75,2021,1,20,28.03,5.82
8.25,76.25,2021,1,20,27.99,5.5
8.25,76.75,2021,1,20,26.91,5.5
8.25,77.25,2021,1,20,25.26,5
8.75,74.25,2021,1,20,28,5.94
8.75,74.75,2021,1,20,28,5.94
8.75,75.25,2021,1,20,27.99,5.82
8.75,75.75,2021,1,20,27.92,5.82
8.75,76.25,2021,1,20,27.82,5.5
8.75,76.75,2021,1,20,25.48,5.5
8.75,77.25,2021,1,20,23.54,5
9.25,74.25,2021,1,20,28.13,5.66
9.25,74.75,2021,1,20,28.03,5.66
9.25,75.25,2021,1,20,27.95,5.61
9.25,75.75,2021,1,20,27.85,5.61
9.25,76.25,2021,1,20,27.73,5.46
9.25,76.75,2021,1,20,24.49,5.46
9.25,77.25,2021,1,20,22.9,4.66
9.75,74.25,2021,1,20,28.17,5.66
9.75,74.75,2021,1,20,27.99,5.66
9.75,75.25,2021,1,20,27.89,5.61
9.75,75.75,2021,1,20,27.79,5.61
9.75,76.25,2021,1,20,27.39,5.46
9.75,76.75,2021,1,20,23.32,5.46
9.75,77.25,2021,1,20,21.76,4.66
10.25,74.25,2021,1,20,28.15,5.52
10.25,74.75,2021,1,20,27.96,5.52
10.25,75.25,2021,1,20,27.85,5.71
10.25,75.75,2021,1,20,27.61,5.71
10.25,76.25,2021,1,20,26.75,5.65
10.25,76.75,2021,1,20,22.71,5.65
10.25,77.25,2021,1,20,21.47,5.24
10.75,74.25,2021,1,20,28.19,5.52
10.75,74.75,2021,1,20,28.06,5.52
10.75,75.25,2021,1,20,27.91,5.71
10.75,75.75,2021,1,20,27.33,5.71
10.75,76.25,2021,1,20,25.53,5.65
10.75,76.75,2021,1,20,22.71,5.65
10.75,77.25,2021,1,20,22.4,5.24
11.25,74.25,2021,1,20,28.19,5.42
11.25,74.75,2021,1,20,28.12,5.42
11.25,75.25,2021,1,20,27.74,5.85
11.25,75.75,2021,1,20,26.53,5.85
11.25,76.25,2021,1,20,23.65,5.84
11.25,76.75,2021,1,20,22.09,5.84
11.25,77.25,2021,1,20,22.73,5.68
11.75,74.25,2021,1,20,28.01,5.42
11.75,74.75,2021,1,20,27.88,5.42
11.75,75.25,2021,1,20,26.86,5.85
11.75,75.75,2021,1,20,24.88,5.85
11.75,76.25,2021,1,20,22.4,5.84
11.75,76.75,2021,1,20,21.91,5.84
11.75,77.25,2021,1,20,22.43,5.68
12.25,74.25,2021,1,20,27.88,5.67
12.25,74.75,2021,1,20,27.43,5.67
12.25,75.25,2021,1,20,25.64,6.06
12.25,75.75,2021,1,20,23.06,6.06
12.25,76.25,2021,1,20,21.71,5.99
12.25,76.75,2021,1,20,22.13,5.99
12.25,77.25,2021,1,20,22.18,5.72
12.75,74.25,2021,1,20,28.01,5.67
12.75,74.75,2021,1,20,27.1,5.67
12.75,75.25,2021,1,20,24.64,6.06
12.75,75.75,2021,1,20,21.63,6.06
12.75,76.25,2021,1,20,20.78,5.99
12.75,76.75,2021,1,20,21.54,5.99
12.75,77.25,2021,1,20,21.54,5.72
8.25,74.25,2021,1,21,28.06,5.37
8.25,74.75,2021,1,21,28.02,5.37
8.25,75.25,2021,1,21,27.98,5.56
8.25,75.75,2021,1,21,27.93,5.56
8.25,76.25,2021,1,21,27.83,5.51
8.25,76.75,2021,1,21,27.58,5.51
8.25,77.25,2021,1,21,26.47,4.77
8.75,74.25,2021,1,21,28.16,5.37
8.75,74.75,2021,1,21,28.11,5.37
8.75,75.25,2021,1,21,28.07,5.56
8.75,75.75,2021,1,21,28.02,5.56
8.75,76.25,2021,1,21,27.89,5.51
8.75,76.75,2021,1,21,26.65,5.51
8.75,77.25,2021,1,21,25.21,4.77
9.25,74.25,2021,1,21,28.25,5.22
9.25,74.75,2021,1,21,28.2,5.22
9.25,75.25,2021,1,21,28.16,5.38
9.25,75.75,2021,1,21,28.1,5.38
9.25,76.25,2021,1,21,27.95,5.34
9.25,76.75,2021,1,21,25.67,5.34
9.25,77.25,2021,1,21,24.47,4.46
9.75,74.25,2021,1,21,28.3,5.22
9.75,74.75,2021,1,21,28.23,5.22
9.75,75.25,2021,1,21,28.17,5.38
9.75,75.75,2021,1,21,28.07,5.38
9.75,76.25,2021,1,21,27.79,5.34
9.75,76.75,2021,1,21,24.53,5.34
9.75,77.25,2021,1,21,23.21,4.46
10.25,74.25,2021,1,21,28.32,5.58
10.25,74.75,2021,1,21,28.23,5.58
10.25,75.25,2021,1,21,28.14,5.53
10.25,75.75,2021,1,21,27.94,5.53
10.25,76.25,2021,1,21,27.35,4.99
10.25,76.75,2021,1,21,23.88,4.99
10.25,77.25,2021,1,21,22.71,3.92
10.75,74.25,2021,1,21,28.3,5.58
10.75,74.75,2021,1,21,28.23,5.58
10.75,75.25,2021,1,21,28.13,5.53
10.75,75.75,2021,1,21,27.67,5.53
10.75,76.25,2021,1,21,26.15,4.99
10.75,76.75,2021,1,21,23.69,4.99
10.75,77.25,2021,1,21,23.41,3.92
11.25,74.25,2021,1,21,28.28,5.52
11.25,74.75,2021,1,21,28.24,5.52
11.25,75.25,2021,1,21,27.9,5.91
11.25,75.75,2021,1,21,26.81,5.91
11.25,76.25,2021,1,21,24.26,5.34
11.25,76.75,2021,1,21,23.04,5.34
11.25,77.25,2021,1,21,23.73,4.98
11.75,74.25,2021,1,21,28.29,5.52
11.75,74.75,2021,1,21,28.08,5.52
11.75,75.25,2021,1,21,27.05,5.91
11.75,75.75,2021,1,21,25.17,5.91
11.75,76.25,2021,1,21,23.1,5.34
11.75,76.75,2021,1,21,22.99,5.34
11.75,77.25,2021,1,21,23.62,4.98
12.25,74.25,2021,1,21,28.27,5.58
12.25,74.75,2021,1,21,27.65,5.58
12.25,75.25,2021,1,21,25.83,5.83
12.25,75.75,2021,1,21,23.53,5.83
12.25,76.25,2021,1,21,22.84,6.02
12.25,76.75,2021,1,21,23.55,6.02
12.25,77.25,2021,1,21,23.63,5.75
12.75,74.25,2021,1,21,28.18,5.58
12.75,74.75,2021,1,21,27.11,5.58
12.75,75.25,2021,1,21,24.78,5.83
12.75,75.75,2021,1,21,22.3,5.83
12.75,76.25,2021,1,21,22.17,6.02
12.75,76.75,2021,1,21,23.08,6.02
12.75,77.25,2021,1,21,23.02,5.75
8.25,74.25,2021,1,22,28.14,5.14
8.25,74.75,2021,1,22,27.99,5.14
8.25,75.25,2021,1,22,27.84,4.99
8.25,75.75,2021,1,22,27.82,4.99
8.25,76.25,2021,1,22,28.1,5.79
8.25,76.75,2021,1,22,27.69,5.79
8.25,77.25,2021,1,22,26.54,5.38
8.75,74.25,2021,1,22,28.28,5.14
8.75,74.75,2021,1,22,28.14,5.14
8.75,75.25,2021,1,22,27.95,4.99
8.75,75.75,2021,1,22,27.86,4.99
8.75,76.25,2021,1,22,28.18,5.79
8.75,76.75,2021,1,22,26.79,5.79
8.75,77.25,2021,1,22,25.34,5.38
9.25,74.25,2021,1,22,28.41,5.56
9.25,74.75,2021,1,22,28.33,5.56
9.25,75.25,2021,1,22,28.17,5.4
9.25,75.75,2021,1,22,28.04,5.4
9.25,76.25,2021,1,22,28.19,5.81
9.25,76.75,2021,1,22,25.9,5.81
9.25,77.25,2021,1,22,24.62,5.24
9.75,74.25,2021,1,22,28.4,5.56
9.75,74.75,2021,1,22,28.38,5.56
9.75,75.25,2021,1,22,28.33,5.4
9.75,75.75,2021,1,22,28.27,5.4
9.75,76.25,2021,1,22,28.26,5.81
9.75,76.75,2021,1,22,24.78,5.81
9.75,77.25,2021,1,22,23.35,5.24
10.25,74.25,2021,1,22,28.3,5.47
10.25,74.75,2021,1,22,28.32,5.47
10.25,75.25,2021,1,22,28.36,5.37
10.25,75.75,2021,1,22,28.31,5.37
10.25,76.25,2021,1,22,27.92,4.67
10.25,76.75,2021,1,22,24.14,4.67
10.25,77.25,2021,1,22,22.96,4.39
10.75,74.25,2021,1,22,28.22,5.47
10.75,74.75,2021,1,22,28.24,5.47
10.75,75.25,2021,1,22,28.32,5.37
10.75,75.75,2021,1,22,28.05,5.37
10.75,76.25,2021,1,22,26.53,4.67
10.75,76.75,2021,1,22,23.98,4.67
10.75,77.25,2021,1,22,23.83,4.39
11.25,74.25,2021,1,22,28.19,5.36
11.25,74.75,2021,1,22,28.21,5.36
11.25,75.25,2021,1,22,28.07,5.83
11.25,75.75,2021,1,22,27.18,5.83
11.25,76.25,2021,1,22,24.54,4.96
11.25,76.75,2021,1,22,23.21,4.96
11.25,77.25,2021,1,22,24.05,4.53
11.75,74.25,2021,1,22,28.17,5.36
11.75,74.75,2021,1,22,28.11,5.36
11.75,75.25,2021,1,22,27.34,5.83
11.75,75.75,2021,1,22,25.72,5.83
11.75,76.25,2021,1,22,23.51,4.96
11.75,76.75,2021,1,22,23.04,4.96
11.75,77.25,2021,1,22,23.73,4.53
12.25,74.25,2021,1,22,28.11,5.78
12.25,74.75,2021,1,22,27.76,5.78
12.25,75.25,2021,1,22,26.3,5.78
12.25,75.75,2021,1,22,24.23,5.78
12.25,76.25,2021,1,22,23.24,5.37
12.25,76.75,2021,1,22,23.61,5.37
12.25,77.25,2021,1,22,23.71,4.94
12.75,74.25,2021,1,22,28.02,5.78
12.75,74.75,2021,1,22,27.24,5.78
12.75,75.25,2021,1,22,25.24,5.78
12.75,75.75,2021,1,22,22.88,5.78
12.75,76.25,2021,1,22,22.34,5.37
12.75,76.75,2021,1,22,23.2,5.37
12.75,77.25,2021,1,22,23.21,4.94
8.25,74.25,2021,1,23,27.44,2.5
8.25,74.75,2021,1,23,27.22,2.5
8.25,75.25,2021,1,23,27.1,3.03
8.25,75.75,2021,1,23,27.28,3.03
8.25,76.25,2021,1,23,27.85,5.21
8.25,76.75,2021,1,23,27.44,5.21
8.25,77.25,2021,1,23,26.27,5.37
8.75,74.25,2021,1,23,27.57,2.5
8.75,74.75,2021,1,23,27.26,2.5
8.75,75.25,2021,1,23,27.14,3.03
8.75,75.75,2021,1,23,27.36,3.03
8.75,76.25,2021,1,23,27.9,5.21
8.75,76.75,2021,1,23,26.46,5.21
8.75,77.25,2021,1,23,24.87,5.37
9.25,74.25,2021,1,23,27.71,2.51
9.25,74.75,2021,1,23,27.47,2.51
9.25,75.25,2021,1,23,27.4,2.77
9.25,75.75,2021,1,23,27.56,2.77
9.25,76.25,2021,1,23,27.86,4.3
9.25,76.75,2021,1,23,25.47,4.3
9.25,77.25,2021,1,23,24.12,4.71
9.75,74.25,2021,1,23,27.93,2.51
9.75,74.75,2021,1,23,27.77,2.51
9.75,75.25,2021,1,23,27.67,2.77
9.75,75.75,2021,1,23,27.66,2.77
9.75,76.25,2021,1,23,27.65,4.3
9.75,76.75,2021,1,23,24.19,4.3
9.75,77.25,2021,1,23,22.76,4.71
10.25,74.25,2021,1,23,28.12,4.34
10.25,74.75,2021,1,23,28.01,4.34
10.25,75.25,2021,1,23,27.91,4.68
10.25,75.75,2021,1,23,27.73,4.68
10.25,76.25,2021,1,23,27.25,4.86
10.25,76.75,2021,1,23,23.56,4.86
10.25,77.25,2021,1,23,22.29,4.48
10.75,74.25,2021,1,23,28.21,4.34
10.75,74.75,2021,1,23,28.18,4.34
10.75,75.25,2021,1,23,28.17,4.68
10.75,75.75,2021,1,23,27.81,4.68
10.75,76.25,2021,1,23,26.28,4.86
10.75,76.75,2021,1,23,23.54,4.86
10.75,77.25,2021,1,23,23.16,4.48
11.25,74.25,2021,1,23,28.26,5.12
11.25,74.75,2021,1,23,28.3,5.12
11.25,75.25,2021,1,23,28.16,5.2
11.25,75.75,2021,1,23,27.26,5.2
11.25,76.25,2021,1,23,24.64,4.56
11.25,76.75,2021,1,23,22.88,4.56
11.25,77.25,2021,1,23,23.42,4.63
11.75,74.25,2021,1,23,28.29,5.12
11.75,74.75,2021,1,23,28.25,5.12
11.75,75.25,2021,1,23,27.52,5.2
11.75,75.75,2021,1,23,25.89,5.2
11.75,76.25,2021,1,23,23.49,4.56
11.75,76.75,2021,1,23,22.7,4.56
11.75,77.25,2021,1,23,23.12,4.63
12.25,74.25,2021,1,23,28.26,5.13
12.25,74.75,2021,1,23,27.92,5.13
12.25,75.25,2021,1,23,26.49,4.96
12.25,75.75,2021,1,23,24.38,4.96
12.25,76.25,2021,1,23,23.06,4.88
12.25,76.75,2021,1,23,23.25,4.88
12.25,77.25,2021,1,23,23.11,5.38
12.75,74.25,2021,1,23,28.16,5.13
12.75,74.75,2021,1,23,27.47,5.13
12.75,75.25,2021,1,23,25.52,4.96
12.75,75.75,2021,1,23,23.11,4.96
12.75,76.25,2021,1,23,22.29,4.88
12.75,76.75,2021,1,23,22.93,4.88
12.75,77.25,2021,1,23,22.64,5.38
8.25,74.25,2021,1,24,27.35,5.76
8.25,74.75,2021,1,24,27.18,5.76
8.25,75.25,2021,1,24,27.19,5.88
8.25,75.75,2021,1,24,27.46,5.88
8.25,76.25,2021,1,24,27.76,5.62
8.25,76.75,2021,1,24,26.98,5.62
8.25,77.25,2021,1,24,25.63,5.45
8.75,74.25,2021,1,24,27.61,5.76
8.75,74.75,2021,1,24,27.45,5.76
8.75,75.25,2021,1,24,27.33,5.88
8.75,75.75,2021,1,24,27.39,5.88
8.75,76.25,2021,1,24,27.58,5.62
8.75,76.75,2021,1,24,25.73,5.62
8.75,77.25,2021,1,24,23.99,5.45
9.25,74.25,2021,1,24,27.83,5.41
9.25,74.75,2021,1,24,27.66,5.41
9.25,75.25,2021,1,24,27.48,5.76
9.25,75.75,2021,1,24,27.41,5.76
9.25,76.25,2021,1,24,27.48,5.87
9.25,76.75,2021,1,24,24.69,5.87
9.25,77.25,2021,1,24,23.17,5.32
9.75,74.25,2021,1,24,27.83,5.41
9.75,74.75,2021,1,24,27.63,5.41
9.75,75.25,2021,1,24,27.43,5.76
9.75,75.75,2021,1,24,27.34,5.76
9.75,76.25,2021,1,24,27.4,5.87
9.75,76.75,2021,1,24,23.44,5.87
9.75,77.25,2021,1,24,21.85,5.32
10.25,74.25,2021,1,24,27.83,5.12
10.25,74.75,2021,1,24,27.72,5.12
10.25,75.25,2021,1,24,27.61,5.43
10.25,75.75,2021,1,24,27.44,5.43
10.25,76.25,2021,1,24,27.08,5.51
10.25,76.75,2021,1,24,22.82,5.51
10.25,77.25,2021,1,24,21.46,5.25
10.75,74.25,2021,1,24,27.85,5.12
10.75,74.75,2021,1,24,27.84,5.12
10.75,75.25,2021,1,24,27.88,5.43
10.75,75.75,2021,1,24,27.53,5.43
10.75,76.25,2021,1,24,26.04,5.51
10.75,76.75,2021,1,24,22.99,5.51
10.75,77.25,2021,1,24,22.5,5.25
11.25,74.25,2021,1,24,27.94,4.86
11.25,74.75,2021,1,24,27.95,4.86
11.25,75.25,2021,1,24,27.82,5.38
11.25,75.75,2021,1,24,26.95,5.38
11.25,76.25,2021,1,24,24.33,5.66
11.25,76.75,2021,1,24,22.5,5.66
11.25,77.25,2021,1,24,22.93,5.25
11.75,74.25,2021,1,24,28.12,4.86
11.75,74.75,2021,1,24,28.09,4.86
11.75,75.25,2021,1,24,27.4,5.38
11.75,75.75,2021,1,24,25.73,5.38
11.75,76.25,2021,1,24,23.1,5.66
11.75,76.75,2021,1,24,22.19,5.66
11.75,77.25,2021,1,24,22.59,5.25
12.25,74.25,2021,1,24,28.26,5.27
12.25,74.75,2021,1,24,28.09,5.27
12.25,75.25,2021,1,24,26.69,5.51
12.25,75.75,2021,1,24,24.31,5.51
12.25,76.25,2021,1,24,22.43,5.71
12.25,76.75,2021,1,24,22.43,5.71
12.25,77.25,2021,1,24,22.37,5.85
12.75,74.25,2021,1,24,28.34,5.27
12.75,74.75,2021,1,24,27.8,5.27
12.75,75.25,2021,1,24,25.68,5.51
12.75,75.75,2021,1,24,22.71,5.51
12.75,76.25,2021,1,24,21.42,5.71
12.75,76.75,2021,1,24,22.01,5.71
12.75,77.25,2021,1,24,21.82,5.85
8.25,74.25,2021,1,25,28.16,5.75
8.25,74.75,2021,1,25,28.16,5.75
8.25,75.25,2021,1,25,28.14,5.76
8.25,75.75,2021,1,25,28.08,5.76
8.25,76.25,2021,1,25,27.85,6.31
8.25,76.75,2021,1,25,26.37,6.31
8.25,77.25,2021,1,25,24.72,5.69
8.75,74.25,2021,1,25,28.24,5.75
8.75,74.75,2021,1,25,28.19,5.75
8.75,75.25,2021,1,25,28.18,5.76
8.75,75.75,2021,1,25,28.11,5.76
8.75,76.25,2021,1,25,27.67,6.31
8.75,76.75,2021,1,25,24.75,6.31
8.75,77.25,2021,1,25,22.62,5.69
9.25,74.25,2021,1,25,28.21,5.83
9.25,74.75,2021,1,25,28.16,5.83
9.25,75.25,2021,1,25,28.14,5.91
9.25,75.75,2021,1,25,28.11,5.91
9.25,76.25,2021,1,25,27.83,6.15
9.25,76.75,2021,1,25,23.76,6.15
9.25,77.25,2021,1,25,21.8,6.04
9.75,74.25,2021,1,25,28.08,5.83
9.75,74.75,2021,1,25,28.03,5.83
9.75,75.25,2021,1,25,28.02,5.91
9.75,75.75,2021,1,25,27.99,5.91
9.75,76.25,2021,1,25,27.72,6.15
9.75,76.75,2021,1,25,22.61,6.15
9.75,77.25,2021,1,25,20.6,6.04
10.25,74.25,2021,1,25,28.04,5.48
10.25,74.75,2021,1,25,28.01,5.48
10.25,75.25,2021,1,25,27.97,5.99
10.25,75.75,2021,1,25,27.65,5.99
10.25,76.25,2021,1,25,26.61,6.09
10.25,76.75,2021,1,25,21.95,6.09
10.25,77.25,2021,1,25,20.42,6.01
10.75,74.25,2021,1,25,28.07,5.48
10.75,74.75,2021,1,25,28.09,5.48
10.75,75.25,2021,1,25,28.05,5.99
10.75,75.75,2021,1,25,27.36,5.99
10.75,76.25,2021,1,25,24.93,6.09
10.75,76.75,2021,1,25,21.88,6.09
10.75,77.25,2021,1,25,21.55,6.01
11.25,74.25,2021,1,25,28.17,5.46
11.25,74.75,2021,1,25,28.16,5.46
11.25,75.25,2021,1,25,27.93,5.92
11.25,75.75,2021,1,25,26.68,5.92
11.25,76.25,2021,1,25,23.06,6.21
11.25,76.75,2021,1,25,21.19,6.21
11.25,77.25,2021,1,25,21.96,5.86
11.75,74.25,2021,1,25,28.25,5.46
11.75,74.75,2021,1,25,28.11,5.46
11.75,75.25,2021,1,25,27.18,5.92
11.75,75.75,2021,1,25,25.09,5.92
11.75,76.25,2021,1,25,21.84,6.21
11.75,76.75,2021,1,25,20.89,6.21
11.75,77.25,2021,1,25,21.56,5.86
12.25,74.25,2021,1,25,28.24,5.46
12.25,74.75,2021,1,25,27.78,5.46
12.25,75.25,2021,1,25,25.99,6.18
12.25,75.75,2021,1,25,23.23,6.18
12.25,76.25,2021,1,25,21.16,6.25
12.25,76.75,2021,1,25,21.25,6.25
12.25,77.25,2021,1,25,21.28,6.21
12.75,74.25,2021,1,25,28.2,5.46
12.75,74.75,2021,1,25,27.21,5.46
12.75,75.25,2021,1,25,24.72,6.18
12.75,75.75,2021,1,25,21.6,6.18
12.75,76.25,2021,1,25,20.31,6.25
12.75,76.75,2021,1,25,20.9,6.25
12.75,77.25,2021,1,25,20.62,6.21
8.25,74.25,2021,1,26,28.32,6.11
8.25,74.75,2021,1,26,28.26,6.11
8.25,75.25,2021,1,26,28.2,6.29
8.25,75.75,2021,1,26,28.15,6.29
8.25,76.25,2021,1,26,28.04,6.28
8.25,76.75,2021,1,26,26.44,6.28
8.25,77.25,2021,1,26,24.75,5.81
8.75,74.25,2021,1,26,28.38,6.11
8.75,74.75,2021,1,26,28.37,6.11
8.75,75.25,2021,1,26,28.29,6.29
8.75,75.75,2021,1,26,28.11,6.29
8.75,76.25,2021,1,26,27.64,6.28
8.75,76.75,2021,1,26,24.46,6.28
8.75,77.25,2021,1,26,22.39,5.81
9.25,74.25,2021,1,26,28.24,6.09
9.25,74.75,2021,1,26,28.27,6.09
9.25,75.25,2021,1,26,28.23,6.26
9.25,75.75,2021,1,26,28.03,6.26
9.25,76.25,2021,1,26,27.44,6.32
9.25,76.75,2021,1,26,23.23,6.32
9.25,77.25,2021,1,26,21.31,6.03
9.75,74.25,2021,1,26,28.11,6.09
9.75,74.75,2021,1,26,28.14,6.09
9.75,75.25,2021,1,26,28.13,6.26
9.75,75.75,2021,1,26,27.92,6.26
9.75,76.25,2021,1,26,27.26,6.32
9.75,76.75,2021,1,26,21.99,6.32
9.75,77.25,2021,1,26,20.01,6.03
10.25,74.25,2021,1,26,28.12,5.77
10.25,74.75,2021,1,26,28.12,5.77
10.25,75.25,2021,1,26,28,6.02
10.25,75.75,2021,1,26,27.49,6.02
10.25,76.25,2021,1,26,26.18,6.25
10.25,76.75,2021,1,26,21.31,6.25
10.25,77.25,2021,1,26,19.87,6.2
10.75,74.25,2021,1,26,28.17,5.77
10.75,74.75,2021,1,26,28.19,5.77
10.75,75.25,2021,1,26,28,6.02
10.75,75.75,2021,1,26,27.06,6.02
10.75,76.25,2021,1,26,24.56,6.25
10.75,76.75,2021,1,26,21.39,6.25
10.75,77.25,2021,1,26,21.05,6.2
11.25,74.25,2021,1,26,28.23,6.04
11.25,74.75,2021,1,26,28.28,6.04
11.25,75.25,2021,1,26,27.89,6.47
11.25,75.75,2021,1,26,26.37,6.47
11.25,76.25,2021,1,26,22.87,6.54
11.25,76.75,2021,1,26,20.99,6.54
11.25,77.25,2021,1,26,21.61,6.41
11.75,74.25,2021,1,26,28.21,6.04
11.75,74.75,2021,1,26,28.09,6.04
11.75,75.25,2021,1,26,27.06,6.47
11.75,75.75,2021,1,26,24.84,6.47
11.75,76.25,2021,1,26,21.79,6.54
11.75,76.75,2021,1,26,20.89,6.54
11.75,77.25,2021,1,26,21.37,6.41
12.25,74.25,2021,1,26,28.15,6.24
12.25,74.75,2021,1,26,27.65,6.24
12.25,75.25,2021,1,26,25.84,6.02
12.25,75.75,2021,1,26,23.12,6.02
12.25,76.25,2021,1,26,21.17,6.46
12.25,76.75,2021,1,26,21.23,6.46
12.25,77.25,2021,1,26,21.1,6.45
12.75,74.25,2021,1,26,28.08,6.24
12.75,74.75,2021,1,26,27.1,6.24
12.75,75.25,2021,1,26,24.69,6.02
12.75,75.75,2021,1,26,21.7,6.02
12.75,76.25,2021,1,26,20.43,6.46
12.75,76.75,2021,1,26,20.83,6.46
12.75,77.25,2021,1,26,20.48,6.45
8.25,74.25,2021,1,27,28.28,5.8
8.25,74.75,2021,1,27,28.16,5.8
8.25,75.25,2021,1,27,28.04,6.08
8.25,75.75,2021,1,27,27.95,6.08
8.25,76.25,2021,1,27,27.78,5.99
8.25,76.75,2021,1,27,26.18,5.99
8.25,77.25,2021,1,27,24.47,5.66
8.75,74.25,2021,1,27,28.23,5.8
8.75,74.75,2021,1,27,28.12,5.8
8.75,75.25,2021,1,27,27.96,6.08
8.75,75.75,2021,1,27,27.77,6.08
8.75,76.25,2021,1,27,27.38,5.99
8.75,76.75,2021,1,27,24.07,5.99
8.75,77.25,2021,1,27,21.92,5.66
9.25,74.25,2021,1,27,28.05,5.87
9.25,74.75,2021,1,27,28.07,5.87
9.25,75.25,2021,1,27,27.93,5.91
9.25,75.75,2021,1,27,27.63,5.91
9.25,76.25,2021,1,27,27.16,5.94
9.25,76.75,2021,1,27,22.83,5.94
9.25,77.25,2021,1,27,20.8,5.86
9.75,74.25,2021,1,27,27.83,5.87
9.75,74.75,2021,1,27,27.89,5.87
9.75,75.25,2021,1,27,27.84,5.91
9.75,75.75,2021,1,27,27.5,5.91
9.75,76.25,2021,1,27,26.72,5.94
9.75,76.75,2021,1,27,21.42,5.94
9.75,77.25,2021,1,27,19.43,5.86
10.25,74.25,2021,1,27,27.75,5.77
10.25,74.75,2021,1,27,27.72,5.77
10.25,75.25,2021,1,27,27.65,5.87
10.25,75.75,2021,1,27,27.13,5.87
10.25,76.25,2021,1,27,25.53,5.78
10.25,76.75,2021,1,27,20.56,5.78
10.25,77.25,2021,1,27,19.14,5.94
10.75,74.25,2021,1,27,27.83,5.77
10.75,74.75,2021,1,27,27.82,5.77
10.75,75.25,2021,1,27,27.67,5.87
10.75,75.75,2021,1,27,26.74,5.87
10.75,76.25,2021,1,27,23.99,5.78
10.75,76.75,2021,1,27,20.67,5.78
10.75,77.25,2021,1,27,20.3,5.94
11.25,74.25,2021,1,27,27.95,5.68
11.25,74.75,2021,1,27,27.96,5.68
11.25,75.25,2021,1,27,27.56,6.05
11.25,75.75,2021,1,27,26,6.05
11.25,76.25,2021,1,27,22.28,6
11.25,76.75,2021,1,27,20.26,6
11.25,77.25,2021,1,27,20.85,6.14
11.75,74.25,2021,1,27,28.01,5.68
11.75,74.75,2021,1,27,27.93,5.68
11.75,75.25,2021,1,27,26.88,6.05
11.75,75.75,2021,1,27,24.54,6.05
11.75,76.25,2021,1,27,21.19,6
11.75,76.75,2021,1,27,20.09,6
11.75,77.25,2021,1,27,20.61,6.14
12.25,74.25,2021,1,27,28.01,5.84
12.25,74.75,2021,1,27,27.65,5.84
12.25,75.25,2021,1,27,25.79,6.14
12.25,75.75,2021,1,27,22.8,6.14
12.25,76.25,2021,1,27,20.54,6.24
12.25,76.75,2021,1,27,20.46,6.24
12.25,77.25,2021,1,27,20.41,6.23
12.75,74.25,2021,1,27,27.88,5.84
12.75,74.75,2021,1,27,27.07,5.84
12.75,75.25,2021,1,27,24.57,6.14
12.75,75.75,2021,1,27,21.24,6.14
12.75,76.25,2021,1,27,19.75,6.24
12.75,76.75,2021,1,27,20.23,6.24
12.75,77.25,2021,1,27,19.94,6.23
8.25,74.25,2021,1,28,28.06,5.97
8.25,74.75,2021,1,28,28.09,5.97
8.25,75.25,2021,1,28,28.09,6.08
8.25,75.75,2021,1,28,28.05,6.08
8.25,76.25,2021,1,28,27.98,6.11
8.25,76.75,2021,1,28,26.43,6.11
8.25,77.25,2021,1,28,24.75,5.89
8.75,74.25,2021,1,28,27.93,5.97
8.75,74.75,2021,1,28,28,5.97
8.75,75.25,2021,1,28,28.05,6.08
8.75,75.75,2021,1,28,27.98,6.08
8.75,76.25,2021,1,28,27.66,6.11
8.75,76.75,2021,1,28,24.45,6.11
8.75,77.25,2021,1,28,22.43,5.89
9.25,74.25,2021,1,28,27.95,5.98
9.25,74.75,2021,1,28,28,5.98
9.25,75.25,2021,1,28,28.05,6.02
9.25,75.75,2021,1,28,27.95,6.02
9.25,76.25,2021,1,28,27.49,6.12
9.25,76.75,2021,1,28,23.21,6.12
9.25,77.25,2021,1,28,21.38,5.84
9.75,74.25,2021,1,28,28.03,5.98
9.75,74.75,2021,1,28,28.04,5.98
9.75,75.25,2021,1,28,28.02,6.02
9.75,75.75,2021,1,28,27.8,6.02
9.75,76.25,2021,1,28,27.06,6.12
9.75,76.75,2021,1,28,21.85,6.12
9.75,77.25,2021,1,28,20,5.84
10.25,74.25,2021,1,28,27.96,5.11
10.25,74.75,2021,1,28,28.01,5.11
10.25,75.25,2021,1,28,27.91,5.77
10.25,75.75,2021,1,28,27.39,5.77
10.25,76.25,2021,1,28,25.89,6
10.25,76.75,2021,1,28,21.15,6
10.25,77.25,2021,1,28,19.81,5.85
10.75,74.25,2021,1,28,27.78,5.11
10.75,74.75,2021,1,28,27.9,5.11
10.75,75.25,2021,1,28,27.8,5.77
10.75,75.75,2021,1,28,26.92,5.77
10.75,76.25,2021,1,28,24.24,6
10.75,76.75,2021,1,28,21.22,6
10.75,77.25,2021,1,28,21.1,5.85
11.25,74.25,2021,1,28,27.61,5.69
11.25,74.75,2021,1,28,27.75,5.69
11.25,75.25,2021,1,28,27.48,6.22
11.25,75.75,2021,1,28,26.04,6.22
11.25,76.25,2021,1,28,22.31,6.23
11.25,76.75,2021,1,28,20.6,6.23
11.25,77.25,2021,1,28,21.58,5.92
11.75,74.25,2021,1,28,27.64,5.69
11.75,74.75,2021,1,28,27.62,5.69
11.75,75.25,2021,1,28,26.65,6.22
11.75,75.75,2021,1,28,24.4,6.22
11.75,76.25,2021,1,28,21.11,6.23
11.75,76.75,2021,1,28,20.37,6.23
11.75,77.25,2021,1,28,21.17,5.92
12.25,74.25,2021,1,28,27.78,5.87
12.25,74.75,2021,1,28,27.42,5.87
12.25,75.25,2021,1,28,25.58,6.24
12.25,75.75,2021,1,28,22.68,6.24
12.25,76.25,2021,1,28,20.59,6.05
12.25,76.75,2021,1,28,20.88,6.05
12.25,77.25,2021,1,28,20.99,6.08
12.75,74.25,2021,1,28,27.83,5.87
12.75,74.75,2021,1,28,27.03,5.87
12.75,75.25,2021,1,28,24.49,6.24
12.75,75.75,2021,1,28,21.21,6.24
12.75,76.25,2021,1,28,19.96,6.05
12.75,76.75,2021,1,28,20.71,6.05
12.75,77.25,2021,1,28,20.62,6.08
8.25,74.25,2021,1,29,28.21,5.57
8.25,74.75,2021,1,29,28.18,5.57
8.25,75.25,2021,1,29,28.08,5.35
8.25,75.75,2021,1,29,27.92,5.35
8.25,76.25,2021,1,29,27.74,5.02
8.25,76.75,2021,1,29,26.91,5.02
8.25,77.25,2021,1,29,25.56,3.98
8.75,74.25,2021,1,29,28.25,5.57
8.75,74.75,2021,1,29,28.31,5.57
8.75,75.25,2021,1,29,28.26,5.35
8.75,75.75,2021,1,29,28.06,5.35
8.75,76.25,2021,1,29,27.72,5.02
8.75,76.75,2021,1,29,25.53,5.02
8.75,77.25,2021,1,29,23.84,3.98
9.25,74.25,2021,1,29,28.17,5.55
9.25,74.75,2021,1,29,28.2,5.55
9.25,75.25,2021,1,29,28.22,5.6
9.25,75.75,2021,1,29,28.12,5.6
9.25,76.25,2021,1,29,27.76,5.09
9.25,76.75,2021,1,29,24.38,5.09
9.25,77.25,2021,1,29,22.89,4.19
9.75,74.25,2021,1,29,28.05,5.55
9.75,74.75,2021,1,29,28,5.55
9.75,75.25,2021,1,29,28,5.6
9.75,75.75,2021,1,29,27.91,5.6
9.75,76.25,2021,1,29,27.47,5.09
9.75,76.75,2021,1,29,23.18,5.09
9.75,77.25,2021,1,29,21.53,4.19
10.25,74.25,2021,1,29,27.95,5.28
10.25,74.75,2021,1,29,27.9,5.28
10.25,75.25,2021,1,29,27.84,5.26
10.25,75.75,2021,1,29,27.58,5.26
10.25,76.25,2021,1,29,26.77,5.05
10.25,76.75,2021,1,29,22.66,5.05
10.25,77.25,2021,1,29,21.18,4.26
10.75,74.25,2021,1,29,27.86,5.28
10.75,74.75,2021,1,29,27.86,5.28
10.75,75.25,2021,1,29,27.79,5.26
10.75,75.75,2021,1,29,27.22,5.26
10.75,76.25,2021,1,29,25.4,5.05
10.75,76.75,2021,1,29,22.58,5.05
10.75,77.25,2021,1,29,22.19,4.26
11.25,74.25,2021,1,29,27.83,5.49
11.25,74.75,2021,1,29,27.87,5.49
11.25,75.25,2021,1,29,27.59,5.97
11.25,75.75,2021,1,29,26.4,5.97
11.25,76.25,2021,1,29,23.42,5.6
11.25,76.75,2021,1,29,21.85,5.6
11.25,77.25,2021,1,29,22.51,5.11
11.75,74.25,2021,1,29,27.95,5.49
11.75,74.75,2021,1,29,27.88,5.49
11.75,75.25,2021,1,29,26.94,5.97
11.75,75.75,2021,1,29,24.93,5.97
11.75,76.25,2021,1,29,22.21,5.6
11.75,76.75,2021,1,29,21.65,5.6
11.75,77.25,2021,1,29,22.08,5.11
12.25,74.25,2021,1,29,28.07,5.51
12.25,74.75,2021,1,29,27.73,5.51
12.25,75.25,2021,1,29,25.98,5.97
12.25,75.75,2021,1,29,23.32,5.97
12.25,76.25,2021,1,29,21.76,5.88
12.25,76.75,2021,1,29,22.16,5.88
12.25,77.25,2021,1,29,21.98,5.63
12.75,74.25,2021,1,29,28.04,5.51
12.75,74.75,2021,1,29,27.19,5.51
12.75,75.25,2021,1,29,24.79,5.97
12.75,75.75,2021,1,29,21.85,5.97
12.75,76.25,2021,1,29,21.11,5.88
12.75,76.75,2021,1,29,21.95,5.88
12.75,77.25,2021,1,29,21.71,5.63
8.25,74.25,2021,1,30,28.38,5.53
8.25,74.75,2021,1,30,28.42,5.53
8.25,75.25,2021,1,30,28.3,5.8
8.25,75.75,2021,1,30,28.06,5.8
8.25,76.25,2021,1,30,27.91,5.81
8.25,76.75,2021,1,30,27.55,5.81
8.25,77.25,2021,1,30,26.35,5.01
8.75,74.25,2021,1,30,28.41,5.53
8.75,74.75,2021,1,30,28.5,5.53
8.75,75.25,2021,1,30,28.4,5.8
8.75,75.75,2021,1,30,28.17,5.8
8.75,76.25,2021,1,30,28.01,5.81
8.75,76.75,2021,1,30,26.53,5.81
8.75,77.25,2021,1,30,24.94,5.01
9.25,74.25,2021,1,30,28.29,5.48
9.25,74.75,2021,1,30,28.39,5.48
9.25,75.25,2021,1,30,28.4,5.62
9.25,75.75,2021,1,30,28.3,5.62
9.25,76.25,2021,1,30,28.17,5.57
9.25,76.75,2021,1,30,25.64,5.57
9.25,77.25,2021,1,30,24.06,4.87
9.75,74.25,2021,1,30,28.13,5.48
9.75,74.75,2021,1,30,28.23,5.48
9.75,75.25,2021,1,30,28.32,5.62
9.75,75.75,2021,1,30,28.33,5.62
9.75,76.25,2021,1,30,28.18,5.57
9.75,76.75,2021,1,30,24.43,5.57
9.75,77.25,2021,1,30,22.59,4.87
10.25,74.25,2021,1,30,28.03,4.97
10.25,74.75,2021,1,30,28.06,4.97
10.25,75.25,2021,1,30,28.17,5.43
10.25,75.75,2021,1,30,28.19,5.43
10.25,76.25,2021,1,30,27.82,5.39
10.25,76.75,2021,1,30,23.68,5.39
10.25,77.25,2021,1,30,22.06,5.01
10.75,74.25,2021,1,30,28.11,4.97
10.75,74.75,2021,1,30,28.03,4.97
10.75,75.25,2021,1,30,28.13,5.43
10.75,75.75,2021,1,30,27.95,5.43
10.75,76.25,2021,1,30,26.53,5.39
10.75,76.75,2021,1,30,23.53,5.39
10.75,77.25,2021,1,30,23.05,5.01
11.25,74.25,2021,1,30,28.28,4.78
11.25,74.75,2021,1,30,28.19,4.78
11.25,75.25,2021,1,30,28.03,5.42
11.25,75.75,2021,1,30,27.24,5.42
11.25,76.25,2021,1,30,24.67,4.6
11.25,76.75,2021,1,30,22.87,4.6
11.25,77.25,2021,1,30,23.44,5.32
11.75,74.25,2021,1,30,28.38,4.78
11.75,74.75,2021,1,30,28.27,4.78
11.75,75.25,2021,1,30,27.49,5.42
11.75,75.75,2021,1,30,25.87,5.42
11.75,76.25,2021,1,30,23.57,4.6
11.75,76.75,2021,1,30,22.79,4.6
11.75,77.25,2021,1,30,23.06,5.32
12.25,74.25,2021,1,30,28.37,5.53
12.25,74.75,2021,1,30,28.1,5.53
12.25,75.25,2021,1,30,26.65,5.32
12.25,75.75,2021,1,30,24.43,5.32
12.25,76.25,2021,1,30,23.18,5.14
12.25,76.75,2021,1,30,23.35,5.14
12.25,77.25,2021,1,30,22.93,5.45
12.75,74.25,2021,1,30,28.26,5.53
12.75,74.75,2021,1,30,27.58,5.53
12.75,75.25,2021,1,30,25.59,5.32
12.75,75.75,2021,1,30,23.12,5.32
12.75,76.25,2021,1,30,22.57,5.14
12.75,76.75,2021,1,30,23.08,5.14
12.75,77.25,2021,1,30,22.56,5.45
8.25,74.25,2021,1,31,28.19,5.82
8.25,74.75,2021,1,31,28.31,5.82
8.25,75.25,2021,1,31,28.4,5.92
8.25,75.75,2021,1,31,28.4,5.92
8.25,76.25,2021,1,31,28.35,6.28
8.25,76.75,2021,1,31,27.34,6.28
8.25,77.25,2021,1,31,25.95,5.72
8.75,74.25,2021,1,31,28.17,5.82
8.75,74.75,2021,1,31,28.25,5.82
8.75,75.25,2021,1,31,28.39,5.92
8.75,75.75,2021,1,31,28.49,5.92
8.75,76.25,2021,1,31,28.51,6.28
8.75,76.75,2021,1,31,26.19,6.28
8.75,77.25,2021,1,31,24.39,5.72
9.25,74.25,2021,1,31,28.26,5.56
9.25,74.75,2021,1,31,28.28,5.56
9.25,75.25,2021,1,31,28.37,5.74
9.25,75.75,2021,1,31,28.53,5.74
9.25,76.25,2021,1,31,28.79,6.29
9.25,76.75,2021,1,31,25.16,6.29
9.25,77.25,2021,1,31,23.4,6.14
9.75,74.25,2021,1,31,28.44,5.56
9.75,74.75,2021,1,31,28.43,5.56
9.75,75.25,2021,1,31,28.46,5.74
9.75,75.75,2021,1,31,28.55,5.74
9.75,76.25,2021,1,31,28.71,6.29
9.75,76.75,2021,1,31,23.81,6.29
9.75,77.25,2021,1,31,21.88,6.14
10.25,74.25,2021,1,31,28.53,5.32
10.25,74.75,2021,1,31,28.5,5.32
10.25,75.25,2021,1,31,28.5,5.77
10.25,75.75,2021,1,31,28.36,5.77
10.25,76.25,2021,1,31,27.81,5.94
10.25,76.75,2021,1,31,23.03,5.94
10.25,77.25,2021,1,31,21.45,6.16
10.75,74.25,2021,1,31,28.56,5.32
10.75,74.75,2021,1,31,28.53,5.32
10.75,75.25,2021,1,31,28.49,5.77
10.75,75.75,2021,1,31,27.98,5.77
10.75,76.25,2021,1,31,26.08,5.94
10.75,76.75,2021,1,31,22.87,5.94
10.75,77.25,2021,1,31,22.58,6.16
11.25,74.25,2021,1,31,28.6,5.28
11.25,74.75,2021,1,31,28.6,5.28
11.25,75.25,2021,1,31,28.37,5.67
11.25,75.75,2021,1,31,27.21,5.67
11.25,76.25,2021,1,31,24,5.65
11.25,76.75,2021,1,31,22.09,5.65
11.25,77.25,2021,1,31,23.02,6.05
11.75,74.25,2021,1,31,28.64,5.28
11.75,74.75,2021,1,31,28.62,5.28
11.75,75.25,2021,1,31,27.84,5.67
11.75,75.75,2021,1,31,25.94,5.67
11.75,76.25,2021,1,31,22.96,5.65
11.75,76.75,2021,1,31,22.01,5.65
11.75,77.25,2021,1,31,22.65,6.05
12.25,74.25,2021,1,31,28.64,5.34
12.25,74.75,2021,1,31,28.48,5.34
12.25,75.25,2021,1,31,27.02,5.51
12.25,75.75,2021,1,31,24.55,5.51
12.25,76.25,2021,1,31,22.67,6
12.25,76.75,2021,1,31,22.76,6
12.25,77.25,2021,1,31,22.6,6.04
12.75,74.25,2021,1,31,28.53,5.34
12.75,74.75,2021,1,31,28.06,5.34
12.75,75.25,2021,1,31,26.01,5.51
12.75,75.75,2021,1,31,23.18,5.51
12.75,76.25,2021,1,31,22.04,6
12.75,76.75,2021,1,31,22.63,6
12.75,77.25,2021,1,31,22.32,6.04
8.25,74.25,2021,2,1,28.12,4.88
8.25,74.75,2021,2,1,28.37,4.88
8.25,75.25,2021,2,1,28.44,5.51
8.25,75.75,2021,2,1,28.31,5.51
8.25,76.25,2021,2,1,28.07,5.8
8.25,76.75,2021,2,1,27.03,5.8
8.25,77.25,2021,2,1,25.7,5.3
8.75,74.25,2021,2,1,28,4.88
8.75,74.75,2021,2,1,28.27,4.88
8.75,75.25,2021,2,1,28.49,5.51
8.75,75.75,2021,2,1,28.48,5.51
8.75,76.25,2021,2,1,28.09,5.8
8.75,76.75,2021,2,1,25.66,5.8
8.75,77.25,2021,2,1,23.98,5.3
9.25,74.25,2021,2,1,28.1,5.86
9.25,74.75,2021,2,1,28.17,5.86
9.25,75.25,2021,2,1,28.37,5.94
9.25,75.75,2021,2,1,28.51,5.94
9.25,76.25,2021,2,1,28.26,6.31
9.25,76.75,2021,2,1,24.51,6.31
9.25,77.25,2021,2,1,22.82,6.18
9.75,74.25,2021,2,1,28.3,5.86
9.75,74.75,2021,2,1,28.26,5.86
9.75,75.25,2021,2,1,28.33,5.94
9.75,75.75,2021,2,1,28.38,5.94
9.75,76.25,2021,2,1,28.1,6.31
9.75,76.75,2021,2,1,23.21,6.31
9.75,77.25,2021,2,1,21.29,6.18
10.25,74.25,2021,2,1,28.36,5.75
10.25,74.75,2021,2,1,28.36,5.75
10.25,75.25,2021,2,1,28.35,5.97
10.25,75.75,2021,2,1,28.12,5.97
10.25,76.25,2021,2,1,27.19,6.26
10.25,76.75,2021,2,1,22.54,6.26
10.25,77.25,2021,2,1,20.95,6.22
10.75,74.25,2021,2,1,28.41,5.75
10.75,74.75,2021,2,1,28.44,5.75
10.75,75.25,2021,2,1,28.37,5.97
10.75,75.75,2021,2,1,27.71,5.97
10.75,76.25,2021,2,1,25.59,6.26
10.75,76.75,2021,2,1,22.47,6.26
10.75,77.25,2021,2,1,22.11,6.22
11.25,74.25,2021,2,1,28.52,5.18
11.25,74.75,2021,2,1,28.55,5.18
11.25,75.25,2021,2,1,28.24,5.98
11.25,75.75,2021,2,1,26.91,5.98
11.25,76.25,2021,2,1,23.61,6.25
11.25,76.75,2021,2,1,21.7,6.25
11.25,77.25,2021,2,1,22.46,6.35
11.75,74.25,2021,2,1,28.59,5.18
11.75,74.75,2021,2,1,28.57,5.18
11.75,75.25,2021,2,1,27.66,5.98
11.75,75.75,2021,2,1,25.55,5.98
11.75,76.25,2021,2,1,22.42,6.25
11.75,76.75,2021,2,1,21.44,6.25
11.75,77.25,2021,2,1,21.95,6.35
12.25,74.25,2021,2,1,28.64,5.64
12.25,74.75,2021,2,1,28.42,5.64
12.25,75.25,2021,2,1,26.74,6.07
12.25,75.75,2021,2,1,23.93,6.07
12.25,76.25,2021,2,1,21.77,6.31
12.25,76.75,2021,2,1,21.83,6.31
12.25,77.25,2021,2,1,21.67,6.38
12.75,74.25,2021,2,1,28.68,5.64
12.75,74.75,2021,2,1,27.9,5.64
12.75,75.25,2021,2,1,25.39,6.07
12.75,75.75,2021,2,1,22.1,6.07
12.75,76.25,2021,2,1,20.74,6.31
12.75,76.75,2021,2,1,21.36,6.31
12.75,77.25,2021,2,1,21.12,6.38
8.25,74.25,2021,2,2,28.09,5.93
8.25,74.75,2021,2,2,28.19,5.93
8.25,75.25,2021,2,2,28.17,6.18
8.25,75.75,2021,2,2,28.06,6.18
8.25,76.25,2021,2,2,28.01,6.19
8.25,76.75,2021,2,2,27.03,6.19
8.25,77.25,2021,2,2,25.66,4.73
8.75,74.25,2021,2,2,27.93,5.93
8.75,74.75,2021,2,2,28.1,5.93
8.75,75.25,2021,2,2,28.23,6.18
8.75,75.75,2021,2,2,28.2,6.18
8.75,76.25,2021,2,2,28.01,6.19
8.75,76.75,2021,2,2,25.75,6.19
8.75,77.25,2021,2,2,23.95,4.73
9.25,74.25,2021,2,2,28.03,5.84
9.25,74.75,2021,2,2,28.09,5.84
9.25,75.25,2021,2,2,28.25,6.08
9.25,75.75,2021,2,2,28.34,6.08
9.25,76.25,2021,2,2,28.15,6.56
9.25,76.75,2021,2,2,24.59,6.56
9.25,77.25,2021,2,2,22.81,5.76
9.75,74.25,2021,2,2,28.2,5.84
9.75,74.75,2021,2,2,28.18,5.84
9.75,75.25,2021,2,2,28.23,6.08
9.75,75.75,2021,2,2,28.25,6.08
9.75,76.25,2021,2,2,28.09,6.56
9.75,76.75,2021,2,2,23.28,6.56
9.75,77.25,2021,2,2,21.32,5.76
10.25,74.25,2021,2,2,28.24,5.82
10.25,74.75,2021,2,2,28.22,5.82
10.25,75.25,2021,2,2,28.2,6.18
10.25,75.75,2021,2,2,27.99,6.18
10.25,76.25,2021,2,2,27.31,6.21
10.25,76.75,2021,2,2,22.62,6.21
10.25,77.25,2021,2,2,21.01,6.18
10.75,74.25,2021,2,2,28.26,5.82
10.75,74.75,2021,2,2,28.29,5.82
10.75,75.25,2021,2,2,28.25,6.18
10.75,75.75,2021,2,2,27.66,6.18
10.75,76.25,2021,2,2,25.67,6.21
10.75,76.75,2021,2,2,22.54,6.21
10.75,77.25,2021,2,2,22.17,6.18
11.25,74.25,2021,2,2,28.37,5.52
11.25,74.75,2021,2,2,28.41,5.52
11.25,75.25,2021,2,2,28.15,6.35
11.25,75.75,2021,2,2,26.9,6.35
11.25,76.25,2021,2,2,23.64,6.3
11.25,76.75,2021,2,2,21.8,6.3
11.25,77.25,2021,2,2,22.55,6.25
11.75,74.25,2021,2,2,28.48,5.52
11.75,74.75,2021,2,2,28.4,5.52
11.75,75.25,2021,2,2,27.49,6.35
11.75,75.75,2021,2,2,25.46,6.35
11.75,76.25,2021,2,2,22.43,6.3
11.75,76.75,2021,2,2,21.55,6.3
11.75,77.25,2021,2,2,22.1,6.25
12.25,74.25,2021,2,2,28.51,6.22
12.25,74.75,2021,2,2,28.09,6.22
12.25,75.25,2021,2,2,26.35,6.32
12.25,75.75,2021,2,2,23.66,6.32
12.25,76.25,2021,2,2,21.73,6.23
12.25,76.75,2021,2,2,21.97,6.23
12.25,77.25,2021,2,2,21.95,6.22
12.75,74.25,2021,2,2,28.41,6.22
12.75,74.75,2021,2,2,27.4,6.22
12.75,75.25,2021,2,2,24.86,6.32
12.75,75.75,2021,2,2,21.78,6.32
12.75,76.25,2021,2,2,20.71,6.23
12.75,76.75,2021,2,2,21.53,6.23
12.75,77.25,2021,2,2,21.49,6.22
8.25,74.25,2021,2,3,28.36,5.78
8.25,74.75,2021,2,3,28.5,5.78
8.25,75.25,2021,2,3,28.54,5.88
8.25,75.75,2021,2,3,28.44,5.88
8.25,76.25,2021,2,3,28.19,5.83
8.25,76.75,2021,2,3,27.05,5.83
8.25,77.25,2021,2,3,25.59,5.26
8.75,74.25,2021,2,3,28.32,5.78
8.75,74.75,2021,2,3,28.5,5.78
8.75,75.25,2021,2,3,28.62,5.88
8.75,75.75,2021,2,3,28.56,5.88
8.75,76.25,2021,2,3,28.15,5.83
8.75,76.75,2021,2,3,25.67,5.83
8.75,77.25,2021,2,3,23.84,5.26
9.25,74.25,2021,2,3,28.41,5.96
9.25,74.75,2021,2,3,28.56,5.96
9.25,75.25,2021,2,3,28.72,5.94
9.25,75.75,2021,2,3,28.72,5.94
9.25,76.25,2021,2,3,28.33,5.86
9.25,76.75,2021,2,3,24.55,5.86
9.25,77.25,2021,2,3,22.81,5.19
9.75,74.25,2021,2,3,28.59,5.96
9.75,74.75,2021,2,3,28.67,5.96
9.75,75.25,2021,2,3,28.73,5.94
9.75,75.75,2021,2,3,28.68,5.94
9.75,76.25,2021,2,3,28.35,5.86
9.75,76.75,2021,2,3,23.38,5.86
9.75,77.25,2021,2,3,21.42,5.19
10.25,74.25,2021,2,3,28.58,5.77
10.25,74.75,2021,2,3,28.6,5.77
10.25,75.25,2021,2,3,28.56,5.87
10.25,75.75,2021,2,3,28.31,5.87
10.25,76.25,2021,2,3,27.58,5.54
10.25,76.75,2021,2,3,22.86,5.54
10.25,77.25,2021,2,3,21.2,4.92
10.75,74.25,2021,2,3,28.44,5.77
10.75,74.75,2021,2,3,28.47,5.77
10.75,75.25,2021,2,3,28.43,5.87
10.75,75.75,2021,2,3,27.86,5.87
10.75,76.25,2021,2,3,25.99,5.54
10.75,76.75,2021,2,3,22.92,5.54
10.75,77.25,2021,2,3,22.36,4.92
11.25,74.25,2021,2,3,28.43,5.71
11.25,74.75,2021,2,3,28.48,5.71
11.25,75.25,2021,2,3,28.26,5.77
11.25,75.75,2021,2,3,27.12,5.77
11.25,76.25,2021,2,3,24.06,5.54
11.25,76.75,2021,2,3,22.23,5.54
11.25,77.25,2021,2,3,22.76,4.88
11.75,74.25,2021,2,3,28.5,5.71
11.75,74.75,2021,2,3,28.46,5.71
11.75,75.25,2021,2,3,27.66,5.77
11.75,75.75,2021,2,3,25.78,5.77
11.75,76.25,2021,2,3,22.93,5.54
11.75,76.75,2021,2,3,22.05,5.54
11.75,77.25,2021,2,3,22.43,4.88
12.25,74.25,2021,2,3,28.48,5.75
12.25,74.75,2021,2,3,28.19,5.75
12.25,75.25,2021,2,3,26.66,5.75
12.25,75.75,2021,2,3,24.23,5.75
12.25,76.25,2021,2,3,22.46,5.63
12.25,76.75,2021,2,3,22.67,5.63
12.25,77.25,2021,2,3,22.43,5.46
12.75,74.25,2021,2,3,28.29,5.75
12.75,74.75,2021,2,3,27.56,5.75
12.75,75.25,2021,2,3,25.49,5.75
12.75,75.75,2021,2,3,22.83,5.75
12.75,76.25,2021,2,3,21.81,5.63
12.75,76.75,2021,2,3,22.44,5.63
12.75,77.25,2021,2,3,22.13,5.46
8.25,74.25,2021,2,4,28.35,5.99
8.25,74.75,2021,2,4,28.28,5.99
8.25,75.25,2021,2,4,28.18,5.99
8.25,75.75,2021,2,4,28.06,5.99
8.25,76.25,2021,2,4,27.9,5.96
8.25,76.75,2021,2,4,26.66,5.96
8.25,77.25,2021,2,4,25,5.79
8.75,74.25,2021,2,4,28.38,5.99
8.75,74.75,2021,2,4,28.33,5.99
8.75,75.25,2021,2,4,28.27,5.99
8.75,75.75,2021,2,4,28.17,5.99
8.75,76.25,2021,2,4,27.9,5.96
8.75,76.75,2021,2,4,25.23,5.96
8.75,77.25,2021,2,4,23.08,5.79
9.25,74.25,2021,2,4,28.31,5.8
9.25,74.75,2021,2,4,28.35,5.8
9.25,75.25,2021,2,4,28.4,5.8
9.25,75.75,2021,2,4,28.42,5.8
9.25,76.25,2021,2,4,28.14,6.2
9.25,76.75,2021,2,4,24.29,6.2
9.25,77.25,2021,2,4,22.26,6.05
9.75,74.25,2021,2,4,28.18,5.8
9.75,74.75,2021,2,4,28.32,5.8
9.75,75.25,2021,2,4,28.47,5.8
9.75,75.75,2021,2,4,28.53,5.8
9.75,76.25,2021,2,4,28.32,6.2
9.75,76.75,2021,2,4,23.31,6.2
9.75,77.25,2021,2,4,21.12,6.05
10.25,74.25,2021,2,4,28.19,5.73
10.25,74.75,2021,2,4,28.29,5.73
10.25,75.25,2021,2,4,28.38,6.12
10.25,75.75,2021,2,4,28.26,6.12
10.25,76.25,2021,2,4,27.65,5.83
10.25,76.75,2021,2,4,22.84,5.83
10.25,77.25,2021,2,4,21.03,5.92
10.75,74.25,2021,2,4,28.32,5.73
10.75,74.75,2021,2,4,28.41,5.73
10.75,75.25,2021,2,4,28.44,6.12
10.75,75.75,2021,2,4,27.95,6.12
10.75,76.25,2021,2,4,26.11,5.83
10.75,76.75,2021,2,4,22.9,5.83
10.75,77.25,2021,2,4,22.4,5.92
11.25,74.25,2021,2,4,28.48,5.63
11.25,74.75,2021,2,4,28.54,5.63
11.25,75.25,2021,2,4,28.4,6.09
11.25,75.75,2021,2,4,27.37,6.09
11.25,76.25,2021,2,4,24.38,6.07
11.25,76.75,2021,2,4,22.32,6.07
11.25,77.25,2021,2,4,23.02,6.22
11.75,74.25,2021,2,4,28.54,5.63
11.75,74.75,2021,2,4,28.54,5.63
11.75,75.25,2021,2,4,27.86,6.09
11.75,75.75,2021,2,4,26.18,6.09
11.75,76.25,2021,2,4,23.46,6.07
11.75,76.75,2021,2,4,22.31,6.07
11.75,77.25,2021,2,4,22.74,6.22
12.25,74.25,2021,2,4,28.42,5.67
12.25,74.75,2021,2,4,28.32,5.67
12.25,75.25,2021,2,4,27.02,5.93
12.25,75.75,2021,2,4,24.76,5.93
12.25,76.25,2021,2,4,23.01,6.2
12.25,76.75,2021,2,4,22.98,6.2
12.25,77.25,2021,2,4,22.56,6.22
12.75,74.25,2021,2,4,28.17,5.67
12.75,74.75,2021,2,4,27.88,5.67
12.75,75.25,2021,2,4,26.09,5.93
12.75,75.75,2021,2,4,23.43,5.93
12.75,76.25,2021,2,4,22.23,6.2
12.75,76.75,2021,2,4,22.59,6.2
12.75,77.25,2021,2,4,21.99,6.22
8.25,74.25,2021,2,5,27.94,5.8
8.25,74.75,2021,2,5,28.11,5.8
8.25,75.25,2021,2,5,28.08,6.12
8.25,75.75,2021,2,5,27.87,6.12
8.25,76.25,2021,2,5,27.72,6.23
8.25,76.75,2021,2,5,26.71,6.23
8.25,77.25,2021,2,5,25.01,6.24
8.75,74.25,2021,2,5,27.79,5.8
8.75,74.75,2021,2,5,27.99,5.8
8.75,75.25,2021,2,5,28.09,6.12
8.75,75.75,2021,2,5,27.95,6.12
8.75,76.25,2021,2,5,27.61,6.23
8.75,76.75,2021,2,5,25.26,6.23
8.75,77.25,2021,2,5,23.07,6.24
9.25,74.25,2021,2,5,27.79,5.89
9.25,74.75,2021,2,5,27.87,5.89
9.25,75.25,2021,2,5,28.02,5.88
9.25,75.75,2021,2,5,28.06,5.88
9.25,76.25,2021,2,5,27.85,6.17
9.25,76.75,2021,2,5,24.24,6.17
9.25,77.25,2021,2,5,22.18,6.18
9.75,74.25,2021,2,5,27.93,5.89
9.75,74.75,2021,2,5,27.88,5.89
9.75,75.25,2021,2,5,27.95,5.88
9.75,75.75,2021,2,5,28.08,5.88
9.75,76.25,2021,2,5,28.09,6.17
9.75,76.75,2021,2,5,23.12,6.17
9.75,77.25,2021,2,5,20.98,6.18
10.25,74.25,2021,2,5,28.13,5.66
10.25,74.75,2021,2,5,27.99,5.66
10.25,75.25,2021,2,5,27.93,6.06
10.25,75.75,2021,2,5,27.9,6.06
10.25,76.25,2021,2,5,27.67,6.15
10.25,76.75,2021,2,5,22.66,6.15
10.25,77.25,2021,2,5,20.88,6.2
10.75,74.25,2021,2,5,28.24,5.66
10.75,74.75,2021,2,5,28.12,5.66
10.75,75.25,2021,2,5,27.97,6.06
10.75,75.75,2021,2,5,27.54,6.06
10.75,76.25,2021,2,5,26.28,6.15
10.75,76.75,2021,2,5,22.84,6.15
10.75,77.25,2021,2,5,22.22,6.2
11.25,74.25,2021,2,5,28.14,5.49
11.25,74.75,2021,2,5,28.15,5.49
11.25,75.25,2021,2,5,27.92,5.93
11.25,75.75,2021,2,5,26.94,5.93
11.25,76.25,2021,2,5,24.48,6.16
11.25,76.75,2021,2,5,22.39,6.16
11.25,77.25,2021,2,5,22.82,6.33
11.75,74.25,2021,2,5,27.94,5.49
11.75,74.75,2021,2,5,27.98,5.49
11.75,75.25,2021,2,5,27.43,5.93
11.75,75.75,2021,2,5,25.94,5.93
11.75,76.25,2021,2,5,23.56,6.16
11.75,76.75,2021,2,5,22.39,6.16
11.75,77.25,2021,2,5,22.53,6.33
12.25,74.25,2021,2,5,27.87,5.71
12.25,74.75,2021,2,5,27.77,5.71
12.25,75.25,2021,2,5,26.62,5.99
12.25,75.75,2021,2,5,24.58,5.99
12.25,76.25,2021,2,5,23,6.18
12.25,76.75,2021,2,5,22.83,6.18
12.25,77.25,2021,2,5,22.3,6.33
12.75,74.25,2021,2,5,27.93,5.71
12.75,74.75,2021,2,5,27.48,5.71
12.75,75.25,2021,2,5,25.62,5.99
12.75,75.75,2021,2,5,22.99,5.99
12.75,76.25,2021,2,5,21.87,6.18
12.75,76.75,2021,2,5,22.14,6.18
12.75,77.25,2021,2,5,21.58,6.33
8.25,74.25,2021,2,6,27.78,5.7
8.25,74.75,2021,2,6,28.01,5.7
8.25,75.25,2021,2,6,28.2,5.52
8.25,75.75,2021,2,6,28.27,5.52
8.25,76.25,2021,2,6,28.18,5.8
8.25,76.75,2021,2,6,27.01,5.8
8.25,77.25,2021,2,6,25.19,5.75
8.75,74.25,2021,2,6,27.81,5.7
8.75,74.75,2021,2,6,27.96,5.7
8.75,75.25,2021,2,6,28.11,5.52
8.75,75.75,2021,2,6,28.17,5.52
8.75,76.25,2021,2,6,28.08,5.8
8.75,76.75,2021,2,6,25.53,5.8
8.75,77.25,2021,2,6,23.25,5.75
9.25,74.25,2021,2,6,27.89,6.08
9.25,74.75,2021,2,6,28.05,6.08
9.25,75.25,2021,2,6,28.19,5.19
9.25,75.75,2021,2,6,28.24,5.19
9.25,76.25,2021,2,6,28.27,5.7
9.25,76.75,2021,2,6,24.42,5.7
9.25,77.25,2021,2,6,22.28,5.64
9.75,74.25,2021,2,6,27.88,6.08
9.75,74.75,2021,2,6,28.05,6.08
9.75,75.25,2021,2,6,28.22,5.19
9.75,75.75,2021,2,6,28.29,5.19
9.75,76.25,2021,2,6,28.32,5.7
9.75,76.75,2021,2,6,23.22,5.7
9.75,77.25,2021,2,6,20.95,5.64
10.25,74.25,2021,2,6,27.88,5.77
10.25,74.75,2021,2,6,27.94,5.77
10.25,75.25,2021,2,6,28.06,6.12
10.25,75.75,2021,2,6,28,6.12
10.25,76.25,2021,2,6,27.51,6.01
10.25,76.75,2021,2,6,22.55,6.01
10.25,77.25,2021,2,6,20.79,5.96
10.75,74.25,2021,2,6,27.97,5.77
10.75,74.75,2021,2,6,27.92,5.77
10.75,75.25,2021,2,6,27.95,6.12
10.75,75.75,2021,2,6,27.56,6.12
10.75,76.25,2021,2,6,25.83,6.01
10.75,76.75,2021,2,6,22.52,6.01
10.75,77.25,2021,2,6,22.1,5.96
11.25,74.25,2021,2,6,28.09,6.05
11.25,74.75,2021,2,6,27.99,6.05
11.25,75.25,2021,2,6,27.81,6.23
11.25,75.75,2021,2,6,26.88,6.23
11.25,76.25,2021,2,6,23.96,6.21
11.25,76.75,2021,2,6,21.83,6.21
11.25,77.25,2021,2,6,22.53,6.34
11.75,74.25,2021,2,6,28.12,6.05
11.75,74.75,2021,2,6,27.98,6.05
11.75,75.25,2021,2,6,27.3,6.23
11.75,75.75,2021,2,6,25.72,6.23
11.75,76.25,2021,2,6,22.96,6.21
11.75,76.75,2021,2,6,21.63,6.21
11.75,77.25,2021,2,6,22.05,6.34
12.25,74.25,2021,2,6,28.07,6.3
12.25,74.75,2021,2,6,27.79,6.3
12.25,75.25,2021,2,6,26.43,6.31
12.25,75.75,2021,2,6,24.2,6.31
12.25,76.25,2021,2,6,22.28,6.43
12.25,76.75,2021,2,6,22.16,6.43
12.25,77.25,2021,2,6,21.84,6.42
12.75,74.25,2021,2,6,27.99,6.3
12.75,74.75,2021,2,6,27.37,6.3
12.75,75.25,2021,2,6,25.31,6.31
12.75,75.75,2021,2,6,22.5,6.31
12.75,76.25,2021,2,6,21.14,6.43
12.75,76.75,2021,2,6,21.71,6.43
12.75,77.25,2021,2,6,21.35,6.42
8.25,74.25,2021,2,7,28.01,5.95
8.25,74.75,2021,2,7,28.26,5.95
8.25,75.25,2021,2,7,28.44,5.9
8.25,75.75,2021,2,7,28.46,5.9
8.25,76.25,2021,2,7,28.26,6.36
8.25,76.75,2021,2,7,26.76,6.36
8.25,77.25,2021,2,7,24.76,6.39
8.75,74.25,2021,2,7,27.94,5.95
8.75,74.75,2021,2,7,28.1,5.95
8.75,75.25,2021,2,7,28.31,5.9
8.75,75.75,2021,2,7,28.41,5.9
8.75,76.25,2021,2,7,28.18,6.36
8.75,76.75,2021,2,7,25.03,6.36
8.75,77.25,2021,2,7,22.56,6.39
9.25,74.25,2021,2,7,28.06,6.14
9.25,74.75,2021,2,7,28.09,6.14
9.25,75.25,2021,2,7,28.22,6.04
9.25,75.75,2021,2,7,28.36,6.04
9.25,76.25,2021,2,7,28.29,6.3
9.25,76.75,2021,2,7,23.7,6.3
9.25,77.25,2021,2,7,21.49,6.38
9.75,74.25,2021,2,7,28.3,6.14
9.75,74.75,2021,2,7,28.3,6.14
9.75,75.25,2021,2,7,28.38,6.04
9.75,75.75,2021,2,7,28.38,6.04
9.75,76.25,2021,2,7,28.01,6.3
9.75,76.75,2021,2,7,22.21,6.3
9.75,77.25,2021,2,7,20.13,6.38
10.25,74.25,2021,2,7,28.48,6.04
10.25,74.75,2021,2,7,28.46,6.04
10.25,75.25,2021,2,7,28.47,6.11
10.25,75.75,2021,2,7,28.18,6.11
10.25,76.25,2021,2,7,26.93,6.5
10.25,76.75,2021,2,7,21.54,6.5
10.25,77.25,2021,2,7,20.03,6.53
10.75,74.25,2021,2,7,28.47,6.04
10.75,74.75,2021,2,7,28.46,6.04
10.75,75.25,2021,2,7,28.37,6.11
10.75,75.75,2021,2,7,27.68,6.11
10.75,76.25,2021,2,7,25.37,6.5
10.75,76.75,2021,2,7,21.85,6.5
10.75,77.25,2021,2,7,21.5,6.53
11.25,74.25,2021,2,7,28.44,5.94
11.25,74.75,2021,2,7,28.48,5.94
11.25,75.25,2021,2,7,28.15,6.32
11.25,75.75,2021,2,7,26.81,6.32
11.25,76.25,2021,2,7,23.55,6.74
11.25,76.75,2021,2,7,21.47,6.74
11.25,77.25,2021,2,7,22.07,6.76
11.75,74.25,2021,2,7,28.47,5.94
11.75,74.75,2021,2,7,28.44,5.94
11.75,75.25,2021,2,7,27.49,6.32
11.75,75.75,2021,2,7,25.37,6.32
11.75,76.25,2021,2,7,22.34,6.74
11.75,76.75,2021,2,7,21.38,6.74
11.75,77.25,2021,2,7,21.65,6.76
12.25,74.25,2021,2,7,28.52,6.06
12.25,74.75,2021,2,7,28.15,6.06
12.25,75.25,2021,2,7,26.31,6.6
12.25,75.75,2021,2,7,23.44,6.6
12.25,76.25,2021,2,7,21.4,6.53
12.25,76.75,2021,2,7,21.67,6.53
12.25,77.25,2021,2,7,21.38,6.7
12.75,74.25,2021,2,7,28.48,6.06
12.75,74.75,2021,2,7,27.53,6.06
12.75,75.25,2021,2,7,24.85,6.6
12.75,75.75,2021,2,7,21.49,6.6
12.75,76.25,2021,2,7,20.2,6.53
12.75,76.75,2021,2,7,20.98,6.53
12.75,77.25,2021,2,7,20.81,6.7
8.25,74.25,2021,2,8,28.46,6.32
8.25,74.75,2021,2,8,28.46,6.32
8.25,75.25,2021,2,8,28.41,6.44
8.25,75.75,2021,2,8,28.29,6.44
8.25,76.25,2021,2,8,28.04,6.58
8.25,76.75,2021,2,8,26.62,6.58
8.25,77.25,2021,2,8,24.81,6.54
8.75,74.25,2021,2,8,28.44,6.32
8.75,74.75,2021,2,8,28.49,6.32
8.75,75.25,2021,2,8,28.47,6.44
8.75,75.75,2021,2,8,28.29,6.44
8.75,76.25,2021,2,8,27.8,6.58
8.75,76.75,2021,2,8,24.85,6.58
8.75,77.25,2021,2,8,22.6,6.54
9.25,74.25,2021,2,8,28.49,6.13
9.25,74.75,2021,2,8,28.56,6.13
9.25,75.25,2021,2,8,28.57,6.35
9.25,75.75,2021,2,8,28.35,6.35
9.25,76.25,2021,2,8,27.68,6.7
9.25,76.75,2021,2,8,23.34,6.7
9.25,77.25,2021,2,8,21.32,6.64
9.75,74.25,2021,2,8,28.59,6.13
9.75,74.75,2021,2,8,28.61,6.13
9.75,75.25,2021,2,8,28.62,6.35
9.75,75.75,2021,2,8,28.37,6.35
9.75,76.25,2021,2,8,27.39,6.7
9.75,76.75,2021,2,8,21.83,6.7
9.75,77.25,2021,2,8,19.81,6.64
10.25,74.25,2021,2,8,28.54,6.12
10.25,74.75,2021,2,8,28.54,6.12
10.25,75.25,2021,2,8,28.54,6.69
10.25,75.75,2021,2,8,28.12,6.69
10.25,76.25,2021,2,8,26.51,6.64
10.25,76.75,2021,2,8,21.29,6.64
10.25,77.25,2021,2,8,19.79,6.69
10.75,74.25,2021,2,8,28.48,6.12
10.75,74.75,2021,2,8,28.48,6.12
10.75,75.25,2021,2,8,28.41,6.69
10.75,75.75,2021,2,8,27.64,6.69
10.75,76.25,2021,2,8,25.11,6.64
10.75,76.75,2021,2,8,21.67,6.64
10.75,77.25,2021,2,8,21.4,6.69
11.25,74.25,2021,2,8,28.5,6.3
11.25,74.75,2021,2,8,28.52,6.3
11.25,75.25,2021,2,8,28.16,6.7
11.25,75.75,2021,2,8,26.72,6.7
11.25,76.25,2021,2,8,23.27,6.77
11.25,76.75,2021,2,8,21.21,6.77
11.25,77.25,2021,2,8,21.92,6.6
11.75,74.25,2021,2,8,28.54,6.3
11.75,74.75,2021,2,8,28.41,6.3
11.75,75.25,2021,2,8,27.34,6.7
11.75,75.75,2021,2,8,25.08,6.7
11.75,76.25,2021,2,8,21.92,6.77
11.75,76.75,2021,2,8,21.02,6.77
11.75,77.25,2021,2,8,21.38,6.6
12.25,74.25,2021,2,8,28.48,6.56
12.25,74.75,2021,2,8,27.93,6.56
12.25,75.25,2021,2,8,25.96,6.72
12.25,75.75,2021,2,8,23.01,6.72
12.25,76.25,2021,2,8,20.89,6.5
12.25,76.75,2021,2,8,21.31,6.5
12.25,77.25,2021,2,8,21.09,6.74
12.75,74.25,2021,2,8,28.28,6.56
12.75,74.75,2021,2,8,27.11,6.56
12.75,75.25,2021,2,8,24.38,6.72
12.75,75.75,2021,2,8,21.08,6.72
12.75,76.25,2021,2,8,19.71,6.5
12.75,76.75,2021,2,8,20.68,6.5
12.75,77.25,2021,2,8,20.53,6.74
8.25,74.25,2021,2,9,28.41,6.15
8.25,74.75,2021,2,9,28.23,6.15
8.25,75.25,2021,2,9,27.93,6.17
8.25,75.75,2021,2,9,27.63,6.17
8.25,76.25,2021,2,9,27.58,6.39
8.25,76.75,2021,2,9,26.58,6.39
8.25,77.25,2021,2,9,24.69,6.34
8.75,74.25,2021,2,9,28.41,6.15
8.75,74.75,2021,2,9,28.29,6.15
8.75,75.25,2021,2,9,28,6.17
8.75,75.75,2021,2,9,27.62,6.17
8.75,76.25,2021,2,9,27.33,6.39
8.75,76.75,2021,2,9,25.01,6.39
8.75,77.25,2021,2,9,22.63,6.34
9.25,74.25,2021,2,9,28.27,6.21
9.25,74.75,2021,2,9,28.22,6.21
9.25,75.25,2021,2,9,28.08,6.22
9.25,75.75,2021,2,9,27.8,6.22
9.25,76.25,2021,2,9,27.41,6.61
9.25,76.75,2021,2,9,23.59,6.61
9.25,77.25,2021,2,9,21.46,6.4
9.75,74.25,2021,2,9,28.13,6.21
9.75,74.75,2021,2,9,28.06,6.21
9.75,75.25,2021,2,9,28.01,6.22
9.75,75.75,2021,2,9,27.82,6.22
9.75,76.25,2021,2,9,27.25,6.61
9.75,76.75,2021,2,9,21.99,6.61
9.75,77.25,2021,2,9,19.93,6.4
10.25,74.25,2021,2,9,28.1,6.07
10.25,74.75,2021,2,9,27.95,6.07
10.25,75.25,2021,2,9,27.84,6.48
10.25,75.75,2021,2,9,27.52,6.48
10.25,76.25,2021,2,9,26.44,6.54
10.25,76.75,2021,2,9,21.37,6.54
10.25,77.25,2021,2,9,19.78,6.45
10.75,74.25,2021,2,9,28.12,6.07
10.75,74.75,2021,2,9,28,6.07
10.75,75.25,2021,2,9,27.82,6.48
10.75,75.75,2021,2,9,27.16,6.48
10.75,76.25,2021,2,9,25.18,6.54
10.75,76.75,2021,2,9,21.77,6.54
10.75,77.25,2021,2,9,21.32,6.45
11.25,74.25,2021,2,9,28.13,6.2
11.25,74.75,2021,2,9,28.1,6.2
11.25,75.25,2021,2,9,27.76,6.71
11.25,75.75,2021,2,9,26.5,6.71
11.25,76.25,2021,2,9,23.42,6.76
11.25,76.75,2021,2,9,21.33,6.76
11.25,77.25,2021,2,9,21.84,6.61
11.75,74.25,2021,2,9,28.1,6.2
11.75,74.75,2021,2,9,28,6.2
11.75,75.25,2021,2,9,27.1,6.71
11.75,75.75,2021,2,9,25.09,6.71
11.75,76.25,2021,2,9,22.05,6.76
11.75,76.75,2021,2,9,21.09,6.76
11.75,77.25,2021,2,9,21.34,6.61
12.25,74.25,2021,2,9,28.07,6.46
12.25,74.75,2021,2,9,27.64,6.46
12.25,75.25,2021,2,9,25.9,6.5
12.25,75.75,2021,2,9,23.19,6.5
12.25,76.25,2021,2,9,21.15,6.35
12.25,76.75,2021,2,9,21.5,6.35
12.25,77.25,2021,2,9,21.13,6.57
12.75,74.25,2021,2,9,27.94,6.46
12.75,74.75,2021,2,9,27,6.46
12.75,75.25,2021,2,9,24.46,6.5
12.75,75.75,2021,2,9,21.25,6.5
12.75,76.25,2021,2,9,20.03,6.35
12.75,76.75,2021,2,9,20.91,6.35
12.75,77.25,2021,2,9,20.56,6.57
8.25,74.25,2021,2,10,28.15,6.11
8.25,74.75,2021,2,10,28.07,6.11
8.25,75.25,2021,2,10,27.96,6.31
8.25,75.75,2021,2,10,27.84,6.31
8.25,76.25,2021,2,10,27.64,6.68
8.25,76.75,2021,2,10,26.24,6.68
8.25,77.25,2021,2,10,24.3,6.62
8.75,74.25,2021,2,10,28.04,6.11
8.75,74.75,2021,2,10,28.05,6.11
8.75,75.25,2021,2,10,28,6.31
8.75,75.75,2021,2,10,27.83,6.31
8.75,76.25,2021,2,10,27.49,6.68
8.75,76.75,2021,2,10,24.58,6.68
8.75,77.25,2021,2,10,22.05,6.62
9.25,74.25,2021,2,10,27.88,6.15
9.25,74.75,2021,2,10,27.97,6.15
9.25,75.25,2021,2,10,28.05,6.32
9.25,75.75,2021,2,10,27.96,6.32
9.25,76.25,2021,2,10,27.49,6.72
9.25,76.75,2021,2,10,23.1,6.72
9.25,77.25,2021,2,10,20.81,6.73
9.75,74.25,2021,2,10,27.86,6.15
9.75,74.75,2021,2,10,27.91,6.15
9.75,75.25,2021,2,10,28.01,6.32
9.75,75.75,2021,2,10,27.93,6.32
9.75,76.25,2021,2,10,27.19,6.72
9.75,76.75,2021,2,10,21.49,6.72
9.75,77.25,2021,2,10,19.34,6.73
10.25,74.25,2021,2,10,27.89,6.18
10.25,74.75,2021,2,10,27.89,6.18
10.25,75.25,2021,2,10,27.91,6.64
10.25,75.75,2021,2,10,27.59,6.64
10.25,76.25,2021,2,10,26.18,6.62
10.25,76.75,2021,2,10,20.84,6.62
10.25,77.25,2021,2,10,19.26,6.71
10.75,74.25,2021,2,10,27.84,6.18
10.75,74.75,2021,2,10,27.79,6.18
10.75,75.25,2021,2,10,27.78,6.64
10.75,75.75,2021,2,10,27.16,6.64
10.75,76.25,2021,2,10,24.75,6.62
10.75,76.75,2021,2,10,21.2,6.62
10.75,77.25,2021,2,10,20.73,6.71
11.25,74.25,2021,2,10,27.85,5.88
11.25,74.75,2021,2,10,27.76,5.88
11.25,75.25,2021,2,10,27.52,6.72
11.25,75.75,2021,2,10,26.38,6.72
11.25,76.25,2021,2,10,23.01,6.89
11.25,76.75,2021,2,10,20.78,6.89
11.25,77.25,2021,2,10,21.3,6.9
11.75,74.25,2021,2,10,27.94,5.88
11.75,74.75,2021,2,10,27.75,5.88
11.75,75.25,2021,2,10,26.87,6.72
11.75,75.75,2021,2,10,24.93,6.72
11.75,76.25,2021,2,10,21.85,6.89
11.75,76.75,2021,2,10,20.65,6.89
11.75,77.25,2021,2,10,20.98,6.9
12.25,74.25,2021,2,10,27.95,6.58
12.25,74.75,2021,2,10,27.49,6.58
12.25,75.25,2021,2,10,25.79,6.75
12.25,75.75,2021,2,10,23.14,6.75
12.25,76.25,2021,2,10,21.01,6.66
12.25,76.75,2021,2,10,21.15,6.66
12.25,77.25,2021,2,10,20.87,6.8
12.75,74.25,2021,2,10,27.83,6.58
12.75,74.75,2021,2,10,26.91,6.58
12.75,75.25,2021,2,10,24.47,6.75
12.75,75.75,2021,2,10,21.34,6.75
12.75,76.25,2021,2,10,19.88,6.66
12.75,76.75,2021,2,10,20.7,6.66
12.75,77.25,2021,2,10,20.35,6.8
8.25,74.25,2021,2,11,28.24,6.32
8.25,74.75,2021,2,11,28.08,6.32
8.25,75.25,2021,2,11,27.76,6.45
8.25,75.75,2021,2,11,27.47,6.45
8.25,76.25,2021,2,11,27.5,6.74
8.25,76.75,2021,2,11,26.13,6.74
8.25,77.25,2021,2,11,24.1,6.7
8.75,74.25,2021,2,11,28.11,6.32
8.75,74.75,2021,2,11,28.09,6.32
8.75,75.25,2021,2,11,27.81,6.45
8.75,75.75,2021,2,11,27.44,6.45
8.75,76.25,2021,2,11,27.34,6.74
8.75,76.75,2021,2,11,24.44,6.74
8.75,77.25,2021,2,11,21.75,6.7
9.25,74.25,2021,2,11,28.01,6.34
9.25,74.75,2021,2,11,28.11,6.34
9.25,75.25,2021,2,11,27.99,6.32
9.25,75.75,2021,2,11,27.59,6.32
9.25,76.25,2021,2,11,27.06,6.84
9.25,76.75,2021,2,11,22.96,6.84
9.25,77.25,2021,2,11,20.62,6.81
9.75,74.25,2021,2,11,28.11,6.34
9.75,74.75,2021,2,11,28.21,6.34
9.75,75.25,2021,2,11,28.17,6.32
9.75,75.75,2021,2,11,27.77,6.32
9.75,76.25,2021,2,11,26.78,6.84
9.75,76.75,2021,2,11,21.33,6.84
9.75,77.25,2021,2,11,19.33,6.81
10.25,74.25,2021,2,11,28.19,6.32
10.25,74.75,2021,2,11,28.18,6.32
10.25,75.25,2021,2,11,28.05,6.54
10.25,75.75,2021,2,11,27.51,6.54
10.25,76.25,2021,2,11,26.11,6.67
10.25,76.75,2021,2,11,20.78,6.67
10.25,77.25,2021,2,11,19.4,6.75
10.75,74.25,2021,2,11,28.06,6.32
10.75,74.75,2021,2,11,28,6.32
10.75,75.25,2021,2,11,27.8,6.54
10.75,75.75,2021,2,11,26.99,6.54
10.75,76.25,2021,2,11,24.68,6.67
10.75,76.75,2021,2,11,21.17,6.67
10.75,77.25,2021,2,11,20.86,6.75
11.25,74.25,2021,2,11,27.99,6.24
11.25,74.75,2021,2,11,27.95,6.24
11.25,75.25,2021,2,11,27.6,6.59
11.25,75.75,2021,2,11,26.27,6.59
11.25,76.25,2021,2,11,22.97,6.86
11.25,76.75,2021,2,11,20.82,6.86
11.25,77.25,2021,2,11,21.49,6.79
11.75,74.25,2021,2,11,28.02,6.24
11.75,74.75,2021,2,11,27.93,6.24
11.75,75.25,2021,2,11,27.01,6.59
11.75,75.75,2021,2,11,24.97,6.59
11.75,76.25,2021,2,11,22,6.86
11.75,76.75,2021,2,11,20.84,6.86
11.75,77.25,2021,2,11,21.29,6.79
12.25,74.25,2021,2,11,27.94,6.16
12.25,74.75,2021,2,11,27.59,6.16
12.25,75.25,2021,2,11,25.89,6.67
12.25,75.75,2021,2,11,23.21,6.67
12.25,76.25,2021,2,11,21.29,6.82
12.25,76.75,2021,2,11,21.47,6.82
12.25,77.25,2021,2,11,21.21,6.76
12.75,74.25,2021,2,11,27.71,6.16
12.75,74.75,2021,2,11,26.9,6.16
12.75,75.25,2021,2,11,24.53,6.67
12.75,75.75,2021,2,11,21.44,6.67
12.75,76.25,2021,2,11,20.19,6.82
12.75,76.75,2021,2,11,21.08,6.82
12.75,77.25,2021,2,11,20.77,6.76
8.25,74.25,2021,2,12,27.67,6.43
8.25,74.75,2021,2,12,27.66,6.43
8.25,75.25,2021,2,12,27.66,6.42
8.25,75.75,2021,2,12,27.67,6.42
8.25,76.25,2021,2,12,27.63,6.76
8.25,76.75,2021,2,12,26.15,6.76
8.25,77.25,2021,2,12,24.02,6.89
8.75,74.25,2021,2,12,27.68,6.43
8.75,74.75,2021,2,12,27.65,6.43
8.75,75.25,2021,2,12,27.62,6.42
8.75,75.75,2021,2,12,27.59,6.42
8.75,76.25,2021,2,12,27.5,6.76
8.75,76.75,2021,2,12,24.44,6.76
8.75,77.25,2021,2,12,21.72,6.89
9.25,74.25,2021,2,12,27.73,6.27
9.25,74.75,2021,2,12,27.68,6.27
9.25,75.25,2021,2,12,27.61,6.16
9.25,75.75,2021,2,12,27.53,6.16
9.25,76.25,2021,2,12,27.46,6.76
9.25,76.75,2021,2,12,23.1,6.76
9.25,77.25,2021,2,12,20.67,6.83
9.75,74.25,2021,2,12,27.76,6.27
9.75,74.75,2021,2,12,27.69,6.27
9.75,75.25,2021,2,12,27.62,6.16
9.75,75.75,2021,2,12,27.52,6.16
9.75,76.25,2021,2,12,27.34,6.76
9.75,76.75,2021,2,12,21.61,6.76
9.75,77.25,2021,2,12,19.37,6.83
10.25,74.25,2021,2,12,27.73,6.21
10.25,74.75,2021,2,12,27.64,6.21
10.25,75.25,2021,2,12,27.56,6.56
10.25,75.75,2021,2,12,27.3,6.56
10.25,76.25,2021,2,12,26.56,6.79
10.25,76.75,2021,2,12,21.01,6.79
10.25,77.25,2021,2,12,19.35,6.86
10.75,74.25,2021,2,12,27.72,6.21
10.75,74.75,2021,2,12,27.62,6.21
10.75,75.25,2021,2,12,27.51,6.56
10.75,75.75,2021,2,12,26.94,6.56
10.75,76.25,2021,2,12,25.09,6.79
10.75,76.75,2021,2,12,21.4,6.79
10.75,77.25,2021,2,12,20.89,6.86
11.25,74.25,2021,2,12,27.78,5.95
11.25,74.75,2021,2,12,27.74,5.95
11.25,75.25,2021,2,12,27.45,6.67
11.25,75.75,2021,2,12,26.3,6.67
11.25,76.25,2021,2,12,23.34,6.94
11.25,76.75,2021,2,12,21.06,6.94
11.25,77.25,2021,2,12,21.6,6.91
11.75,74.25,2021,2,12,27.8,5.95
11.75,74.75,2021,2,12,27.76,5.95
11.75,75.25,2021,2,12,26.94,6.67
11.75,75.75,2021,2,12,25.05,6.67
11.75,76.25,2021,2,12,22.34,6.94
11.75,76.75,2021,2,12,21.08,6.94
11.75,77.25,2021,2,12,21.44,6.91
12.25,74.25,2021,2,12,27.78,6.29
12.25,74.75,2021,2,12,27.53,6.29
12.25,75.25,2021,2,12,25.99,6.64
12.25,75.75,2021,2,12,23.5,6.64
12.25,76.25,2021,2,12,21.82,6.73
12.25,76.75,2021,2,12,21.8,6.73
12.25,77.25,2021,2,12,21.41,6.88
12.75,74.25,2021,2,12,27.81,6.29
12.75,74.75,2021,2,12,27.18,6.29
12.75,75.25,2021,2,12,25.02,6.64
12.75,75.75,2021,2,12,22.09,6.64
12.75,76.25,2021,2,12,20.89,6.73
12.75,76.75,2021,2,12,21.56,6.73
12.75,77.25,2021,2,12,21.06,6.88
8.25,74.25,2021,2,13,27.59,6.53
8.25,74.75,2021,2,13,27.83,6.53
8.25,75.25,2021,2,13,27.92,6.41
8.25,75.75,2021,2,13,27.84,6.41
8.25,76.25,2021,2,13,27.74,6.85
8.25,76.75,2021,2,13,26.44,6.85
8.25,77.25,2021,2,13,24.45,6.94
8.75,74.25,2021,2,13,27.34,6.53
8.75,74.75,2021,2,13,27.59,6.53
8.75,75.25,2021,2,13,27.76,6.41
8.75,75.75,2021,2,13,27.77,6.41
8.75,76.25,2021,2,13,27.67,6.85
8.75,76.75,2021,2,13,24.84,6.85
8.75,77.25,2021,2,13,22.2,6.94
9.25,74.25,2021,2,13,27.41,6.33
9.25,74.75,2021,2,13,27.47,6.33
9.25,75.25,2021,2,13,27.56,6.33
9.25,75.75,2021,2,13,27.64,6.33
9.25,76.25,2021,2,13,27.66,6.86
9.25,76.75,2021,2,13,23.63,6.86
9.25,77.25,2021,2,13,21.33,6.96
9.75,74.25,2021,2,13,27.53,6.33
9.75,74.75,2021,2,13,27.42,6.33
9.75,75.25,2021,2,13,27.38,6.33
9.75,75.75,2021,2,13,27.43,6.33
9.75,76.25,2021,2,13,27.55,6.86
9.75,76.75,2021,2,13,22.35,6.86
9.75,77.25,2021,2,13,20.24,6.96
10.25,74.25,2021,2,13,27.44,6.31
10.25,74.75,2021,2,13,27.34,6.31
10.25,75.25,2021,2,13,27.29,6.67
10.25,75.75,2021,2,13,27.2,6.67
10.25,76.25,2021,2,13,26.9,6.79
10.25,76.75,2021,2,13,21.98,6.79
10.25,77.25,2021,2,13,20.33,6.86
10.75,74.25,2021,2,13,27.39,6.31
10.75,74.75,2021,2,13,27.36,6.31
10.75,75.25,2021,2,13,27.36,6.67
10.75,75.75,2021,2,13,26.99,6.67
10.75,76.25,2021,2,13,25.53,6.79
10.75,76.75,2021,2,13,22.28,6.79
10.75,77.25,2021,2,13,21.71,6.86
11.25,74.25,2021,2,13,27.47,5.88
11.25,74.75,2021,2,13,27.5,5.88
11.25,75.25,2021,2,13,27.35,6.31
11.25,75.75,2021,2,13,26.4,6.31
11.25,76.25,2021,2,13,23.75,6.96
11.25,76.75,2021,2,13,21.71,6.96
11.25,77.25,2021,2,13,22.15,6.89
11.75,74.25,2021,2,13,27.56,5.88
11.75,74.75,2021,2,13,27.61,5.88
11.75,75.25,2021,2,13,26.96,6.31
11.75,75.75,2021,2,13,25.31,6.31
11.75,76.25,2021,2,13,22.87,6.96
11.75,76.75,2021,2,13,21.6,6.96
11.75,77.25,2021,2,13,21.8,6.89
12.25,74.25,2021,2,13,27.6,6.01
12.25,74.75,2021,2,13,27.54,6.01
12.25,75.25,2021,2,13,26.28,6.38
12.25,75.75,2021,2,13,24.08,6.38
12.25,76.25,2021,2,13,22.52,6.91
12.25,76.75,2021,2,13,22.26,6.91
12.25,77.25,2021,2,13,21.71,6.77
12.75,74.25,2021,2,13,27.7,6.01
12.75,74.75,2021,2,13,27.26,6.01
12.75,75.25,2021,2,13,25.34,6.38
12.75,75.75,2021,2,13,22.6,6.38
12.75,76.25,2021,2,13,21.39,6.91
12.75,76.75,2021,2,13,21.93,6.91
12.75,77.25,2021,2,13,21.35,6.77
8.25,74.25,2021,2,14,27.51,6.63
8.25,74.75,2021,2,14,27.73,6.63
8.25,75.25,2021,2,14,27.88,6.46
8.25,75.75,2021,2,14,27.9,6.46
8.25,76.25,2021,2,14,27.75,6.35
8.25,76.75,2021,2,14,26.78,6.35
8.25,77.25,2021,2,14,24.88,6.04
8.75,74.25,2021,2,14,27.43,6.63
8.75,74.75,2021,2,14,27.59,6.63
8.75,75.25,2021,2,14,27.72,6.46
8.75,75.75,2021,2,14,27.74,6.46
8.75,76.25,2021,2,14,27.59,6.35
8.75,76.75,2021,2,14,25.54,6.35
8.75,77.25,2021,2,14,23.09,6.04
9.25,74.25,2021,2,14,27.53,6.42
9.25,74.75,2021,2,14,27.54,6.42
9.25,75.25,2021,2,14,27.58,6.29
9.25,75.75,2021,2,14,27.63,6.29
9.25,76.25,2021,2,14,27.64,6.39
9.25,76.75,2021,2,14,24.28,6.39
9.25,77.25,2021,2,14,22.28,6.02
9.75,74.25,2021,2,14,27.57,6.42
9.75,74.75,2021,2,14,27.48,6.42
9.75,75.25,2021,2,14,27.44,6.29
9.75,75.75,2021,2,14,27.49,6.29
9.75,76.25,2021,2,14,27.67,6.39
9.75,76.75,2021,2,14,23.05,6.39
9.75,77.25,2021,2,14,21.2,6.02
10.25,74.25,2021,2,14,27.51,6.23
10.25,74.75,2021,2,14,27.42,6.23
10.25,75.25,2021,2,14,27.4,6.27
10.25,75.75,2021,2,14,27.38,6.27
10.25,76.25,2021,2,14,27.22,6
10.25,76.75,2021,2,14,23,6
10.25,77.25,2021,2,14,21.33,5.76
10.75,74.25,2021,2,14,27.49,6.23
10.75,74.75,2021,2,14,27.45,6.23
10.75,75.25,2021,2,14,27.51,6.27
10.75,75.75,2021,2,14,27.28,6.27
10.75,76.25,2021,2,14,25.98,6
10.75,76.75,2021,2,14,23.41,6
10.75,77.25,2021,2,14,22.68,5.76
11.25,74.25,2021,2,14,27.55,5.58
11.25,74.75,2021,2,14,27.58,5.58
11.25,75.25,2021,2,14,27.49,6.14
11.25,75.75,2021,2,14,26.69,6.14
11.25,76.25,2021,2,14,24.24,6.55
11.25,76.75,2021,2,14,22.7,6.55
11.25,77.25,2021,2,14,23,6.73
11.75,74.25,2021,2,14,27.59,5.58
11.75,74.75,2021,2,14,27.64,5.58
11.75,75.25,2021,2,14,27.03,6.14
11.75,75.75,2021,2,14,25.54,6.14
11.75,76.25,2021,2,14,23.33,6.55
11.75,76.75,2021,2,14,22.44,6.55
11.75,77.25,2021,2,14,22.59,6.73
12.25,74.25,2021,2,14,27.63,6.04
12.25,74.75,2021,2,14,27.51,6.04
12.25,75.25,2021,2,14,26.32,6.34
12.25,75.75,2021,2,14,24.31,6.34
12.25,76.25,2021,2,14,23.01,6.66
12.25,76.75,2021,2,14,22.98,6.66
12.25,77.25,2021,2,14,22.44,6.81
12.75,74.25,2021,2,14,27.77,6.04
12.75,74.75,2021,2,14,27.29,6.04
12.75,75.25,2021,2,14,25.4,6.34
12.75,75.75,2021,2,14,22.81,6.34
12.75,76.25,2021,2,14,21.87,6.66
12.75,76.75,2021,2,14,22.43,6.66
12.75,77.25,2021,2,14,21.82,6.81
8.25,74.25,2021,2,15,27.45,6.5
8.25,74.75,2021,2,15,27.62,6.5
8.25,75.25,2021,2,15,27.8,6.43
8.25,75.75,2021,2,15,27.92,6.43
8.25,76.25,2021,2,15,27.97,6.45
8.25,76.75,2021,2,15,27.25,6.45
8.25,77.25,2021,2,15,25.69,6.41
8.75,74.25,2021,2,15,27.49,6.5
8.75,74.75,2021,2,15,27.58,6.5
8.75,75.25,2021,2,15,27.68,6.43
8.75,75.75,2021,2,15,27.77,6.43
8.75,76.25,2021,2,15,27.87,6.45
8.75,76.75,2021,2,15,26.29,6.45
8.75,77.25,2021,2,15,24.25,6.41
9.25,74.25,2021,2,15,27.6,6.55
9.25,74.75,2021,2,15,27.63,6.55
9.25,75.25,2021,2,15,27.66,6.41
9.25,75.75,2021,2,15,27.74,6.41
9.25,76.25,2021,2,15,28.02,6.69
9.25,76.75,2021,2,15,25.08,6.69
9.25,77.25,2021,2,15,23.41,6.44
9.75,74.25,2021,2,15,27.71,6.55
9.75,74.75,2021,2,15,27.7,6.55
9.75,75.25,2021,2,15,27.69,6.41
9.75,75.75,2021,2,15,27.74,6.41
9.75,76.25,2021,2,15,28.03,6.69
9.75,76.75,2021,2,15,23.86,6.69
9.75,77.25,2021,2,15,22.37,6.44
10.25,74.25,2021,2,15,27.73,6.3
10.25,74.75,2021,2,15,27.72,6.3
10.25,75.25,2021,2,15,27.72,6.49
10.25,75.75,2021,2,15,27.73,6.49
10.25,76.25,2021,2,15,27.71,6.17
10.25,76.75,2021,2,15,23.96,6.17
10.25,77.25,2021,2,15,22.57,6.18
10.75,74.25,2021,2,15,27.67,6.3
10.75,74.75,2021,2,15,27.69,6.3
10.75,75.25,2021,2,15,27.77,6.49
10.75,75.75,2021,2,15,27.62,6.49
10.75,76.25,2021,2,15,26.6,6.17
10.75,76.75,2021,2,15,24.36,6.17
10.75,77.25,2021,2,15,23.73,6.18
11.25,74.25,2021,2,15,27.57,6.18
11.25,74.75,2021,2,15,27.63,6.18
11.25,75.25,2021,2,15,27.62,6.51
11.25,75.75,2021,2,15,26.99,6.51
11.25,76.25,2021,2,15,24.77,6.17
11.25,76.75,2021,2,15,23.52,6.17
11.25,77.25,2021,2,15,23.9,6.29
11.75,74.25,2021,2,15,27.48,6.18
11.75,74.75,2021,2,15,27.52,6.18
11.75,75.25,2021,2,15,27.08,6.51
11.75,75.75,2021,2,15,25.89,6.51
11.75,76.25,2021,2,15,23.92,6.17
11.75,76.75,2021,2,15,23.4,6.17
11.75,77.25,2021,2,15,23.59,6.29
12.25,74.25,2021,2,15,27.49,6.12
12.25,74.75,2021,2,15,27.37,6.12
12.25,75.25,2021,2,15,26.42,6.33
12.25,75.75,2021,2,15,24.85,6.33
12.25,76.25,2021,2,15,23.93,6.42
12.25,76.75,2021,2,15,24.25,6.42
12.25,77.25,2021,2,15,23.62,6.51
12.75,74.25,2021,2,15,27.61,6.12
12.75,74.75,2021,2,15,27.26,6.12
12.75,75.25,2021,2,15,25.66,6.33
12.75,75.75,2021,2,15,23.46,6.33
12.75,76.25,2021,2,15,22.85,6.42
12.75,76.75,2021,2,15,23.74,6.42
12.75,77.25,2021,2,15,23.02,6.51
8.25,74.25,2021,2,16,27.64,5.94
8.25,74.75,2021,2,16,27.72,5.94
8.25,75.25,2021,2,16,27.76,5.67
8.25,75.75,2021,2,16,27.77,5.67
8.25,76.25,2021,2,16,27.81,5.82
8.25,76.75,2021,2,16,27.6,5.82
8.25,77.25,2021,2,16,26.51,5.28
8.75,74.25,2021,2,16,27.61,5.94
8.75,74.75,2021,2,16,27.69,5.94
8.75,75.25,2021,2,16,27.75,5.67
8.75,75.75,2021,2,16,27.8,5.67
8.75,76.25,2021,2,16,27.9,5.82
8.75,76.75,2021,2,16,26.88,5.82
8.75,77.25,2021,2,16,25.34,5.28
9.25,74.25,2021,2,16,27.71,6.07
9.25,74.75,2021,2,16,27.76,6.07
9.25,75.25,2021,2,16,27.81,5.58
9.25,75.75,2021,2,16,27.88,5.58
9.25,76.25,2021,2,16,28.11,5.52
9.25,76.75,2021,2,16,25.53,5.52
9.25,77.25,2021,2,16,24.28,5.17
9.75,74.25,2021,2,16,27.83,6.07
9.75,74.75,2021,2,16,27.87,6.07
9.75,75.25,2021,2,16,27.91,5.58
9.75,75.75,2021,2,16,27.97,5.58
9.75,76.25,2021,2,16,28.18,5.52
9.75,76.75,2021,2,16,24.17,5.52
9.75,77.25,2021,2,16,22.89,5.17
10.25,74.25,2021,2,16,27.88,6.32
10.25,74.75,2021,2,16,27.88,6.32
10.25,75.25,2021,2,16,27.91,5.92
10.25,75.75,2021,2,16,27.95,5.92
10.25,76.25,2021,2,16,27.95,4.75
10.25,76.75,2021,2,16,24.27,4.75
10.25,77.25,2021,2,16,22.91,4.36
10.75,74.25,2021,2,16,27.84,6.32
10.75,74.75,2021,2,16,27.8,6.32
10.75,75.25,2021,2,16,27.86,5.92
10.75,75.75,2021,2,16,27.77,5.92
10.75,76.25,2021,2,16,26.99,4.75
10.75,76.75,2021,2,16,24.87,4.75
10.75,77.25,2021,2,16,24.28,4.36
11.25,74.25,2021,2,16,27.77,5.98
11.25,74.75,2021,2,16,27.75,5.98
11.25,75.25,2021,2,16,27.71,5.97
11.25,75.75,2021,2,16,27.17,5.97
11.25,76.25,2021,2,16,25.26,5.02
11.25,76.75,2021,2,16,24.19,5.02
11.25,77.25,2021,2,16,24.65,4.61
11.75,74.25,2021,2,16,27.74,5.98
11.75,74.75,2021,2,16,27.68,5.98
11.75,75.25,2021,2,16,27.21,5.97
11.75,75.75,2021,2,16,26.08,5.97
11.75,76.25,2021,2,16,24.35,5.02
11.75,76.75,2021,2,16,24.05,5.02
11.75,77.25,2021,2,16,24.35,4.61
12.25,74.25,2021,2,16,27.66,5.87
12.25,74.75,2021,2,16,27.49,5.87
12.25,75.25,2021,2,16,26.44,5.83
12.25,75.75,2021,2,16,24.9,5.83
12.25,76.25,2021,2,16,24.34,5.2
12.25,76.75,2021,2,16,25.01,5.2
12.25,77.25,2021,2,16,24.42,5.82
12.75,74.25,2021,2,16,27.58,5.87
12.75,74.75,2021,2,16,27.22,5.87
12.75,75.25,2021,2,16,25.61,5.83
12.75,75.75,2021,2,16,23.57,5.83
12.75,76.25,2021,2,16,23.52,5.2
12.75,76.75,2021,2,16,24.83,5.2
12.75,77.25,2021,2,16,23.93,5.82
8.25,74.25,2021,2,17,27.76,6.64
8.25,74.75,2021,2,17,27.81,6.64
8.25,75.25,2021,2,17,27.83,6.26
8.25,75.75,2021,2,17,27.86,6.26
8.25,76.25,2021,2,17,28.05,6.42
8.25,76.75,2021,2,17,28.11,6.42
8.25,77.25,2021,2,17,26.72,5.6
8.75,74.25,2021,2,17,27.74,6.64
8.75,74.75,2021,2,17,27.78,6.64
8.75,75.25,2021,2,17,27.78,6.26
8.75,75.75,2021,2,17,27.8,6.26
8.75,76.25,2021,2,17,28.09,6.42
8.75,76.75,2021,2,17,27.48,6.42
8.75,77.25,2021,2,17,25.54,5.6
9.25,74.25,2021,2,17,27.81,6.32
9.25,74.75,2021,2,17,27.85,6.32
9.25,75.25,2021,2,17,27.81,6.17
9.25,75.75,2021,2,17,27.81,6.17
9.25,76.25,2021,2,17,28.17,6.68
9.25,76.75,2021,2,17,26.07,6.68
9.25,77.25,2021,2,17,24.5,5.74
9.75,74.25,2021,2,17,27.86,6.32
9.75,74.75,2021,2,17,27.89,6.32
9.75,75.25,2021,2,17,27.85,6.17
9.75,75.75,2021,2,17,27.84,6.17
9.75,76.25,2021,2,17,28.14,6.68
9.75,76.75,2021,2,17,24.65,6.68
9.75,77.25,2021,2,17,23.08,5.74
10.25,74.25,2021,2,17,27.88,6.23
10.25,74.75,2021,2,17,27.87,6.23
10.25,75.25,2021,2,17,27.85,6.24
10.25,75.75,2021,2,17,27.88,6.24
10.25,76.25,2021,2,17,28.08,5.71
10.25,76.75,2021,2,17,24.64,5.71
10.25,77.25,2021,2,17,23.01,5.44
10.75,74.25,2021,2,17,27.87,6.23
10.75,74.75,2021,2,17,27.83,6.23
10.75,75.25,2021,2,17,27.87,6.24
10.75,75.75,2021,2,17,27.83,6.24
10.75,76.25,2021,2,17,27.3,5.71
10.75,76.75,2021,2,17,25.1,5.71
10.75,77.25,2021,2,17,24.33,5.44
11.25,74.25,2021,2,17,27.83,6.08
11.25,74.75,2021,2,17,27.81,6.08
11.25,75.25,2021,2,17,27.75,6.26
11.25,75.75,2021,2,17,27.27,6.26
11.25,76.25,2021,2,17,25.66,5.07
11.25,76.75,2021,2,17,24.39,5.07
11.25,77.25,2021,2,17,24.67,5.34
11.75,74.25,2021,2,17,27.72,6.08
11.75,74.75,2021,2,17,27.73,6.08
11.75,75.25,2021,2,17,27.27,6.26
11.75,75.75,2021,2,17,26.21,6.26
11.75,76.25,2021,2,17,24.77,5.07
11.75,76.75,2021,2,17,24.35,5.07
11.75,77.25,2021,2,17,24.33,5.34
12.25,74.25,2021,2,17,27.57,6.08
12.25,74.75,2021,2,17,27.52,6.08
12.25,75.25,2021,2,17,26.61,5.77
12.25,75.75,2021,2,17,25.2,5.77
12.25,76.25,2021,2,17,24.8,4.95
12.25,76.75,2021,2,17,25.4,4.95
12.25,77.25,2021,2,17,24.46,5.4
12.75,74.25,2021,2,17,27.51,6.08
12.75,74.75,2021,2,17,27.34,6.08
12.75,75.25,2021,2,17,26.02,5.77
12.75,75.75,2021,2,17,24.27,5.77
12.75,76.25,2021,2,17,24.32,4.95
12.75,76.75,2021,2,17,25.39,4.95
12.75,77.25,2021,2,17,24.17,5.4
8.25,74.25,2021,2,18,27.81,6.49
8.25,74.75,2021,2,18,27.67,6.49
8.25,75.25,2021,2,18,27.51,6.11
8.25,75.75,2021,2,18,27.51,6.11
8.25,76.25,2021,2,18,27.83,5.85
8.25,76.75,2021,2,18,27.96,5.85
8.25,77.25,2021,2,18,26.66,4.97
8.75,74.25,2021,2,18,27.87,6.49
8.75,74.75,2021,2,18,27.77,6.49
8.75,75.25,2021,2,18,27.58,6.11
8.75,75.75,2021,2,18,27.51,6.11
8.75,76.25,2021,2,18,27.91,5.85
8.75,76.75,2021,2,18,27.25,5.85
8.75,77.25,2021,2,18,25.43,4.97
9.25,74.25,2021,2,18,28,6.39
9.25,74.75,2021,2,18,27.93,6.39
9.25,75.25,2021,2,18,27.71,6.25
9.25,75.75,2021,2,18,27.56,6.25
9.25,76.25,2021,2,18,27.96,5.99
9.25,76.75,2021,2,18,25.87,5.99
9.25,77.25,2021,2,18,24.35,4.7
9.75,74.25,2021,2,18,28.07,6.39
9.75,74.75,2021,2,18,28.03,6.39
9.75,75.25,2021,2,18,27.82,6.25
9.75,75.75,2021,2,18,27.6,6.25
9.75,76.25,2021,2,18,27.8,5.99
9.75,76.75,2021,2,18,23.97,5.99
9.75,77.25,2021,2,18,22.49,4.7
10.25,74.25,2021,2,18,27.97,5.6
10.25,74.75,2021,2,18,27.89,5.6
10.25,75.25,2021,2,18,27.71,5.6
10.25,75.75,2021,2,18,27.53,5.6
10.25,76.25,2021,2,18,27.48,5.2
10.25,76.75,2021,2,18,23.33,5.2
10.25,77.25,2021,2,18,22.01,4.22
10.75,74.25,2021,2,18,27.78,5.6
10.75,74.75,2021,2,18,27.67,5.6
10.75,75.25,2021,2,18,27.6,5.6
10.75,75.75,2021,2,18,27.36,5.6
10.75,76.25,2021,2,18,26.38,5.2
10.75,76.75,2021,2,18,23.72,5.2
10.75,77.25,2021,2,18,23.46,4.22
11.25,74.25,2021,2,18,27.62,6.12
11.25,74.75,2021,2,18,27.55,6.12
11.25,75.25,2021,2,18,27.49,5.92
11.25,75.75,2021,2,18,26.89,5.92
11.25,76.25,2021,2,18,24.75,4.83
11.25,76.75,2021,2,18,23.4,4.83
11.25,77.25,2021,2,18,24.14,4.65
11.75,74.25,2021,2,18,27.52,6.12
11.75,74.75,2021,2,18,27.44,6.12
11.75,75.25,2021,2,18,26.98,5.92
11.75,75.75,2021,2,18,25.89,5.92
11.75,76.25,2021,2,18,24.1,4.83
11.75,76.75,2021,2,18,23.53,4.83
11.75,77.25,2021,2,18,23.87,4.65
12.25,74.25,2021,2,18,27.47,5.66
12.25,74.75,2021,2,18,27.27,5.66
12.25,75.25,2021,2,18,26.25,5.79
12.25,75.75,2021,2,18,24.8,5.79
12.25,76.25,2021,2,18,24.25,4.62
12.25,76.75,2021,2,18,24.51,4.62
12.25,77.25,2021,2,18,23.88,4.98
12.75,74.25,2021,2,18,27.49,5.66
12.75,74.75,2021,2,18,27.14,5.66
12.75,75.25,2021,2,18,25.67,5.79
12.75,75.75,2021,2,18,23.87,5.79
12.75,76.25,2021,2,18,23.87,4.62
12.75,76.75,2021,2,18,24.53,4.62
12.75,77.25,2021,2,18,23.51,4.98
8.25,74.25,2021,2,19,28,6.69
8.25,74.75,2021,2,19,28.09,6.69
8.25,75.25,2021,2,19,28.09,6.43
8.25,75.75,2021,2,19,28.03,6.43
8.25,76.25,2021,2,19,27.98,6.26
8.25,76.75,2021,2,19,28.07,6.26
8.25,77.25,2021,2,19,27,5.81
8.75,74.25,2021,2,19,28.07,6.69
8.75,74.75,2021,2,19,28.2,6.69
8.75,75.25,2021,2,19,28.19,6.43
8.75,75.75,2021,2,19,28.08,6.43
8.75,76.25,2021,2,19,28.05,6.26
8.75,76.75,2021,2,19,27.43,6.26
8.75,77.25,2021,2,19,25.82,5.81
9.25,74.25,2021,2,19,28.16,6.45
9.25,74.75,2021,2,19,28.27,6.45
9.25,75.25,2021,2,19,28.26,6.28
9.25,75.75,2021,2,19,28.21,6.28
9.25,76.25,2021,2,19,28.31,6.24
9.25,76.75,2021,2,19,26.12,6.24
9.25,77.25,2021,2,19,24.7,5.83
9.75,74.25,2021,2,19,28.1,6.45
9.75,74.75,2021,2,19,28.15,6.45
9.75,75.25,2021,2,19,28.15,6.28
9.75,75.75,2021,2,19,28.13,6.28
9.75,76.25,2021,2,19,28.23,6.24
9.75,76.75,2021,2,19,24.54,6.24
9.75,77.25,2021,2,19,23.08,5.83
10.25,74.25,2021,2,19,27.86,6.34
10.25,74.75,2021,2,19,27.88,6.34
10.25,75.25,2021,2,19,27.9,6.36
10.25,75.75,2021,2,19,27.89,6.36
10.25,76.25,2021,2,19,27.83,5.76
10.25,76.75,2021,2,19,24.3,5.76
10.25,77.25,2021,2,19,22.89,5.56
10.75,74.25,2021,2,19,27.62,6.34
10.75,74.75,2021,2,19,27.68,6.34
10.75,75.25,2021,2,19,27.76,6.36
10.75,75.75,2021,2,19,27.59,6.36
10.75,76.25,2021,2,19,26.74,5.76
10.75,76.75,2021,2,19,24.57,5.76
10.75,77.25,2021,2,19,24.2,5.56
11.25,74.25,2021,2,19,27.45,5.95
11.25,74.75,2021,2,19,27.56,5.95
11.25,75.25,2021,2,19,27.5,5.99
11.25,75.75,2021,2,19,26.81,5.99
11.25,76.25,2021,2,19,24.86,4.88
11.25,76.75,2021,2,19,23.68,4.88
11.25,77.25,2021,2,19,24.39,5.34
11.75,74.25,2021,2,19,27.28,5.95
11.75,74.75,2021,2,19,27.31,5.95
11.75,75.25,2021,2,19,26.76,5.99
11.75,75.75,2021,2,19,25.48,5.99
11.75,76.25,2021,2,19,23.79,4.88
11.75,76.75,2021,2,19,23.43,4.88
11.75,77.25,2021,2,19,23.84,5.34
12.25,74.25,2021,2,19,27.13,5.57
12.25,74.75,2021,2,19,26.91,5.57
12.25,75.25,2021,2,19,25.74,4.52
12.25,75.75,2021,2,19,24.04,4.52
12.25,76.25,2021,2,19,23.5,4.07
12.25,76.75,2021,2,19,24.3,4.07
12.25,77.25,2021,2,19,23.81,4.65
12.75,74.25,2021,2,19,27.08,5.57
12.75,74.75,2021,2,19,26.38,5.57
12.75,75.25,2021,2,19,24.61,4.52
12.75,75.75,2021,2,19,22.65,4.52
12.75,76.25,2021,2,19,22.66,4.07
12.75,76.75,2021,2,19,24.04,4.07
12.75,77.25,2021,2,19,23.32,4.65
8.25,74.25,2021,2,20,28.11,6.9
8.25,74.75,2021,2,20,28.14,6.9
8.25,75.25,2021,2,20,28.06,6.59
8.25,75.75,2021,2,20,27.96,6.59
8.25,76.25,2021,2,20,28.12,6.39
8.25,76.75,2021,2,20,28.38,6.39
8.25,77.25,2021,2,20,27.26,5.37
8.75,74.25,2021,2,20,27.96,6.9
8.75,74.75,2021,2,20,28.01,6.9
8.75,75.25,2021,2,20,27.94,6.59
8.75,75.75,2021,2,20,27.9,6.59
8.75,76.25,2021,2,20,28.29,6.39
8.75,76.75,2021,2,20,27.74,6.39
8.75,77.25,2021,2,20,26.15,5.37
9.25,74.25,2021,2,20,27.8,6.47
9.25,74.75,2021,2,20,27.85,6.47
9.25,75.25,2021,2,20,27.83,6.48
9.25,75.75,2021,2,20,27.92,6.48
9.25,76.25,2021,2,20,28.58,6.51
9.25,76.75,2021,2,20,26.48,6.51
9.25,77.25,2021,2,20,25.07,5.16
9.75,74.25,2021,2,20,27.62,6.47
9.75,74.75,2021,2,20,27.68,6.47
9.75,75.25,2021,2,20,27.73,6.48
9.75,75.75,2021,2,20,27.92,6.48
9.75,76.25,2021,2,20,28.53,6.51
9.75,76.75,2021,2,20,25.03,6.51
9.75,77.25,2021,2,20,23.59,5.16
10.25,74.25,2021,2,20,27.46,6.23
10.25,74.75,2021,2,20,27.54,6.23
10.25,75.25,2021,2,20,27.7,6.44
10.25,75.75,2021,2,20,27.94,6.44
10.25,76.25,2021,2,20,28.25,5.6
10.25,76.75,2021,2,20,24.73,5.6
10.25,77.25,2021,2,20,23.39,4.54
10.75,74.25,2021,2,20,27.38,6.23
10.75,74.75,2021,2,20,27.48,6.23
10.75,75.25,2021,2,20,27.71,6.44
10.75,75.75,2021,2,20,27.77,6.44
10.75,76.25,2021,2,20,27.05,5.6
10.75,76.75,2021,2,20,24.84,5.6
10.75,77.25,2021,2,20,24.56,4.54
11.25,74.25,2021,2,20,27.39,6.15
11.25,74.75,2021,2,20,27.49,6.15
11.25,75.25,2021,2,20,27.52,6.32
11.25,75.75,2021,2,20,26.93,6.32
11.25,76.25,2021,2,20,24.77,4.85
11.25,76.75,2021,2,20,23.57,4.85
11.25,77.25,2021,2,20,24.61,4.62
11.75,74.25,2021,2,20,27.5,6.15
11.75,74.75,2021,2,20,27.49,6.15
11.75,75.25,2021,2,20,26.89,6.32
11.75,75.75,2021,2,20,25.45,6.32
11.75,76.25,2021,2,20,23.26,4.85
11.75,76.75,2021,2,20,22.68,4.85
11.75,77.25,2021,2,20,23.68,4.62
12.25,74.25,2021,2,20,27.71,6.13
12.25,74.75,2021,2,20,27.43,6.13
12.25,75.25,2021,2,20,26.06,5.58
12.25,75.75,2021,2,20,23.95,5.58
12.25,76.25,2021,2,20,22.7,4.73
12.25,76.75,2021,2,20,22.98,4.73
12.25,77.25,2021,2,20,23.19,4.39
12.75,74.25,2021,2,20,27.96,6.13
12.75,74.75,2021,2,20,27.26,6.13
12.75,75.25,2021,2,20,25.23,5.58
12.75,75.75,2021,2,20,22.7,5.58
12.75,76.25,2021,2,20,21.96,4.73
12.75,76.75,2021,2,20,22.65,4.73
12.75,77.25,2021,2,20,22.45,4.39
8.25,74.25,2021,2,21,27.4,6.51
8.25,74.75,2021,2,21,27.38,6.51
8.25,75.25,2021,2,21,27.41,6.12
8.25,75.75,2021,2,21,27.54,6.12
8.25,76.25,2021,2,21,27.89,6.62
8.25,76.75,2021,2,21,28.19,6.62
8.25,77.25,2021,2,21,27.18,6.02
8.75,74.25,2021,2,21,27.34,6.51
8.75,74.75,2021,2,21,27.33,6.51
8.75,75.25,2021,2,21,27.37,6.12
8.75,75.75,2021,2,21,27.58,6.12
8.75,76.25,2021,2,21,28.16,6.62
8.75,76.75,2021,2,21,27.61,6.62
8.75,77.25,2021,2,21,26.16,6.02
9.25,74.25,2021,2,21,27.35,6.5
9.25,74.75,2021,2,21,27.35,6.5
9.25,75.25,2021,2,21,27.39,6.26
9.25,75.75,2021,2,21,27.66,6.26
9.25,76.25,2021,2,21,28.52,6.25
9.25,76.75,2021,2,21,26.52,6.25
9.25,77.25,2021,2,21,25.22,5.86
9.75,74.25,2021,2,21,27.45,6.5
9.75,74.75,2021,2,21,27.42,6.5
9.75,75.25,2021,2,21,27.43,6.26
9.75,75.75,2021,2,21,27.67,6.26
9.75,76.25,2021,2,21,28.45,6.25
9.75,76.75,2021,2,21,25.26,6.25
9.75,77.25,2021,2,21,23.82,5.86
10.25,74.25,2021,2,21,27.57,6
10.25,74.75,2021,2,21,27.51,6
10.25,75.25,2021,2,21,27.5,6.35
10.25,75.75,2021,2,21,27.56,6.35
10.25,76.25,2021,2,21,27.77,5.61
10.25,76.75,2021,2,21,24.98,5.61
10.25,77.25,2021,2,21,23.75,5.08
10.75,74.25,2021,2,21,27.66,6
10.75,74.75,2021,2,21,27.6,6
10.75,75.25,2021,2,21,27.47,6.35
10.75,75.75,2021,2,21,27.03,6.35
10.75,76.25,2021,2,21,25.93,5.61
10.75,76.75,2021,2,21,24.77,5.61
10.75,77.25,2021,2,21,24.81,5.08
11.25,74.25,2021,2,21,27.77,5.71
11.25,74.75,2021,2,21,27.63,5.71
11.25,75.25,2021,2,21,27.04,5.87
11.25,75.75,2021,2,21,25.66,5.87
11.25,76.25,2021,2,21,23.2,4.69
11.25,76.75,2021,2,21,22.94,4.69
11.25,77.25,2021,2,21,24.33,4.56
11.75,74.25,2021,2,21,27.95,5.71
11.75,74.75,2021,2,21,27.49,5.71
11.75,75.25,2021,2,21,26.04,5.87
11.75,75.75,2021,2,21,23.72,5.87
11.75,76.25,2021,2,21,21.39,4.69
11.75,76.75,2021,2,21,21.58,4.69
11.75,77.25,2021,2,21,22.88,4.56
12.25,74.25,2021,2,21,28.18,5.41
12.25,74.75,2021,2,21,27.28,5.41
12.25,75.25,2021,2,21,24.95,4.74
12.25,75.75,2021,2,21,22.01,4.74
12.25,76.25,2021,2,21,20.65,4.52
12.25,76.75,2021,2,21,21.54,4.52
12.25,77.25,2021,2,21,22.17,3.98
12.75,74.25,2021,2,21,28.38,5.41
12.75,74.75,2021,2,21,27.21,5.41
12.75,75.25,2021,2,21,24.4,4.74
12.75,75.75,2021,2,21,21.13,4.74
12.75,76.25,2021,2,21,20.21,4.52
12.75,76.75,2021,2,21,21.36,4.52
12.75,77.25,2021,2,21,21.59,3.98
8.25,74.25,2021,2,22,27.82,6.78
8.25,74.75,2021,2,22,27.71,6.78
8.25,75.25,2021,2,22,27.64,6.92
8.25,75.75,2021,2,22,27.69,6.92
8.25,76.25,2021,2,22,28.06,6.89
8.25,76.75,2021,2,22,28.34,6.89
8.25,77.25,2021,2,22,27.33,6.12
8.75,74.25,2021,2,22,27.84,6.78
8.75,74.75,2021,2,22,27.87,6.78
8.75,75.25,2021,2,22,27.88,6.92
8.75,75.75,2021,2,22,27.99,6.92
8.75,76.25,2021,2,22,28.37,6.89
8.75,76.75,2021,2,22,27.88,6.89
8.75,77.25,2021,2,22,26.39,6.12
9.25,74.25,2021,2,22,27.92,6.61
9.25,74.75,2021,2,22,28.02,6.61
9.25,75.25,2021,2,22,28.09,6.52
9.25,75.75,2021,2,22,28.26,6.52
9.25,76.25,2021,2,22,28.75,6.55
9.25,76.75,2021,2,22,26.96,6.55
9.25,77.25,2021,2,22,25.58,5.82
9.75,74.25,2021,2,22,28.06,6.61
9.75,74.75,2021,2,22,28.16,6.61
9.75,75.25,2021,2,22,28.24,6.52
9.75,75.75,2021,2,22,28.42,6.52
9.75,76.25,2021,2,22,28.94,6.55
9.75,76.75,2021,2,22,25.61,6.55
9.75,77.25,2021,2,22,24.05,5.82
10.25,74.25,2021,2,22,28.17,5.86
10.25,74.75,2021,2,22,28.24,5.86
10.25,75.25,2021,2,22,28.33,6.48
10.25,75.75,2021,2,22,28.49,6.48
10.25,76.25,2021,2,22,28.78,6.25
10.25,76.75,2021,2,22,25.07,6.25
10.25,77.25,2021,2,22,23.61,5.26
10.75,74.25,2021,2,22,28.27,5.86
10.75,74.75,2021,2,22,28.29,5.86
10.75,75.25,2021,2,22,28.36,6.48
10.75,75.75,2021,2,22,28.25,6.48
10.75,76.25,2021,2,22,27.38,6.25
10.75,76.75,2021,2,22,24.96,6.25
10.75,77.25,2021,2,22,24.75,5.26
11.25,74.25,2021,2,22,28.31,6.12
11.25,74.75,2021,2,22,28.3,6.12
11.25,75.25,2021,2,22,28.14,6.44
11.25,75.75,2021,2,22,27.33,6.44
11.25,76.25,2021,2,22,25,5.51
11.25,76.75,2021,2,22,23.7,5.51
11.25,77.25,2021,2,22,24.78,6
11.75,74.25,2021,2,22,28.33,6.12
11.75,74.75,2021,2,22,28.23,6.12
11.75,75.25,2021,2,22,27.46,6.44
11.75,75.75,2021,2,22,25.83,6.44
11.75,76.25,2021,2,22,23.44,5.51
11.75,76.75,2021,2,22,22.91,5.51
11.75,77.25,2021,2,22,23.84,6
12.25,74.25,2021,2,22,28.33,4.73
12.25,74.75,2021,2,22,28.04,4.73
12.25,75.25,2021,2,22,26.59,5.17
12.25,75.75,2021,2,22,24.34,5.17
12.25,76.25,2021,2,22,22.81,5.71
12.25,76.75,2021,2,22,23.24,5.71
12.25,77.25,2021,2,22,23.5,5.85
12.75,74.25,2021,2,22,28.4,4.73
12.75,74.75,2021,2,22,27.81,4.73
12.75,75.25,2021,2,22,25.82,5.17
12.75,75.75,2021,2,22,23.21,5.17
12.75,76.25,2021,2,22,22.28,5.71
12.75,76.75,2021,2,22,23.16,5.71
12.75,77.25,2021,2,22,23.1,5.85
8.25,74.25,2021,2,23,27.91,6.25
8.25,74.75,2021,2,23,27.72,6.25
8.25,75.25,2021,2,23,27.63,6.3
8.25,75.75,2021,2,23,27.76,6.3
8.25,76.25,2021,2,23,28.1,6.39
8.25,76.75,2021,2,23,28.32,6.39
8.25,77.25,2021,2,23,27.28,6.43
8.75,74.25,2021,2,23,27.94,6.25
8.75,74.75,2021,2,23,27.81,6.25
8.75,75.25,2021,2,23,27.78,6.3
8.75,75.75,2021,2,23,27.96,6.3
8.75,76.25,2021,2,23,28.42,6.39
8.75,76.75,2021,2,23,28,6.39
8.75,77.25,2021,2,23,26.37,6.43
9.25,74.25,2021,2,23,28.01,6.3
9.25,74.75,2021,2,23,27.94,6.3
9.25,75.25,2021,2,23,27.94,6.37
9.25,75.75,2021,2,23,28.15,6.37
9.25,76.25,2021,2,23,28.79,6.51
9.25,76.75,2021,2,23,26.99,6.51
9.25,77.25,2021,2,23,25.47,6.41
9.75,74.25,2021,2,23,28.12,6.3
9.75,74.75,2021,2,23,28.09,6.3
9.75,75.25,2021,2,23,28.12,6.37
9.75,75.75,2021,2,23,28.35,6.37
9.75,76.25,2021,2,23,29.08,6.51
9.75,76.75,2021,2,23,25.45,6.51
9.75,77.25,2021,2,23,23.83,6.41
10.25,74.25,2021,2,23,28.23,6.27
10.25,74.75,2021,2,23,28.22,6.27
10.25,75.25,2021,2,23,28.3,6.62
10.25,75.75,2021,2,23,28.54,6.62
10.25,76.25,2021,2,23,29.04,6.51
10.25,76.75,2021,2,23,24.93,6.51
10.25,77.25,2021,2,23,23.51,6.33
10.75,74.25,2021,2,23,28.32,6.27
10.75,74.75,2021,2,23,28.32,6.27
10.75,75.25,2021,2,23,28.48,6.62
10.75,75.75,2021,2,23,28.53,6.62
10.75,76.25,2021,2,23,27.78,6.51
10.75,76.75,2021,2,23,25.18,6.51
10.75,77.25,2021,2,23,24.95,6.33
11.25,74.25,2021,2,23,28.39,6.61
11.25,74.75,2021,2,23,28.42,6.61
11.25,75.25,2021,2,23,28.46,6.77
11.25,75.75,2021,2,23,27.94,6.77
11.25,76.25,2021,2,23,25.73,6.34
11.25,76.75,2021,2,23,24.34,6.34
11.25,77.25,2021,2,23,25.34,6.71
11.75,74.25,2021,2,23,28.45,6.61
11.75,74.75,2021,2,23,28.47,6.61
11.75,75.25,2021,2,23,27.98,6.77
11.75,75.75,2021,2,23,26.71,6.77
11.75,76.25,2021,2,23,24.58,6.34
11.75,76.75,2021,2,23,23.92,6.34
11.75,77.25,2021,2,23,24.8,6.71
12.25,74.25,2021,2,23,28.45,6.66
12.25,74.75,2021,2,23,28.34,6.66
12.25,75.25,2021,2,23,27.17,6.39
12.25,75.75,2021,2,23,25.3,6.39
12.25,76.25,2021,2,23,24.22,6.49
12.25,76.75,2021,2,23,24.42,6.49
12.25,77.25,2021,2,23,24.62,6.72
12.75,74.25,2021,2,23,28.49,6.66
12.75,74.75,2021,2,23,28.13,6.66
12.75,75.25,2021,2,23,26.37,6.39
12.75,75.75,2021,2,23,24.01,6.39
12.75,76.25,2021,2,23,23.49,6.49
12.75,76.75,2021,2,23,24.17,6.49
12.75,77.25,2021,2,23,24.13,6.72
8.25,74.25,2021,2,24,27.61,6.19
8.25,74.75,2021,2,24,27.55,6.19
8.25,75.25,2021,2,24,27.64,6.16
8.25,75.75,2021,2,24,27.89,6.16
8.25,76.25,2021,2,24,28.22,6.41
8.25,76.75,2021,2,24,28.31,6.41
8.25,77.25,2021,2,24,27.21,6.33
8.75,74.25,2021,2,24,27.73,6.19
8.75,74.75,2021,2,24,27.61,6.19
8.75,75.25,2021,2,24,27.6,6.16
8.75,75.75,2021,2,24,27.8,6.16
8.75,76.25,2021,2,24,28.34,6.41
8.75,76.75,2021,2,24,27.91,6.41
8.75,77.25,2021,2,24,26.3,6.33
9.25,74.25,2021,2,24,27.91,6.44
9.25,74.75,2021,2,24,27.79,6.44
9.25,75.25,2021,2,24,27.7,6.27
9.25,75.75,2021,2,24,27.86,6.27
9.25,76.25,2021,2,24,28.64,6.63
9.25,76.75,2021,2,24,26.79,6.63
9.25,77.25,2021,2,24,25.25,6.49
9.75,74.25,2021,2,24,28.12,6.44
9.75,74.75,2021,2,24,28.01,6.44
9.75,75.25,2021,2,24,27.94,6.27
9.75,75.75,2021,2,24,28.13,6.27
9.75,76.25,2021,2,24,28.97,6.63
9.75,76.75,2021,2,24,25.23,6.63
9.75,77.25,2021,2,24,23.54,6.49
10.25,74.25,2021,2,24,28.3,6.37
10.25,74.75,2021,2,24,28.25,6.37
10.25,75.25,2021,2,24,28.26,6.32
10.25,75.75,2021,2,24,28.46,6.32
10.25,76.25,2021,2,24,29.01,6.51
10.25,76.75,2021,2,24,24.78,6.51
10.25,77.25,2021,2,24,23.23,6.39
10.75,74.25,2021,2,24,28.37,6.37
10.75,74.75,2021,2,24,28.39,6.37
10.75,75.25,2021,2,24,28.52,6.32
10.75,75.75,2021,2,24,28.53,6.32
10.75,76.25,2021,2,24,27.91,6.51
10.75,76.75,2021,2,24,25.09,6.51
10.75,77.25,2021,2,24,24.67,6.39
11.25,74.25,2021,2,24,28.3,6.4
11.25,74.75,2021,2,24,28.42,6.4
11.25,75.25,2021,2,24,28.48,6.34
11.25,75.75,2021,2,24,27.99,6.34
11.25,76.25,2021,2,24,26.02,6.01
11.25,76.75,2021,2,24,24.41,6.01
11.25,77.25,2021,2,24,25.18,6.65
11.75,74.25,2021,2,24,28.22,6.4
11.75,74.75,2021,2,24,28.34,6.4
11.75,75.25,2021,2,24,28,6.34
11.75,75.75,2021,2,24,26.93,6.34
11.75,76.25,2021,2,24,25.04,6.01
11.75,76.75,2021,2,24,24.1,6.01
11.75,77.25,2021,2,24,24.75,6.65
12.25,74.25,2021,2,24,28.23,6.56
12.25,74.75,2021,2,24,28.22,6.56
12.25,75.25,2021,2,24,27.31,6.29
12.25,75.75,2021,2,24,25.74,6.29
12.25,76.25,2021,2,24,24.83,6.68
12.25,76.75,2021,2,24,24.65,6.68
12.25,77.25,2021,2,24,24.61,6.83
12.75,74.25,2021,2,24,28.38,6.56
12.75,74.75,2021,2,24,28.14,6.56
12.75,75.25,2021,2,24,26.67,6.29
12.75,75.75,2021,2,24,24.62,6.29
12.75,76.25,2021,2,24,24.19,6.68
12.75,76.75,2021,2,24,24.54,6.68
12.75,77.25,2021,2,24,24.24,6.83
8.25,74.25,2021,2,25,27.99,5.8
8.25,74.75,2021,2,25,27.9,5.8
8.25,75.25,2021,2,25,27.87,5.51
8.25,75.75,2021,2,25,27.89,5.51
8.25,76.25,2021,2,25,27.95,5.93
8.25,76.75,2021,2,25,28.08,5.93
8.25,77.25,2021,2,25,27.21,6.32
8.75,74.25,2021,2,25,28.1,5.8
8.75,74.75,2021,2,25,28.01,5.8
8.75,75.25,2021,2,25,27.93,5.51
8.75,75.75,2021,2,25,27.94,5.51
8.75,76.25,2021,2,25,28.09,5.93
8.75,76.75,2021,2,25,27.66,5.93
8.75,77.25,2021,2,25,26.35,6.32
9.25,74.25,2021,2,25,28.19,5.89
9.25,74.75,2021,2,25,28.1,5.89
9.25,75.25,2021,2,25,28.03,5.39
9.25,75.75,2021,2,25,28.08,5.39
9.25,76.25,2021,2,25,28.49,6.31
9.25,76.75,2021,2,25,26.67,6.31
9.25,77.25,2021,2,25,25.55,6.35
9.75,74.25,2021,2,25,28.25,5.89
9.75,74.75,2021,2,25,28.19,5.89
9.75,75.25,2021,2,25,28.16,5.39
9.75,75.75,2021,2,25,28.34,5.39
9.75,76.25,2021,2,25,29.02,6.31
9.75,76.75,2021,2,25,25.45,6.31
9.75,77.25,2021,2,25,24.16,6.35
10.25,74.25,2021,2,25,28.23,5.95
10.25,74.75,2021,2,25,28.2,5.95
10.25,75.25,2021,2,25,28.26,5.88
10.25,75.75,2021,2,25,28.52,5.88
10.25,76.25,2021,2,25,29.12,6.2
10.25,76.75,2021,2,25,25.27,6.2
10.25,77.25,2021,2,25,23.91,6.63
10.75,74.25,2021,2,25,28.17,5.95
10.75,74.75,2021,2,25,28.13,5.95
10.75,75.25,2021,2,25,28.26,5.88
10.75,75.75,2021,2,25,28.36,5.88
10.75,76.25,2021,2,25,27.89,6.2
10.75,76.75,2021,2,25,25.65,6.2
10.75,77.25,2021,2,25,25.21,6.63
11.25,74.25,2021,2,25,28.1,6.08
11.25,74.75,2021,2,25,28.09,6.08
11.25,75.25,2021,2,25,28.14,6.47
11.25,75.75,2021,2,25,27.76,6.47
11.25,76.25,2021,2,25,25.98,6.28
11.25,76.75,2021,2,25,25.08,6.28
11.25,77.25,2021,2,25,25.79,6.82
11.75,74.25,2021,2,25,28.09,6.08
11.75,74.75,2021,2,25,28.14,6.08
11.75,75.25,2021,2,25,27.81,6.47
11.75,75.75,2021,2,25,26.85,6.47
11.75,76.25,2021,2,25,25.15,6.28
11.75,76.75,2021,2,25,24.92,6.28
11.75,77.25,2021,2,25,25.62,6.82
12.25,74.25,2021,2,25,28.17,6.26
12.25,74.75,2021,2,25,28.24,6.26
12.25,75.25,2021,2,25,27.41,6.5
12.25,75.75,2021,2,25,25.89,6.5
12.25,76.25,2021,2,25,25.02,6.6
12.25,76.75,2021,2,25,25.37,6.6
12.25,77.25,2021,2,25,25.5,6.87
12.75,74.25,2021,2,25,28.34,6.26
12.75,74.75,2021,2,25,28.33,6.26
12.75,75.25,2021,2,25,26.96,6.5
12.75,75.75,2021,2,25,24.85,6.5
12.75,76.25,2021,2,25,24.37,6.6
12.75,76.75,2021,2,25,25.07,6.6
12.75,77.25,2021,2,25,24.88,6.87
8.25,74.25,2021,2,26,28.34,6.01
8.25,74.75,2021,2,26,28.19,6.01
8.25,75.25,2021,2,26,28.05,5.97
8.25,75.75,2021,2,26,27.96,5.97
8.25,76.25,2021,2,26,27.9,6.27
8.25,76.75,2021,2,26,28.31,6.27
8.25,77.25,2021,2,26,27.64,6.46
8.75,74.25,2021,2,26,28.26,6.01
8.75,74.75,2021,2,26,28.14,6.01
8.75,75.25,2021,2,26,28.05,5.97
8.75,75.75,2021,2,26,28.04,5.97
8.75,76.25,2021,2,26,28.18,6.27
8.75,76.75,2021,2,26,28.14,6.27
8.75,77.25,2021,2,26,27,6.46
9.25,74.25,2021,2,26,28.26,5.96
9.25,74.75,2021,2,26,28.16,5.96
9.25,75.25,2021,2,26,28.08,5.8
9.25,75.75,2021,2,26,28.11,5.8
9.25,76.25,2021,2,26,28.5,6.28
9.25,76.75,2021,2,26,27,6.28
9.25,77.25,2021,2,26,26.02,6.39
9.75,74.25,2021,2,26,28.31,5.96
9.75,74.75,2021,2,26,28.23,5.96
9.75,75.25,2021,2,26,28.13,5.8
9.75,75.75,2021,2,26,28.23,5.8
9.75,76.25,2021,2,26,28.94,6.28
9.75,76.75,2021,2,26,25.84,6.28
9.75,77.25,2021,2,26,24.65,6.39
10.25,74.25,2021,2,26,28.38,5.83
10.25,74.75,2021,2,26,28.29,5.83
10.25,75.25,2021,2,26,28.23,5.79
10.25,75.75,2021,2,26,28.44,5.79
10.25,76.25,2021,2,26,29.32,6.08
10.25,76.75,2021,2,26,26.07,6.08
10.25,77.25,2021,2,26,24.78,6.71
10.75,74.25,2021,2,26,28.43,5.83
10.75,74.75,2021,2,26,28.35,5.83
10.75,75.25,2021,2,26,28.41,5.79
10.75,75.75,2021,2,26,28.54,5.79
10.75,76.25,2021,2,26,28.49,6.08
10.75,76.75,2021,2,26,26.79,6.08
10.75,77.25,2021,2,26,26.35,6.71
11.25,74.25,2021,2,26,28.49,5.87
11.25,74.75,2021,2,26,28.46,5.87
11.25,75.25,2021,2,26,28.5,6.28
11.25,75.75,2021,2,26,28.21,6.28
11.25,76.25,2021,2,26,26.73,6.05
11.25,76.75,2021,2,26,26.11,6.05
11.25,77.25,2021,2,26,26.73,6.74
11.75,74.25,2021,2,26,28.52,5.87
11.75,74.75,2021,2,26,28.56,5.87
11.75,75.25,2021,2,26,28.28,6.28
11.75,75.75,2021,2,26,27.45,6.28
11.75,76.25,2021,2,26,26,6.05
11.75,76.75,2021,2,26,25.78,6.05
11.75,77.25,2021,2,26,26.25,6.74
12.25,74.25,2021,2,26,28.55,6.38
12.25,74.75,2021,2,26,28.59,6.38
12.25,75.25,2021,2,26,27.78,6.54
12.25,75.75,2021,2,26,26.36,6.54
12.25,76.25,2021,2,26,25.72,6.52
12.25,76.75,2021,2,26,26.08,6.52
12.25,77.25,2021,2,26,25.92,6.84
12.75,74.25,2021,2,26,28.66,6.38
12.75,74.75,2021,2,26,28.55,6.38
12.75,75.25,2021,2,26,27.15,6.54
12.75,75.75,2021,2,26,25.11,6.54
12.75,76.25,2021,2,26,24.81,6.52
12.75,76.75,2021,2,26,25.47,6.52
12.75,77.25,2021,2,26,25.05,6.84
8.25,74.25,2021,2,27,28.54,6.21
8.25,74.75,2021,2,27,28.46,6.21
8.25,75.25,2021,2,27,28.36,6.03
8.25,75.75,2021,2,27,28.18,6.03
8.25,76.25,2021,2,27,27.87,6.27
8.25,76.75,2021,2,27,28.36,6.27
8.25,77.25,2021,2,27,27.84,6.52
8.75,74.25,2021,2,27,28.59,6.21
8.75,74.75,2021,2,27,28.53,6.21
8.75,75.25,2021,2,27,28.41,6.03
8.75,75.75,2021,2,27,28.28,6.03
8.75,76.25,2021,2,27,28.25,6.27
8.75,76.75,2021,2,27,28.46,6.27
8.75,77.25,2021,2,27,27.33,6.52
9.25,74.25,2021,2,27,28.63,6.23
9.25,74.75,2021,2,27,28.57,6.23
9.25,75.25,2021,2,27,28.48,5.94
9.25,75.75,2021,2,27,28.48,5.94
9.25,76.25,2021,2,27,28.89,6.53
9.25,76.75,2021,2,27,27.43,6.53
9.25,77.25,2021,2,27,26.3,6.56
9.75,74.25,2021,2,27,28.64,6.23
9.75,74.75,2021,2,27,28.58,6.23
9.75,75.25,2021,2,27,28.51,5.94
9.75,75.75,2021,2,27,28.64,5.94
9.75,76.25,2021,2,27,29.44,6.53
9.75,76.75,2021,2,27,26.2,6.53
9.75,77.25,2021,2,27,24.87,6.56
10.25,74.25,2021,2,27,28.64,6.12
10.25,74.75,2021,2,27,28.59,6.12
10.25,75.25,2021,2,27,28.58,5.94
10.25,75.75,2021,2,27,28.84,5.94
10.25,76.25,2021,2,27,29.84,6.33
10.25,76.75,2021,2,27,26.49,6.33
10.25,77.25,2021,2,27,25.02,6.78
10.75,74.25,2021,2,27,28.59,6.12
10.75,74.75,2021,2,27,28.56,6.12
10.75,75.25,2021,2,27,28.68,5.94
10.75,75.75,2021,2,27,28.9,5.94
10.75,76.25,2021,2,27,29.01,6.33
10.75,76.75,2021,2,27,27.24,6.33
10.75,77.25,2021,2,27,26.55,6.78
11.25,74.25,2021,2,27,28.54,6.23
11.25,74.75,2021,2,27,28.58,6.23
11.25,75.25,2021,2,27,28.66,6.23
11.25,75.75,2021,2,27,28.41,6.23
11.25,76.25,2021,2,27,27.08,6.22
11.25,76.75,2021,2,27,26.3,6.22
11.25,77.25,2021,2,27,26.75,6.66
11.75,74.25,2021,2,27,28.51,6.23
11.75,74.75,2021,2,27,28.61,6.23
11.75,75.25,2021,2,27,28.32,6.23
11.75,75.75,2021,2,27,27.43,6.23
11.75,76.25,2021,2,27,26.08,6.22
11.75,76.75,2021,2,27,25.74,6.22
11.75,77.25,2021,2,27,26.26,6.66
12.25,74.25,2021,2,27,28.51,6.46
12.25,74.75,2021,2,27,28.6,6.46
12.25,75.25,2021,2,27,27.81,6.21
12.25,75.75,2021,2,27,26.4,6.21
12.25,76.25,2021,2,27,25.87,6.49
12.25,76.75,2021,2,27,26.37,6.49
12.25,77.25,2021,2,27,26.29,6.65
12.75,74.25,2021,2,27,28.6,6.46
12.75,74.75,2021,2,27,28.59,6.46
12.75,75.25,2021,2,27,27.34,6.21
12.75,75.75,2021,2,27,25.44,6.21
12.75,76.25,2021,2,27,25.14,6.49
12.75,76.75,2021,2,27,26.15,6.49
12.75,77.25,2021,2,27,25.7,6.65
8.25,74.25,2021,2,28,28.33,6.24
8.25,74.75,2021,2,28,28.29,6.24
8.25,75.25,2021,2,28,28.26,6.33
8.25,75.75,2021,2,28,28.17,6.33
8.25,76.25,2021,2,28,27.98,6.58
8.25,76.75,2021,2,28,28.14,6.58
8.25,77.25,2021,2,28,26.96,7.01
8.75,74.25,2021,2,28,28.25,6.24
8.75,74.75,2021,2,28,28.26,6.24
8.75,75.25,2021,2,28,28.31,6.33
8.75,75.75,2021,2,28,28.37,6.33
8.75,76.25,2021,2,28,28.51,6.58
8.75,76.75,2021,2,28,27.82,6.58
8.75,77.25,2021,2,28,26.05,7.01
9.25,74.25,2021,2,28,28.16,6.17
9.25,74.75,2021,2,28,28.2,6.17
9.25,75.25,2021,2,28,28.29,6.13
9.25,75.75,2021,2,28,28.51,6.13
9.25,76.25,2021,2,28,29.17,6.91
9.25,76.75,2021,2,28,26.72,6.91
9.25,77.25,2021,2,28,25.18,7.04
9.75,74.25,2021,2,28,28.11,6.17
9.75,74.75,2021,2,28,28.18,6.17
9.75,75.25,2021,2,28,28.28,6.13
9.75,75.75,2021,2,28,28.65,6.13
9.75,76.25,2021,2,28,29.83,6.91
9.75,76.75,2021,2,28,25.51,6.91
9.75,77.25,2021,2,28,23.85,7.04
10.25,74.25,2021,2,28,28.09,6.11
10.25,74.75,2021,2,28,28.18,6.11
10.25,75.25,2021,2,28,28.35,6.22
10.25,75.75,2021,2,28,28.85,6.22
10.25,76.25,2021,2,28,30.15,6.8
10.25,76.75,2021,2,28,25.6,6.8
10.25,77.25,2021,2,28,24.01,6.99
10.75,74.25,2021,2,28,28.11,6.11
10.75,74.75,2021,2,28,28.18,6.11
10.75,75.25,2021,2,28,28.5,6.22
10.75,75.75,2021,2,28,28.91,6.22
10.75,76.25,2021,2,28,28.97,6.8
10.75,76.75,2021,2,28,26.01,6.8
10.75,77.25,2021,2,28,25.43,6.99
11.25,74.25,2021,2,28,28.14,6
11.25,74.75,2021,2,28,28.25,6
11.25,75.25,2021,2,28,28.56,6.34
11.25,75.75,2021,2,28,28.48,6.34
11.25,76.25,2021,2,28,26.67,6.77
11.25,76.75,2021,2,28,24.88,6.77
11.25,77.25,2021,2,28,25.62,6.82
11.75,74.25,2021,2,28,28.22,6
11.75,74.75,2021,2,28,28.38,6
11.75,75.25,2021,2,28,28.3,6.34
11.75,75.75,2021,2,28,27.54,6.34
11.75,76.25,2021,2,28,25.51,6.77
11.75,76.75,2021,2,28,24.47,6.77
11.75,77.25,2021,2,28,25.24,6.82
12.25,74.25,2021,2,28,28.35,6.18
12.25,74.75,2021,2,28,28.5,6.18
12.25,75.25,2021,2,28,27.86,6.51
12.25,75.75,2021,2,28,26.48,6.51
12.25,76.25,2021,2,28,25.35,6.72
12.25,76.75,2021,2,28,25.5,6.72
12.25,77.25,2021,2,28,25.46,6.81
12.75,74.25,2021,2,28,28.55,6.18
12.75,74.75,2021,2,28,28.58,6.18
12.75,75.25,2021,2,28,27.42,6.51
12.75,75.75,2021,2,28,25.53,6.51
12.75,76.25,2021,2,28,24.91,6.72
12.75,76.75,2021,2,28,25.8,6.72
12.75,77.25,2021,2,28,25.23,6.81
8.25,74.25,2021,3,1,27.64,6.31
8.25,74.75,2021,3,1,27.57,6.31
8.25,75.25,2021,3,1,27.6,6.79
8.25,75.75,2021,3,1,27.71,6.79
8.25,76.25,2021,3,1,27.78,6.78
8.25,76.75,2021,3,1,27.65,6.78
8.25,77.25,2021,3,1,26.64,6.9
8.75,74.25,2021,3,1,27.71,6.31
8.75,74.75,2021,3,1,27.61,6.31
8.75,75.25,2021,3,1,27.66,6.79
8.75,75.75,2021,3,1,27.83,6.79
8.75,76.25,2021,3,1,28.1,6.78
8.75,76.75,2021,3,1,27.06,6.78
8.75,77.25,2021,3,1,25.45,6.9
9.25,74.25,2021,3,1,27.81,6.2
9.25,74.75,2021,3,1,27.7,6.2
9.25,75.25,2021,3,1,27.75,6.27
9.25,75.75,2021,3,1,28.04,6.27
9.25,76.25,2021,3,1,28.72,6.8
9.25,76.75,2021,3,1,26.13,6.8
9.25,77.25,2021,3,1,24.62,7.02
9.75,74.25,2021,3,1,27.83,6.2
9.75,74.75,2021,3,1,27.76,6.2
9.75,75.25,2021,3,1,27.8,6.27
9.75,75.75,2021,3,1,28.15,6.27
9.75,76.25,2021,3,1,29.25,6.8
9.75,76.75,2021,3,1,25.19,6.8
9.75,77.25,2021,3,1,23.4,7.02
10.25,74.25,2021,3,1,27.83,6.17
10.25,74.75,2021,3,1,27.78,6.17
10.25,75.25,2021,3,1,27.85,6.38
10.25,75.75,2021,3,1,28.24,6.38
10.25,76.25,2021,3,1,29.33,6.84
10.25,76.75,2021,3,1,25.25,6.84
10.25,77.25,2021,3,1,23.57,7.08
10.75,74.25,2021,3,1,27.85,6.17
10.75,74.75,2021,3,1,27.79,6.17
10.75,75.25,2021,3,1,28,6.38
10.75,75.75,2021,3,1,28.27,6.38
10.75,76.25,2021,3,1,28.01,6.84
10.75,76.75,2021,3,1,25.38,6.84
10.75,77.25,2021,3,1,24.98,7.08
11.25,74.25,2021,3,1,27.86,6.04
11.25,74.75,2021,3,1,27.86,6.04
11.25,75.25,2021,3,1,28.07,6.33
11.25,75.75,2021,3,1,27.83,6.33
11.25,76.25,2021,3,1,25.73,6.78
11.25,76.75,2021,3,1,24.21,6.78
11.25,77.25,2021,3,1,25.22,7.02
11.75,74.25,2021,3,1,27.88,6.04
11.75,74.75,2021,3,1,27.98,6.04
11.75,75.25,2021,3,1,27.81,6.33
11.75,75.75,2021,3,1,26.92,6.33
11.75,76.25,2021,3,1,24.82,6.78
11.75,76.75,2021,3,1,23.97,6.78
11.75,77.25,2021,3,1,24.89,7.02
12.25,74.25,2021,3,1,28.03,6.22
12.25,74.75,2021,3,1,28.16,6.22
12.25,75.25,2021,3,1,27.45,6.45
12.25,75.75,2021,3,1,25.97,6.45
12.25,76.25,2021,3,1,24.94,6.92
12.25,76.75,2021,3,1,25.05,6.92
12.25,77.25,2021,3,1,25.08,7.07
12.75,74.25,2021,3,1,28.36,6.22
12.75,74.75,2021,3,1,28.43,6.22
12.75,75.25,2021,3,1,27.19,6.45
12.75,75.75,2021,3,1,25.09,6.45
12.75,76.25,2021,3,1,24.37,6.92
12.75,76.75,2021,3,1,25.16,6.92
12.75,77.25,2021,3,1,24.64,7.07
8.25,74.25,2021,3,2,28.04,6.42
8.25,74.75,2021,3,2,28.08,6.42
8.25,75.25,2021,3,2,28.19,6.66
8.25,75.75,2021,3,2,28.33,6.66
8.25,76.25,2021,3,2,28.45,6.54
8.25,76.75,2021,3,2,28.12,6.54
8.25,77.25,2021,3,2,26.89,6.52
8.75,74.25,2021,3,2,27.91,6.42
8.75,74.75,2021,3,2,27.92,6.42
8.75,75.25,2021,3,2,28.02,6.66
8.75,75.75,2021,3,2,28.25,6.66
8.75,76.25,2021,3,2,28.64,6.54
8.75,76.75,2021,3,2,27.37,6.54
8.75,77.25,2021,3,2,25.66,6.52
9.25,74.25,2021,3,2,27.93,6.39
9.25,74.75,2021,3,2,27.88,6.39
9.25,75.25,2021,3,2,27.9,6.07
9.25,75.75,2021,3,2,28.19,6.07
9.25,76.25,2021,3,2,29.08,6.52
9.25,76.75,2021,3,2,26.25,6.52
9.25,77.25,2021,3,2,24.69,6.59
9.75,74.25,2021,3,2,28.06,6.39
9.75,74.75,2021,3,2,27.99,6.39
9.75,75.25,2021,3,2,27.96,6.07
9.75,75.75,2021,3,2,28.31,6.07
9.75,76.25,2021,3,2,29.67,6.52
9.75,76.75,2021,3,2,24.98,6.52
9.75,77.25,2021,3,2,23.32,6.59
10.25,74.25,2021,3,2,28.19,6.25
10.25,74.75,2021,3,2,28.14,6.25
10.25,75.25,2021,3,2,28.2,6.37
10.25,75.75,2021,3,2,28.64,6.37
10.25,76.25,2021,3,2,29.86,6.58
10.25,76.75,2021,3,2,25.01,6.58
10.25,77.25,2021,3,2,23.53,6.67
10.75,74.25,2021,3,2,28.26,6.25
10.75,74.75,2021,3,2,28.24,6.25
10.75,75.25,2021,3,2,28.54,6.37
10.75,75.75,2021,3,2,28.92,6.37
10.75,76.25,2021,3,2,28.65,6.58
10.75,76.75,2021,3,2,25.47,6.58
10.75,77.25,2021,3,2,25.09,6.67
11.25,74.25,2021,3,2,28.27,6.05
11.25,74.75,2021,3,2,28.34,6.05
11.25,75.25,2021,3,2,28.68,6.57
11.25,75.75,2021,3,2,28.54,6.57
11.25,76.25,2021,3,2,26.32,6.53
11.25,76.75,2021,3,2,24.53,6.53
11.25,77.25,2021,3,2,25.47,6.77
11.75,74.25,2021,3,2,28.32,6.05
11.75,74.75,2021,3,2,28.47,6.05
11.75,75.25,2021,3,2,28.37,6.57
11.75,75.75,2021,3,2,27.47,6.57
11.75,76.25,2021,3,2,25.15,6.53
11.75,76.75,2021,3,2,24.27,6.53
11.75,77.25,2021,3,2,25.18,6.77
12.25,74.25,2021,3,2,28.43,6.33
12.25,74.75,2021,3,2,28.64,6.33
12.25,75.25,2021,3,2,27.9,6.63
12.25,75.75,2021,3,2,26.28,6.63
12.25,76.25,2021,3,2,25.05,6.51
12.25,76.75,2021,3,2,25.29,6.51
12.25,77.25,2021,3,2,25.37,6.66
12.75,74.25,2021,3,2,28.62,6.33
12.75,74.75,2021,3,2,28.74,6.33
12.75,75.25,2021,3,2,27.37,6.63
12.75,75.75,2021,3,2,25.09,6.63
12.75,76.25,2021,3,2,24.49,6.51
12.75,76.75,2021,3,2,25.43,6.51
12.75,77.25,2021,3,2,25.02,6.66
8.25,74.25,2021,3,3,28.05,6.04
8.25,74.75,2021,3,3,28.09,6.04
8.25,75.25,2021,3,3,28.18,6.33
8.25,75.75,2021,3,3,28.28,6.33
8.25,76.25,2021,3,3,28.32,6.76
8.25,76.75,2021,3,3,27.7,6.76
8.25,77.25,2021,3,3,26.3,7.01
8.75,74.25,2021,3,3,28.14,6.04
8.75,74.75,2021,3,3,28.12,6.04
8.75,75.25,2021,3,3,28.17,6.33
8.75,75.75,2021,3,3,28.36,6.33
8.75,76.25,2021,3,3,28.76,6.76
8.75,76.75,2021,3,3,27.07,6.76
8.75,77.25,2021,3,3,25.09,7.01
9.25,74.25,2021,3,3,28.34,6.58
9.25,74.75,2021,3,3,28.29,6.58
9.25,75.25,2021,3,3,28.33,6.64
9.25,75.75,2021,3,3,28.66,6.64
9.25,76.25,2021,3,3,29.56,7.11
9.25,76.75,2021,3,3,26.07,7.11
9.25,77.25,2021,3,3,24.18,7.03
9.75,74.25,2021,3,3,28.53,6.58
9.75,74.75,2021,3,3,28.48,6.58
9.75,75.25,2021,3,3,28.55,6.64
9.75,75.75,2021,3,3,29,6.64
9.75,76.25,2021,3,3,30.18,7.11
9.75,76.75,2021,3,3,24.7,7.11
9.75,77.25,2021,3,3,22.8,7.03
10.25,74.25,2021,3,3,28.63,6.49
10.25,74.75,2021,3,3,28.63,6.49
10.25,75.25,2021,3,3,28.82,6.62
10.25,75.75,2021,3,3,29.27,6.62
10.25,76.25,2021,3,3,29.9,6.97
10.25,76.75,2021,3,3,24.42,6.97
10.25,77.25,2021,3,3,22.89,7.06
10.75,74.25,2021,3,3,28.67,6.49
10.75,74.75,2021,3,3,28.73,6.49
10.75,75.25,2021,3,3,29.14,6.62
10.75,75.75,2021,3,3,29.41,6.62
10.75,76.25,2021,3,3,28.33,6.97
10.75,76.75,2021,3,3,24.79,6.97
10.75,77.25,2021,3,3,24.45,7.06
11.25,74.25,2021,3,3,28.65,6.49
11.25,74.75,2021,3,3,28.8,6.49
11.25,75.25,2021,3,3,29.17,6.83
11.25,75.75,2021,3,3,28.86,6.83
11.25,76.25,2021,3,3,26,7.07
11.25,76.75,2021,3,3,24.01,7.07
11.25,77.25,2021,3,3,24.93,7.02
11.75,74.25,2021,3,3,28.61,6.49
11.75,74.75,2021,3,3,28.88,6.49
11.75,75.25,2021,3,3,28.73,6.83
11.75,75.75,2021,3,3,27.58,6.83
11.75,76.25,2021,3,3,24.86,7.07
11.75,76.75,2021,3,3,23.92,7.07
11.75,77.25,2021,3,3,24.77,7.02
12.25,74.25,2021,3,3,28.62,6.49
12.25,74.75,2021,3,3,28.98,6.49
12.25,75.25,2021,3,3,28.18,6.9
12.25,75.75,2021,3,3,26.31,6.9
12.25,76.25,2021,3,3,24.81,6.99
12.25,76.75,2021,3,3,25.06,6.99
12.25,77.25,2021,3,3,25.08,7.03
12.75,74.25,2021,3,3,28.81,6.49
12.75,74.75,2021,3,3,29,6.49
12.75,75.25,2021,3,3,27.58,6.9
12.75,75.75,2021,3,3,25.2,6.9
12.75,76.25,2021,3,3,24.48,6.99
12.75,76.75,2021,3,3,25.33,6.99
12.75,77.25,2021,3,3,24.82,7.03
8.25,74.25,2021,3,4,28.56,6.91
8.25,74.75,2021,3,4,28.4,6.91
8.25,75.25,2021,3,4,28.2,7.1
8.25,75.75,2021,3,4,28.02,7.1
8.25,76.25,2021,3,4,27.9,7.09
8.25,76.75,2021,3,4,27.48,7.09
8.25,77.25,2021,3,4,26.35,6.93
8.75,74.25,2021,3,4,28.63,6.91
8.75,74.75,2021,3,4,28.48,6.91
8.75,75.25,2021,3,4,28.26,7.1
8.75,75.75,2021,3,4,28.06,7.1
8.75,76.25,2021,3,4,28.01,7.09
8.75,76.75,2021,3,4,26.64,7.09
8.75,77.25,2021,3,4,24.97,6.93
9.25,74.25,2021,3,4,28.62,6.51
9.25,74.75,2021,3,4,28.56,6.51
9.25,75.25,2021,3,4,28.4,6.11
9.25,75.75,2021,3,4,28.26,6.11
9.25,76.25,2021,3,4,28.44,7.33
9.25,76.75,2021,3,4,25.7,7.33
9.25,77.25,2021,3,4,24.06,7.09
9.75,74.25,2021,3,4,28.53,6.51
9.75,74.75,2021,3,4,28.56,6.51
9.75,75.25,2021,3,4,28.51,6.11
9.75,75.75,2021,3,4,28.51,6.11
9.75,76.25,2021,3,4,28.82,7.33
9.75,76.75,2021,3,4,24.52,7.33
9.75,77.25,2021,3,4,22.61,7.09
10.25,74.25,2021,3,4,28.45,6.44
10.25,74.75,2021,3,4,28.45,6.44
10.25,75.25,2021,3,4,28.51,6.82
10.25,75.75,2021,3,4,28.63,6.82
10.25,76.25,2021,3,4,28.74,7.02
10.25,76.75,2021,3,4,24.2,7.02
10.25,77.25,2021,3,4,22.47,7.26
10.75,74.25,2021,3,4,28.54,6.44
10.75,74.75,2021,3,4,28.51,6.44
10.75,75.25,2021,3,4,28.66,6.82
10.75,75.75,2021,3,4,28.59,6.82
10.75,76.25,2021,3,4,27.45,7.02
10.75,76.75,2021,3,4,24.28,7.02
10.75,77.25,2021,3,4,23.88,7.26
11.25,74.25,2021,3,4,28.72,6.22
11.25,74.75,2021,3,4,28.73,6.22
11.25,75.25,2021,3,4,28.73,7.08
11.25,75.75,2021,3,4,27.99,7.08
11.25,76.25,2021,3,4,25.17,7.36
11.25,76.75,2021,3,4,23.24,7.36
11.25,77.25,2021,3,4,24.24,7.31
11.75,74.25,2021,3,4,28.85,6.22
11.75,74.75,2021,3,4,28.89,6.22
11.75,75.25,2021,3,4,28.33,7.08
11.75,75.75,2021,3,4,26.73,7.08
11.75,76.25,2021,3,4,23.91,7.36
11.75,76.75,2021,3,4,22.88,7.36
11.75,77.25,2021,3,4,23.84,7.31
12.25,74.25,2021,3,4,28.93,6.83
12.25,74.75,2021,3,4,28.94,6.83
12.25,75.25,2021,3,4,27.7,7.08
12.25,75.75,2021,3,4,25.43,7.08
12.25,76.25,2021,3,4,23.77,7.28
12.25,76.75,2021,3,4,23.89,7.28
12.25,77.25,2021,3,4,23.93,7.4
12.75,74.25,2021,3,4,29.06,6.83
12.75,74.75,2021,3,4,28.96,6.83
12.75,75.25,2021,3,4,27.2,7.08
12.75,75.75,2021,3,4,24.49,7.08
12.75,76.25,2021,3,4,23.49,7.28
12.75,76.75,2021,3,4,24.21,7.28
12.75,77.25,2021,3,4,23.66,7.4
8.25,74.25,2021,3,5,28.8,6.9
8.25,74.75,2021,3,5,28.77,6.9
8.25,75.25,2021,3,5,28.66,7.19
8.25,75.75,2021,3,5,28.53,7.19
8.25,76.25,2021,3,5,28.45,7.06
8.25,76.75,2021,3,5,28.25,7.06
8.25,77.25,2021,3,5,27.26,6.85
8.75,74.25,2021,3,5,28.8,6.9
8.75,74.75,2021,3,5,28.78,6.9
8.75,75.25,2021,3,5,28.69,7.19
8.75,75.75,2021,3,5,28.6,7.19
8.75,76.25,2021,3,5,28.59,7.06
8.75,76.75,2021,3,5,27.62,7.06
8.75,77.25,2021,3,5,26.09,6.85
9.25,74.25,2021,3,5,28.8,6.89
9.25,74.75,2021,3,5,28.81,6.89
9.25,75.25,2021,3,5,28.79,7.08
9.25,75.75,2021,3,5,28.85,7.08
9.25,76.25,2021,3,5,29.16,7.32
9.25,76.75,2021,3,5,26.78,7.32
9.25,77.25,2021,3,5,25.19,7.11
9.75,74.25,2021,3,5,28.9,6.89
9.75,74.75,2021,3,5,28.91,6.89
9.75,75.25,2021,3,5,28.92,7.08
9.75,75.75,2021,3,5,29.09,7.08
9.75,76.25,2021,3,5,29.74,7.32
9.75,76.75,2021,3,5,25.69,7.32
9.75,77.25,2021,3,5,23.76,7.11
10.25,74.25,2021,3,5,29.03,6.98
10.25,74.75,2021,3,5,29.03,6.98
10.25,75.25,2021,3,5,29.04,7.18
10.25,75.75,2021,3,5,29.19,7.18
10.25,76.25,2021,3,5,29.72,7.18
10.25,76.75,2021,3,5,25.35,7.18
10.25,77.25,2021,3,5,23.53,7.24
10.75,74.25,2021,3,5,29.02,6.98
10.75,74.75,2021,3,5,29.02,6.98
10.75,75.25,2021,3,5,29.11,7.18
10.75,75.75,2021,3,5,29.08,7.18
10.75,76.25,2021,3,5,28.35,7.18
10.75,76.75,2021,3,5,25.31,7.18
10.75,77.25,2021,3,5,24.71,7.24
11.25,74.25,2021,3,5,28.93,6.36
11.25,74.75,2021,3,5,28.96,6.36
11.25,75.25,2021,3,5,29.01,7.25
11.25,75.75,2021,3,5,28.44,7.25
11.25,76.25,2021,3,5,26.06,7.46
11.25,76.75,2021,3,5,24.22,7.46
11.25,77.25,2021,3,5,25,7.36
11.75,74.25,2021,3,5,28.87,6.36
11.75,74.75,2021,3,5,28.91,6.36
11.75,75.25,2021,3,5,28.48,7.25
11.75,75.75,2021,3,5,27.19,7.25
11.75,76.25,2021,3,5,24.85,7.46
11.75,76.75,2021,3,5,23.83,7.46
11.75,77.25,2021,3,5,24.65,7.36
12.25,74.25,2021,3,5,28.86,6.83
12.25,74.75,2021,3,5,28.85,6.83
12.25,75.25,2021,3,5,27.78,7.25
12.25,75.75,2021,3,5,25.9,7.25
12.25,76.25,2021,3,5,24.73,7.37
12.25,76.75,2021,3,5,24.69,7.37
12.25,77.25,2021,3,5,24.69,7.46
12.75,74.25,2021,3,5,28.89,6.83
12.75,74.75,2021,3,5,28.83,6.83
12.75,75.25,2021,3,5,27.25,7.25
12.75,75.75,2021,3,5,24.88,7.25
12.75,76.25,2021,3,5,24.31,7.37
12.75,76.75,2021,3,5,24.82,7.37
12.75,77.25,2021,3,5,24.27,7.46
8.25,74.25,2021,3,6,28.35,6.94
8.25,74.75,2021,3,6,28.39,6.94
8.25,75.25,2021,3,6,28.38,6.56
8.25,75.75,2021,3,6,28.33,6.56
8.25,76.25,2021,3,6,28.3,6.66
8.25,76.75,2021,3,6,28.28,6.66
8.25,77.25,2021,3,6,27.64,6.55
8.75,74.25,2021,3,6,28.38,6.94
8.75,74.75,2021,3,6,28.44,6.94
8.75,75.25,2021,3,6,28.44,6.56
8.75,75.75,2021,3,6,28.44,6.56
8.75,76.25,2021,3,6,28.51,6.66
8.75,76.75,2021,3,6,28.08,6.66
8.75,77.25,2021,3,6,27.11,6.55
9.25,74.25,2021,3,6,28.45,6.67
9.25,74.75,2021,3,6,28.49,6.67
9.25,75.25,2021,3,6,28.5,6.53
9.25,75.75,2021,3,6,28.6,6.53
9.25,76.25,2021,3,6,29.05,7
9.25,76.75,2021,3,6,27.4,7
9.25,77.25,2021,3,6,26.37,6.73
9.75,74.25,2021,3,6,28.56,6.67
9.75,74.75,2021,3,6,28.6,6.67
9.75,75.25,2021,3,6,28.61,6.53
9.75,75.75,2021,3,6,28.82,6.53
9.75,76.25,2021,3,6,29.65,7
9.75,76.75,2021,3,6,26.48,7
9.75,77.25,2021,3,6,24.99,6.73
10.25,74.25,2021,3,6,28.71,6.58
10.25,74.75,2021,3,6,28.73,6.58
10.25,75.25,2021,3,6,28.77,6.68
10.25,75.75,2021,3,6,29.04,6.68
10.25,76.25,2021,3,6,29.89,6.96
10.25,76.75,2021,3,6,26.39,6.96
10.25,77.25,2021,3,6,24.76,7.05
10.75,74.25,2021,3,6,28.81,6.58
10.75,74.75,2021,3,6,28.8,6.58
10.75,75.25,2021,3,6,28.93,6.68
10.75,75.75,2021,3,6,29.04,6.68
10.75,76.25,2021,3,6,28.73,6.96
10.75,76.75,2021,3,6,26.4,6.96
10.75,77.25,2021,3,6,25.87,7.05
11.25,74.25,2021,3,6,28.79,6.51
11.25,74.75,2021,3,6,28.81,6.51
11.25,75.25,2021,3,6,28.88,7.02
11.25,75.75,2021,3,6,28.47,7.02
11.25,76.25,2021,3,6,26.5,7.19
11.25,76.75,2021,3,6,25.27,7.19
11.25,77.25,2021,3,6,26.18,7.28
11.75,74.25,2021,3,6,28.72,6.51
11.75,74.75,2021,3,6,28.8,6.51
11.75,75.25,2021,3,6,28.49,7.02
11.75,75.75,2021,3,6,27.49,7.02
11.75,76.25,2021,3,6,25.62,7.19
11.75,76.75,2021,3,6,25.07,7.19
11.75,77.25,2021,3,6,26,7.28
12.25,74.25,2021,3,6,28.65,6.93
12.25,74.75,2021,3,6,28.8,6.93
12.25,75.25,2021,3,6,28.09,7.11
12.25,75.75,2021,3,6,26.7,7.11
12.25,76.25,2021,3,6,25.95,7.08
12.25,76.75,2021,3,6,26.11,7.08
12.25,77.25,2021,3,6,26.21,7.33
12.75,74.25,2021,3,6,28.66,6.93
12.75,74.75,2021,3,6,28.8,6.93
12.75,75.25,2021,3,6,27.7,7.11
12.75,75.75,2021,3,6,25.86,7.11
12.75,76.25,2021,3,6,25.43,7.08
12.75,76.75,2021,3,6,26.12,7.08
12.75,77.25,2021,3,6,25.69,7.33
8.25,74.25,2021,3,7,28.5,6.66
8.25,74.75,2021,3,7,28.48,6.66
8.25,75.25,2021,3,7,28.39,6.54
8.25,75.75,2021,3,7,28.32,6.54
8.25,76.25,2021,3,7,28.4,6.67
8.25,76.75,2021,3,7,28.64,6.67
8.25,77.25,2021,3,7,27.96,6.99
8.75,74.25,2021,3,7,28.58,6.66
8.75,74.75,2021,3,7,28.57,6.66
8.75,75.25,2021,3,7,28.47,6.54
8.75,75.75,2021,3,7,28.44,6.54
8.75,76.25,2021,3,7,28.73,6.67
8.75,76.75,2021,3,7,28.63,6.67
8.75,77.25,2021,3,7,27.6,6.99
9.25,74.25,2021,3,7,28.66,6.71
9.25,74.75,2021,3,7,28.65,6.71
9.25,75.25,2021,3,7,28.58,6.43
9.25,75.75,2021,3,7,28.69,6.43
9.25,76.25,2021,3,7,29.5,6.9
9.25,76.75,2021,3,7,27.93,6.9
9.25,77.25,2021,3,7,26.9,7
9.75,74.25,2021,3,7,28.66,6.71
9.75,74.75,2021,3,7,28.64,6.71
9.75,75.25,2021,3,7,28.61,6.43
9.75,75.75,2021,3,7,28.92,6.43
9.75,76.25,2021,3,7,30.26,6.9
9.75,76.75,2021,3,7,26.9,6.9
9.75,77.25,2021,3,7,25.36,7
10.25,74.25,2021,3,7,28.61,6.43
10.25,74.75,2021,3,7,28.58,6.43
10.25,75.25,2021,3,7,28.63,6.47
10.25,75.75,2021,3,7,29.09,6.47
10.25,76.25,2021,3,7,30.52,7.09
10.25,76.75,2021,3,7,26.8,7.09
10.25,77.25,2021,3,7,25.13,7.2
10.75,74.25,2021,3,7,28.52,6.43
10.75,74.75,2021,3,7,28.52,6.43
10.75,75.25,2021,3,7,28.75,6.47
10.75,75.75,2021,3,7,29.14,6.47
10.75,76.25,2021,3,7,29.3,7.09
10.75,76.75,2021,3,7,26.79,7.09
10.75,77.25,2021,3,7,26.33,7.2
11.25,74.25,2021,3,7,28.43,6.48
11.25,74.75,2021,3,7,28.52,6.48
11.25,75.25,2021,3,7,28.8,6.96
11.25,75.75,2021,3,7,28.7,6.96
11.25,76.25,2021,3,7,26.93,7.22
11.25,76.75,2021,3,7,25.45,7.22
11.25,77.25,2021,3,7,26.49,7.27
11.75,74.25,2021,3,7,28.34,6.48
11.75,74.75,2021,3,7,28.56,6.48
11.75,75.25,2021,3,7,28.54,6.96
11.75,75.75,2021,3,7,27.8,6.96
11.75,76.25,2021,3,7,25.83,7.22
11.75,76.75,2021,3,7,25.07,7.22
11.75,77.25,2021,3,7,26.1,7.27
12.25,74.25,2021,3,7,28.29,6.87
12.25,74.75,2021,3,7,28.65,6.87
12.25,75.25,2021,3,7,28.17,7.03
12.25,75.75,2021,3,7,26.89,7.03
12.25,76.25,2021,3,7,25.91,6.99
12.25,76.75,2021,3,7,26.07,6.99
12.25,77.25,2021,3,7,26.21,7.13
12.75,74.25,2021,3,7,28.36,6.87
12.75,74.75,2021,3,7,28.76,6.87
12.75,75.25,2021,3,7,27.8,7.03
12.75,75.75,2021,3,7,25.89,7.03
12.75,76.25,2021,3,7,25.34,6.99
12.75,76.75,2021,3,7,26.12,6.99
12.75,77.25,2021,3,7,25.72,7.13
8.25,74.25,2021,3,8,28.46,6.78
8.25,74.75,2021,3,8,28.34,6.78
8.25,75.25,2021,3,8,28.27,6.87
8.25,75.75,2021,3,8,28.34,6.87
8.25,76.25,2021,3,8,28.59,6.81
8.25,76.75,2021,3,8,28.62,6.81
8.25,77.25,2021,3,8,27.75,5.65
8.75,74.25,2021,3,8,28.49,6.78
8.75,74.75,2021,3,8,28.36,6.78
8.75,75.25,2021,3,8,28.24,6.87
8.75,75.75,2021,3,8,28.34,6.87
8.75,76.25,2021,3,8,28.92,6.81
8.75,76.75,2021,3,8,28.48,6.81
8.75,77.25,2021,3,8,27.11,5.65
9.25,74.25,2021,3,8,28.52,5.8
9.25,74.75,2021,3,8,28.41,5.8
9.25,75.25,2021,3,8,28.26,6.21
9.25,75.75,2021,3,8,28.45,6.21
9.25,76.25,2021,3,8,29.59,6.92
9.25,76.75,2021,3,8,27.91,6.92
9.25,77.25,2021,3,8,26.72,6.16
9.75,74.25,2021,3,8,28.58,5.8
9.75,74.75,2021,3,8,28.48,5.8
9.75,75.25,2021,3,8,28.34,6.21
9.75,75.75,2021,3,8,28.64,6.21
9.75,76.25,2021,3,8,30.3,6.92
9.75,76.75,2021,3,8,26.89,6.92
9.75,77.25,2021,3,8,25.5,6.16
10.25,74.25,2021,3,8,28.56,6.46
10.25,74.75,2021,3,8,28.47,6.46
10.25,75.25,2021,3,8,28.44,6.75
10.25,75.75,2021,3,8,28.89,6.75
10.25,76.25,2021,3,8,30.55,7.09
10.25,76.75,2021,3,8,26.72,7.09
10.25,77.25,2021,3,8,25.31,6.81
10.75,74.25,2021,3,8,28.5,6.46
10.75,74.75,2021,3,8,28.44,6.46
10.75,75.25,2021,3,8,28.64,6.75
10.75,75.75,2021,3,8,29.06,6.75
10.75,76.25,2021,3,8,29.38,7.09
10.75,76.75,2021,3,8,26.85,7.09
10.75,77.25,2021,3,8,26.55,6.81
11.25,74.25,2021,3,8,28.44,6.49
11.25,74.75,2021,3,8,28.49,6.49
11.25,75.25,2021,3,8,28.76,6.92
11.25,75.75,2021,3,8,28.69,6.92
11.25,76.25,2021,3,8,27.04,7.29
11.25,76.75,2021,3,8,25.66,7.29
11.25,77.25,2021,3,8,26.72,7.21
11.75,74.25,2021,3,8,28.44,6.49
11.75,74.75,2021,3,8,28.62,6.49
11.75,75.25,2021,3,8,28.55,6.92
11.75,75.75,2021,3,8,27.77,6.92
11.75,76.25,2021,3,8,25.83,7.29
11.75,76.75,2021,3,8,25.13,7.29
11.75,77.25,2021,3,8,26.09,7.21
12.25,74.25,2021,3,8,28.52,6.66
12.25,74.75,2021,3,8,28.82,6.66
12.25,75.25,2021,3,8,28.25,6.94
12.25,75.75,2021,3,8,26.84,6.94
12.25,76.25,2021,3,8,25.74,7.35
12.25,76.75,2021,3,8,25.82,7.35
12.25,77.25,2021,3,8,25.91,7.44
12.75,74.25,2021,3,8,28.74,6.66
12.75,74.75,2021,3,8,28.98,6.66
12.75,75.25,2021,3,8,27.88,6.94
12.75,75.75,2021,3,8,25.85,6.94
12.75,76.25,2021,3,8,25.17,7.35
12.75,76.75,2021,3,8,25.8,7.35
12.75,77.25,2021,3,8,25.42,7.44
8.25,74.25,2021,3,9,27.8,3.83
8.25,74.75,2021,3,9,27.93,3.83
8.25,75.25,2021,3,9,28.15,5.38
8.25,75.75,2021,3,9,28.4,5.38
8.25,76.25,2021,3,9,28.67,5.94
8.25,76.75,2021,3,9,28.64,5.94
8.25,77.25,2021,3,9,27.94,6.1
8.75,74.25,2021,3,9,27.9,3.83
8.75,74.75,2021,3,9,27.95,3.83
8.75,75.25,2021,3,9,28.13,5.38
8.75,75.75,2021,3,9,28.45,5.38
8.75,76.25,2021,3,9,29.02,5.94
8.75,76.75,2021,3,9,28.25,5.94
8.75,77.25,2021,3,9,27.18,6.1
9.25,74.25,2021,3,9,28.16,6.02
9.25,74.75,2021,3,9,28.11,6.02
9.25,75.25,2021,3,9,28.14,6.52
9.25,75.75,2021,3,9,28.49,6.52
9.25,76.25,2021,3,9,29.57,6.82
9.25,76.75,2021,3,9,27.51,6.82
9.25,77.25,2021,3,9,26.55,6.64
9.75,74.25,2021,3,9,28.34,6.02
9.75,74.75,2021,3,9,28.27,6.02
9.75,75.25,2021,3,9,28.26,6.52
9.75,75.75,2021,3,9,28.66,6.52
9.75,76.25,2021,3,9,30.17,6.82
9.75,76.75,2021,3,9,26.56,6.82
9.75,77.25,2021,3,9,25.32,6.64
10.25,74.25,2021,3,9,28.43,6.36
10.25,74.75,2021,3,9,28.4,6.36
10.25,75.25,2021,3,9,28.47,6.83
10.25,75.75,2021,3,9,28.95,6.83
10.25,76.25,2021,3,9,30.4,6.92
10.25,76.75,2021,3,9,26.62,6.92
10.25,77.25,2021,3,9,25.23,6.5
10.75,74.25,2021,3,9,28.49,6.36
10.75,74.75,2021,3,9,28.5,6.36
10.75,75.25,2021,3,9,28.78,6.83
10.75,75.75,2021,3,9,29.18,6.83
10.75,76.25,2021,3,9,29.32,6.92
10.75,76.75,2021,3,9,26.96,6.92
10.75,77.25,2021,3,9,26.58,6.5
11.25,74.25,2021,3,9,28.54,6.29
11.25,74.75,2021,3,9,28.63,6.29
11.25,75.25,2021,3,9,28.9,7.12
11.25,75.75,2021,3,9,28.75,7.12
11.25,76.25,2021,3,9,26.99,7.17
11.25,76.75,2021,3,9,25.77,7.17
11.25,77.25,2021,3,9,26.79,7.15
11.75,74.25,2021,3,9,28.6,6.29
11.75,74.75,2021,3,9,28.77,6.29
11.75,75.25,2021,3,9,28.61,7.12
11.75,75.75,2021,3,9,27.7,7.12
11.75,76.25,2021,3,9,25.69,7.17
11.75,76.75,2021,3,9,25.19,7.17
11.75,77.25,2021,3,9,26.23,7.15
12.25,74.25,2021,3,9,28.71,6.65
12.25,74.75,2021,3,9,28.95,6.65
12.25,75.25,2021,3,9,28.29,7.05
12.25,75.75,2021,3,9,26.76,7.05
12.25,76.25,2021,3,9,25.56,7.43
12.25,76.75,2021,3,9,25.96,7.43
12.25,77.25,2021,3,9,26.2,7.42
12.75,74.25,2021,3,9,28.94,6.65
12.75,74.75,2021,3,9,29.19,6.65
12.75,75.25,2021,3,9,28.04,7.05
12.75,75.75,2021,3,9,25.91,7.05
12.75,76.25,2021,3,9,25.07,7.43
12.75,76.75,2021,3,9,25.92,7.43
12.75,77.25,2021,3,9,25.66,7.42
8.25,74.25,2021,3,10,28.56,6.32
8.25,74.75,2021,3,10,28.67,6.32
8.25,75.25,2021,3,10,28.66,6.87
8.25,75.75,2021,3,10,28.62,6.87
8.25,76.25,2021,3,10,28.66,6.95
8.25,76.75,2021,3,10,28.48,6.95
8.25,77.25,2021,3,10,27.57,6.06
8.75,74.25,2021,3,10,28.32,6.32
8.75,74.75,2021,3,10,28.52,6.32
8.75,75.25,2021,3,10,28.67,6.87
8.75,75.75,2021,3,10,28.84,6.87
8.75,76.25,2021,3,10,29.18,6.95
8.75,76.75,2021,3,10,28.16,6.95
8.75,77.25,2021,3,10,26.75,6.06
9.25,74.25,2021,3,10,28.09,5.75
9.25,74.75,2021,3,10,28.21,5.75
9.25,75.25,2021,3,10,28.38,6.81
9.25,75.75,2021,3,10,28.76,6.81
9.25,76.25,2021,3,10,29.65,6.67
9.25,76.75,2021,3,10,27.36,6.67
9.25,77.25,2021,3,10,26.12,6.07
9.75,74.25,2021,3,10,28.13,5.75
9.75,74.75,2021,3,10,28.14,5.75
9.75,75.25,2021,3,10,28.21,6.81
9.75,75.75,2021,3,10,28.62,6.81
9.75,76.25,2021,3,10,29.94,6.67
9.75,76.75,2021,3,10,26.3,6.67
9.75,77.25,2021,3,10,24.84,6.07
10.25,74.25,2021,3,10,28.26,6.25
10.25,74.75,2021,3,10,28.23,6.25
10.25,75.25,2021,3,10,28.29,6.81
10.25,75.75,2021,3,10,28.72,6.81
10.25,76.25,2021,3,10,30,6.9
10.25,76.75,2021,3,10,26.36,6.9
10.25,77.25,2021,3,10,24.9,6.41
10.75,74.25,2021,3,10,28.44,6.25
10.75,74.75,2021,3,10,28.37,6.25
10.75,75.25,2021,3,10,28.54,6.81
10.75,75.75,2021,3,10,28.88,6.81
10.75,76.25,2021,3,10,28.98,6.9
10.75,76.75,2021,3,10,26.88,6.9
10.75,77.25,2021,3,10,26.52,6.41
11.25,74.25,2021,3,10,28.56,6.68
11.25,74.75,2021,3,10,28.54,6.68
11.25,75.25,2021,3,10,28.67,6.88
11.25,75.75,2021,3,10,28.45,6.88
11.25,76.25,2021,3,10,26.77,6.71
11.25,76.75,2021,3,10,25.89,6.71
11.25,77.25,2021,3,10,27.01,6.85
11.75,74.25,2021,3,10,28.59,6.68
11.75,74.75,2021,3,10,28.68,6.68
11.75,75.25,2021,3,10,28.46,6.88
11.75,75.75,2021,3,10,27.56,6.88
11.75,76.25,2021,3,10,25.78,6.71
11.75,76.75,2021,3,10,25.62,6.71
11.75,77.25,2021,3,10,26.71,6.85
12.25,74.25,2021,3,10,28.63,6.82
12.25,74.75,2021,3,10,28.82,6.82
12.25,75.25,2021,3,10,28.2,6.69
12.25,75.75,2021,3,10,26.9,6.69
12.25,76.25,2021,3,10,26.14,7.09
12.25,76.75,2021,3,10,26.7,7.09
12.25,77.25,2021,3,10,26.93,7.22
12.75,74.25,2021,3,10,28.78,6.82
12.75,74.75,2021,3,10,28.88,6.82
12.75,75.25,2021,3,10,27.8,6.69
12.75,75.75,2021,3,10,26.08,6.69
12.75,76.25,2021,3,10,25.87,7.09
12.75,76.75,2021,3,10,26.77,7.09
12.75,77.25,2021,3,10,26.61,7.22
8.25,74.25,2021,3,11,27.52,6.2
8.25,74.75,2021,3,11,27.7,6.2
8.25,75.25,2021,3,11,27.83,6.65
8.25,75.75,2021,3,11,27.83,6.65
8.25,76.25,2021,3,11,27.71,6.81
8.25,76.75,2021,3,11,27.67,6.81
8.25,77.25,2021,3,11,27.25,6.02
8.75,74.25,2021,3,11,27.64,6.2
8.75,74.75,2021,3,11,27.86,6.2
8.75,75.25,2021,3,11,27.97,6.65
8.75,75.75,2021,3,11,27.96,6.65
8.75,76.25,2021,3,11,27.93,6.81
8.75,76.75,2021,3,11,27.2,6.81
8.75,77.25,2021,3,11,26.4,6.02
9.25,74.25,2021,3,11,27.67,4.42
9.25,74.75,2021,3,11,27.84,4.42
9.25,75.25,2021,3,11,27.9,5.74
9.25,75.75,2021,3,11,27.93,5.74
9.25,76.25,2021,3,11,28.15,6.68
9.25,76.75,2021,3,11,26.17,6.68
9.25,77.25,2021,3,11,25.51,6.31
9.75,74.25,2021,3,11,27.69,4.42
9.75,74.75,2021,3,11,27.76,4.42
9.75,75.25,2021,3,11,27.79,5.74
9.75,75.75,2021,3,11,27.85,5.74
9.75,76.25,2021,3,11,28.06,6.68
9.75,76.75,2021,3,11,24.85,6.68
9.75,77.25,2021,3,11,23.98,6.31
10.25,74.25,2021,3,11,27.77,4.42
10.25,74.75,2021,3,11,27.79,4.42
10.25,75.25,2021,3,11,27.81,5.64
10.25,75.75,2021,3,11,27.82,5.64
10.25,76.25,2021,3,11,27.7,5.97
10.25,76.75,2021,3,11,24.62,5.97
10.25,77.25,2021,3,11,23.7,6.19
10.75,74.25,2021,3,11,27.85,4.42
10.75,74.75,2021,3,11,27.86,4.42
10.75,75.25,2021,3,11,27.88,5.64
10.75,75.75,2021,3,11,27.63,5.64
10.75,76.25,2021,3,11,26.6,5.97
10.75,76.75,2021,3,11,24.99,5.97
10.75,77.25,2021,3,11,24.88,6.19
11.25,74.25,2021,3,11,27.88,3.95
11.25,74.75,2021,3,11,27.9,3.95
11.25,75.25,2021,3,11,27.72,4.79
11.25,75.75,2021,3,11,26.89,4.79
11.25,76.25,2021,3,11,24.76,5.72
11.25,76.75,2021,3,11,24.18,5.72
11.25,77.25,2021,3,11,25.23,6.54
11.75,74.25,2021,3,11,27.86,3.95
11.75,74.75,2021,3,11,27.8,3.95
11.75,75.25,2021,3,11,27.1,4.79
11.75,75.75,2021,3,11,25.69,4.79
11.75,76.25,2021,3,11,24.06,5.72
11.75,76.75,2021,3,11,24.19,5.72
11.75,77.25,2021,3,11,25.34,6.54
12.25,74.25,2021,3,11,27.92,4.82
12.25,74.75,2021,3,11,27.71,4.82
12.25,75.25,2021,3,11,26.49,4.83
12.25,75.75,2021,3,11,24.84,4.83
12.25,76.25,2021,3,11,24.69,6.01
12.25,76.75,2021,3,11,25.78,6.01
12.25,77.25,2021,3,11,26.35,6.96
12.75,74.25,2021,3,11,28.14,4.82
12.75,74.75,2021,3,11,27.77,4.82
12.75,75.25,2021,3,11,26.2,4.83
12.75,75.75,2021,3,11,24.38,4.83
12.75,76.25,2021,3,11,25.03,6.01
12.75,76.75,2021,3,11,26.75,6.01
12.75,77.25,2021,3,11,26.97,6.96
8.25,74.25,2021,3,12,28.41,6.77
8.25,74.75,2021,3,12,28.4,6.77
8.25,75.25,2021,3,12,28.37,6.82
8.25,75.75,2021,3,12,28.35,6.82
8.25,76.25,2021,3,12,28.35,6.88
8.25,76.75,2021,3,12,27.85,6.88
8.25,77.25,2021,3,12,26.78,6.45
8.75,74.25,2021,3,12,28.39,6.77
8.75,74.75,2021,3,12,28.38,6.77
8.75,75.25,2021,3,12,28.43,6.82
8.75,75.75,2021,3,12,28.54,6.82
8.75,76.25,2021,3,12,28.73,6.88
8.75,76.75,2021,3,12,27.19,6.88
8.75,77.25,2021,3,12,25.71,6.45
9.25,74.25,2021,3,12,28.46,6.81
9.25,74.75,2021,3,12,28.46,6.81
9.25,75.25,2021,3,12,28.5,6.93
9.25,75.75,2021,3,12,28.68,6.93
9.25,76.25,2021,3,12,29.1,7.06
9.25,76.75,2021,3,12,26.21,7.06
9.25,77.25,2021,3,12,25.04,6.64
9.75,74.25,2021,3,12,28.54,6.81
9.75,74.75,2021,3,12,28.51,6.81
9.75,75.25,2021,3,12,28.51,6.93
9.75,75.75,2021,3,12,28.69,6.93
9.75,76.25,2021,3,12,29.37,7.06
9.75,76.75,2021,3,12,25.34,7.06
9.75,77.25,2021,3,12,23.96,6.64
10.25,74.25,2021,3,12,28.65,6.5
10.25,74.75,2021,3,12,28.57,6.5
10.25,75.25,2021,3,12,28.52,6.13
10.25,75.75,2021,3,12,28.66,6.13
10.25,76.25,2021,3,12,29.26,6.83
10.25,76.75,2021,3,12,25.48,6.83
10.25,77.25,2021,3,12,24.18,6.93
10.75,74.25,2021,3,12,28.71,6.5
10.75,74.75,2021,3,12,28.61,6.5
10.75,75.25,2021,3,12,28.59,6.13
10.75,75.75,2021,3,12,28.51,6.13
10.75,76.25,2021,3,12,27.92,6.83
10.75,76.75,2021,3,12,25.79,6.83
10.75,77.25,2021,3,12,25.61,6.93
11.25,74.25,2021,3,12,28.55,5.85
11.25,74.75,2021,3,12,28.5,5.85
11.25,75.25,2021,3,12,28.42,5.17
11.25,75.75,2021,3,12,27.8,5.17
11.25,76.25,2021,3,12,25.56,6.89
11.25,76.75,2021,3,12,24.56,6.89
11.25,77.25,2021,3,12,25.68,6.93
11.75,74.25,2021,3,12,28.3,5.85
11.75,74.75,2021,3,12,28.28,5.85
11.75,75.25,2021,3,12,27.85,5.17
11.75,75.75,2021,3,12,26.69,5.17
11.75,76.25,2021,3,12,24.56,6.89
11.75,76.75,2021,3,12,24.14,6.89
11.75,77.25,2021,3,12,25.25,6.93
12.25,74.25,2021,3,12,28.27,6.48
12.25,74.75,2021,3,12,28.19,6.48
12.25,75.25,2021,3,12,27.25,6.39
12.25,75.75,2021,3,12,25.72,6.39
12.25,76.25,2021,3,12,24.91,7.06
12.25,76.75,2021,3,12,25.45,7.06
12.25,77.25,2021,3,12,25.79,7.12
12.75,74.25,2021,3,12,28.48,6.48
12.75,74.75,2021,3,12,28.33,6.48
12.75,75.25,2021,3,12,26.91,6.39
12.75,75.75,2021,3,12,24.96,6.39
12.75,76.25,2021,3,12,24.99,7.06
12.75,76.75,2021,3,12,26.26,7.06
12.75,77.25,2021,3,12,26.12,7.12
8.25,74.25,2021,3,13,28.75,6.86
8.25,74.75,2021,3,13,28.72,6.86
8.25,75.25,2021,3,13,28.58,6.89
8.25,75.75,2021,3,13,28.45,6.89
8.25,76.25,2021,3,13,28.53,6.92
8.25,76.75,2021,3,13,28.57,6.92
8.25,77.25,2021,3,13,27.84,6.5
8.75,74.25,2021,3,13,28.63,6.86
8.75,74.75,2021,3,13,28.66,6.86
8.75,75.25,2021,3,13,28.59,6.89
8.75,75.75,2021,3,13,28.5,6.89
8.75,76.25,2021,3,13,28.67,6.92
8.75,76.75,2021,3,13,28.12,6.92
8.75,77.25,2021,3,13,26.96,6.5
9.25,74.25,2021,3,13,28.5,6.89
9.25,74.75,2021,3,13,28.54,6.89
9.25,75.25,2021,3,13,28.56,6.94
9.25,75.75,2021,3,13,28.63,6.94
9.25,76.25,2021,3,13,28.98,7.2
9.25,76.75,2021,3,13,27.29,7.2
9.25,77.25,2021,3,13,26.13,6.78
9.75,74.25,2021,3,13,28.57,6.89
9.75,74.75,2021,3,13,28.53,6.89
9.75,75.25,2021,3,13,28.59,6.94
9.75,75.75,2021,3,13,28.79,6.94
9.75,76.25,2021,3,13,29.29,7.2
9.75,76.75,2021,3,13,26.05,7.2
9.75,77.25,2021,3,13,24.59,6.78
10.25,74.25,2021,3,13,28.75,7.01
10.25,74.75,2021,3,13,28.69,7.01
10.25,75.25,2021,3,13,28.77,7.09
10.25,75.75,2021,3,13,29,7.09
10.25,76.25,2021,3,13,29.33,7.05
10.25,76.75,2021,3,13,25.71,7.05
10.25,77.25,2021,3,13,24.34,6.92
10.75,74.25,2021,3,13,28.92,7.01
10.75,74.75,2021,3,13,28.88,7.01
10.75,75.25,2021,3,13,28.98,7.09
10.75,75.75,2021,3,13,28.95,7.09
10.75,76.25,2021,3,13,28.06,7.05
10.75,76.75,2021,3,13,25.72,7.05
10.75,77.25,2021,3,13,25.59,6.92
11.25,74.25,2021,3,13,28.97,6.94
11.25,74.75,2021,3,13,28.99,6.94
11.25,75.25,2021,3,13,28.94,7.14
11.25,75.75,2021,3,13,28.24,7.14
11.25,76.25,2021,3,13,25.81,7.25
11.25,76.75,2021,3,13,24.5,7.25
11.25,77.25,2021,3,13,25.74,7.41
11.75,74.25,2021,3,13,28.94,6.94
11.75,74.75,2021,3,13,29.02,6.94
11.75,75.25,2021,3,13,28.54,7.14
11.75,75.75,2021,3,13,27.17,7.14
11.75,76.25,2021,3,13,24.8,7.25
11.75,76.75,2021,3,13,24.1,7.25
11.75,77.25,2021,3,13,25.31,7.41
12.25,74.25,2021,3,13,28.93,6.86
12.25,74.75,2021,3,13,29.05,6.86
12.25,75.25,2021,3,13,28.1,6.95
12.25,75.75,2021,3,13,26.23,6.95
12.25,76.25,2021,3,13,24.87,7.45
12.25,76.75,2021,3,13,25.22,7.45
12.25,77.25,2021,3,13,25.61,7.52
12.75,74.25,2021,3,13,29.05,6.86
12.75,74.75,2021,3,13,29.08,6.86
12.75,75.25,2021,3,13,27.74,6.95
12.75,75.75,2021,3,13,25.54,6.95
12.75,76.25,2021,3,13,24.8,7.45
12.75,76.75,2021,3,13,25.69,7.45
12.75,77.25,2021,3,13,25.53,7.52
8.25,74.25,2021,3,14,28.41,6.9
8.25,74.75,2021,3,14,28.38,6.9
8.25,75.25,2021,3,14,28.39,7.04
8.25,75.75,2021,3,14,28.45,7.04
8.25,76.25,2021,3,14,28.61,7.07
8.25,76.75,2021,3,14,28.83,7.07
8.25,77.25,2021,3,14,28.22,6.5
8.75,74.25,2021,3,14,28.48,6.9
8.75,74.75,2021,3,14,28.36,6.9
8.75,75.25,2021,3,14,28.36,7.04
8.75,75.75,2021,3,14,28.54,7.04
8.75,76.25,2021,3,14,28.99,7.07
8.75,76.75,2021,3,14,28.84,7.07
8.75,77.25,2021,3,14,27.84,6.5
9.25,74.25,2021,3,14,28.69,6.88
9.25,74.75,2021,3,14,28.54,6.88
9.25,75.25,2021,3,14,28.49,6.88
9.25,75.75,2021,3,14,28.72,6.88
9.25,76.25,2021,3,14,29.55,7.26
9.25,76.75,2021,3,14,28.05,7.26
9.25,77.25,2021,3,14,27.08,6.95
9.75,74.25,2021,3,14,28.83,6.88
9.75,74.75,2021,3,14,28.73,6.88
9.75,75.25,2021,3,14,28.67,6.88
9.75,75.75,2021,3,14,28.89,6.88
9.75,76.25,2021,3,14,29.86,7.26
9.75,76.75,2021,3,14,26.8,7.26
9.75,77.25,2021,3,14,25.51,6.95
10.25,74.25,2021,3,14,28.94,6.58
10.25,74.75,2021,3,14,28.88,6.58
10.25,75.25,2021,3,14,28.87,7.13
10.25,75.75,2021,3,14,29.05,7.13
10.25,76.25,2021,3,14,29.7,7.27
10.25,76.75,2021,3,14,26.38,7.27
10.25,77.25,2021,3,14,25.14,7.15
10.75,74.25,2021,3,14,29,6.58
10.75,74.75,2021,3,14,29.01,6.58
10.75,75.25,2021,3,14,29.1,7.13
10.75,75.75,2021,3,14,29.06,7.13
10.75,76.25,2021,3,14,28.45,7.27
10.75,76.75,2021,3,14,26.35,7.27
10.75,77.25,2021,3,14,26.29,7.15
11.25,74.25,2021,3,14,29,6.83
11.25,74.75,2021,3,14,29.09,6.83
11.25,75.25,2021,3,14,29.13,7.19
11.25,75.75,2021,3,14,28.56,7.19
11.25,76.25,2021,3,14,26.39,7.38
11.25,76.75,2021,3,14,25.22,7.38
11.25,77.25,2021,3,14,26.48,7.38
11.75,74.25,2021,3,14,28.96,6.83
11.75,74.75,2021,3,14,29.09,6.83
11.75,75.25,2021,3,14,28.78,7.19
11.75,75.75,2021,3,14,27.62,7.19
11.75,76.25,2021,3,14,25.44,7.38
11.75,76.75,2021,3,14,24.82,7.38
11.75,77.25,2021,3,14,26.03,7.38
12.25,74.25,2021,3,14,28.97,7.03
12.25,74.75,2021,3,14,29.15,7.03
12.25,75.25,2021,3,14,28.36,7.19
12.25,75.75,2021,3,14,26.71,7.19
12.25,76.25,2021,3,14,25.5,7.41
12.25,76.75,2021,3,14,25.88,7.41
12.25,77.25,2021,3,14,26.23,7.44
12.75,74.25,2021,3,14,29.1,7.03
12.75,74.75,2021,3,14,29.21,7.03
12.75,75.25,2021,3,14,27.98,7.19
12.75,75.75,2021,3,14,25.93,7.19
12.75,76.25,2021,3,14,25.37,7.41
12.75,76.75,2021,3,14,26.35,7.41
12.75,77.25,2021,3,14,26.15,7.44
8.25,74.25,2021,3,15,28.41,6.76
8.25,74.75,2021,3,15,28.27,6.76
8.25,75.25,2021,3,15,28.25,6.96
8.25,75.75,2021,3,15,28.48,6.96
8.25,76.25,2021,3,15,29.01,7.09
8.25,76.75,2021,3,15,29.14,7.09
8.25,77.25,2021,3,15,28.38,7.02
8.75,74.25,2021,3,15,28.48,6.76
8.75,74.75,2021,3,15,28.37,6.76
8.75,75.25,2021,3,15,28.28,6.96
8.75,75.75,2021,3,15,28.44,6.96
8.75,76.25,2021,3,15,29.21,7.09
8.75,76.75,2021,3,15,29.03,7.09
8.75,77.25,2021,3,15,27.82,7.02
9.25,74.25,2021,3,15,28.52,6.94
9.25,74.75,2021,3,15,28.47,6.94
9.25,75.25,2021,3,15,28.4,6.98
9.25,75.75,2021,3,15,28.6,6.98
9.25,76.25,2021,3,15,29.61,7.17
9.25,76.75,2021,3,15,28.35,7.17
9.25,77.25,2021,3,15,27.12,7.08
9.75,74.25,2021,3,15,28.56,6.94
9.75,74.75,2021,3,15,28.51,6.94
9.75,75.25,2021,3,15,28.49,6.98
9.75,75.75,2021,3,15,28.78,6.98
9.75,76.25,2021,3,15,29.93,7.17
9.75,76.75,2021,3,15,27.25,7.17
9.75,77.25,2021,3,15,25.67,7.08
10.25,74.25,2021,3,15,28.67,6.04
10.25,74.75,2021,3,15,28.59,6.04
10.25,75.25,2021,3,15,28.63,6.04
10.25,75.75,2021,3,15,28.99,6.04
10.25,76.25,2021,3,15,29.99,6.79
10.25,76.75,2021,3,15,26.88,6.79
10.25,77.25,2021,3,15,25.43,7.13
10.75,74.25,2021,3,15,28.79,6.04
10.75,74.75,2021,3,15,28.73,6.04
10.75,75.25,2021,3,15,28.87,6.04
10.75,75.75,2021,3,15,29.07,6.04
10.75,76.25,2021,3,15,28.85,6.79
10.75,76.75,2021,3,15,26.75,6.79
10.75,77.25,2021,3,15,26.62,7.13
11.25,74.25,2021,3,15,28.84,5.92
11.25,74.75,2021,3,15,28.85,5.92
11.25,75.25,2021,3,15,28.94,5.59
11.25,75.75,2021,3,15,28.57,5.59
11.25,76.25,2021,3,15,26.68,5.92
11.25,76.75,2021,3,15,25.49,5.92
11.25,77.25,2021,3,15,26.8,6.95
11.75,74.25,2021,3,15,28.85,5.92
11.75,74.75,2021,3,15,28.92,5.92
11.75,75.25,2021,3,15,28.63,5.59
11.75,75.75,2021,3,15,27.63,5.59
11.75,76.25,2021,3,15,25.74,5.92
11.75,76.75,2021,3,15,25.19,5.92
11.75,77.25,2021,3,15,26.41,6.95
12.25,74.25,2021,3,15,28.93,6.82
12.25,74.75,2021,3,15,29.08,6.82
12.25,75.25,2021,3,15,28.33,6.63
12.25,75.75,2021,3,15,26.85,6.63
12.25,76.25,2021,3,15,25.95,6.65
12.25,76.75,2021,3,15,26.32,6.65
12.25,77.25,2021,3,15,26.69,7.05
12.75,74.25,2021,3,15,29.16,6.82
12.75,74.75,2021,3,15,29.33,6.82
12.75,75.25,2021,3,15,28.18,6.63
12.75,75.75,2021,3,15,26.23,6.63
12.75,76.25,2021,3,15,25.73,6.65
12.75,76.75,2021,3,15,26.6,6.65
12.75,77.25,2021,3,15,26.53,7.05
8.25,74.25,2021,3,16,28.84,6.57
8.25,74.75,2021,3,16,28.85,6.57
8.25,75.25,2021,3,16,28.82,6.75
8.25,75.75,2021,3,16,28.81,6.75
8.25,76.25,2021,3,16,28.95,6.9
8.25,76.75,2021,3,16,29,6.9
8.25,77.25,2021,3,16,28.21,6.95
8.75,74.25,2021,3,16,28.9,6.57
8.75,74.75,2021,3,16,28.91,6.57
8.75,75.25,2021,3,16,28.85,6.75
8.75,75.75,2021,3,16,28.86,6.75
8.75,76.25,2021,3,16,29.26,6.9
8.75,76.75,2021,3,16,28.88,6.9
8.75,77.25,2021,3,16,27.74,6.95
9.25,74.25,2021,3,16,28.98,6.7
9.25,74.75,2021,3,16,28.96,6.7
9.25,75.25,2021,3,16,28.89,6.53
9.25,75.75,2021,3,16,29.02,6.53
9.25,76.25,2021,3,16,29.86,6.96
9.25,76.75,2021,3,16,28.24,6.96
9.25,77.25,2021,3,16,27.14,7.07
9.75,74.25,2021,3,16,29.06,6.7
9.75,74.75,2021,3,16,29,6.7
9.75,75.25,2021,3,16,28.94,6.53
9.75,75.75,2021,3,16,29.19,6.53
9.75,76.25,2021,3,16,30.35,6.96
9.75,76.75,2021,3,16,27.29,6.96
9.75,77.25,2021,3,16,25.8,7.07
10.25,74.25,2021,3,16,29.09,6.48
10.25,74.75,2021,3,16,29.05,6.48
10.25,75.25,2021,3,16,29.07,6.79
10.25,75.75,2021,3,16,29.35,6.79
10.25,76.25,2021,3,16,30.28,7.01
10.25,76.75,2021,3,16,27.02,7.01
10.25,77.25,2021,3,16,25.62,7.11
10.75,74.25,2021,3,16,29.07,6.48
10.75,74.75,2021,3,16,29.08,6.48
10.75,75.25,2021,3,16,29.2,6.79
10.75,75.75,2021,3,16,29.27,6.79
10.75,76.25,2021,3,16,28.92,7.01
10.75,76.75,2021,3,16,26.94,7.01
10.75,77.25,2021,3,16,26.84,7.11
11.25,74.25,2021,3,16,29.05,6.44
11.25,74.75,2021,3,16,29.14,6.44
11.25,75.25,2021,3,16,29.18,6.7
11.25,75.75,2021,3,16,28.7,6.7
11.25,76.25,2021,3,16,26.87,6.81
11.25,76.75,2021,3,16,25.89,6.81
11.25,77.25,2021,3,16,27.26,7.22
11.75,74.25,2021,3,16,29.04,6.44
11.75,74.75,2021,3,16,29.18,6.44
11.75,75.25,2021,3,16,28.86,6.7
11.75,75.75,2021,3,16,27.84,6.7
11.75,76.25,2021,3,16,26.18,6.81
11.75,76.75,2021,3,16,25.81,6.81
11.75,77.25,2021,3,16,27.1,7.22
12.25,74.25,2021,3,16,29.04,5.99
12.25,74.75,2021,3,16,29.24,5.99
12.25,75.25,2021,3,16,28.52,6.49
12.25,75.75,2021,3,16,27.12,6.49
12.25,76.25,2021,3,16,26.49,6.94
12.25,76.75,2021,3,16,27.01,6.94
12.25,77.25,2021,3,16,27.35,7.25
12.75,74.25,2021,3,16,29.14,5.99
12.75,74.75,2021,3,16,29.34,5.99
12.75,75.25,2021,3,16,28.27,6.49
12.75,75.75,2021,3,16,26.48,6.49
12.75,76.25,2021,3,16,26.27,6.94
12.75,76.75,2021,3,16,27.26,6.94
12.75,77.25,2021,3,16,27.11,7.25
8.25,74.25,2021,3,17,28.85,6.53
8.25,74.75,2021,3,17,28.78,6.53
8.25,75.25,2021,3,17,28.74,6.61
8.25,75.75,2021,3,17,28.78,6.61
8.25,76.25,2021,3,17,28.89,6.63
8.25,76.75,2021,3,17,29.21,6.63
8.25,77.25,2021,3,17,28.35,6.69
8.75,74.25,2021,3,17,28.92,6.53
8.75,74.75,2021,3,17,28.83,6.53
8.75,75.25,2021,3,17,28.79,6.61
8.75,75.75,2021,3,17,28.91,6.61
8.75,76.25,2021,3,17,29.35,6.63
8.75,76.75,2021,3,17,29.25,6.63
8.75,77.25,2021,3,17,28.01,6.69
9.25,74.25,2021,3,17,29.02,6.54
9.25,74.75,2021,3,17,28.93,6.54
9.25,75.25,2021,3,17,28.87,6.54
9.25,75.75,2021,3,17,29.09,6.54
9.25,76.25,2021,3,17,30.1,6.76
9.25,76.75,2021,3,17,28.53,6.76
9.25,77.25,2021,3,17,27.35,6.77
9.75,74.25,2021,3,17,29.09,6.54
9.75,74.75,2021,3,17,29,6.54
9.75,75.25,2021,3,17,28.94,6.54
9.75,75.75,2021,3,17,29.23,6.54
9.75,76.25,2021,3,17,30.53,6.76
9.75,76.75,2021,3,17,27.16,6.76
9.75,77.25,2021,3,17,25.73,6.77
10.25,74.25,2021,3,17,29.09,6.53
10.25,74.75,2021,3,17,29.03,6.53
10.25,75.25,2021,3,17,29.08,6.62
10.25,75.75,2021,3,17,29.4,6.62
10.25,76.25,2021,3,17,30.28,6.81
10.25,76.75,2021,3,17,26.55,6.81
10.25,77.25,2021,3,17,25.3,6.88
10.75,74.25,2021,3,17,29.08,6.53
10.75,74.75,2021,3,17,29.09,6.53
10.75,75.25,2021,3,17,29.28,6.62
10.75,75.75,2021,3,17,29.4,6.62
10.75,76.25,2021,3,17,28.86,6.81
10.75,76.75,2021,3,17,26.56,6.81
10.75,77.25,2021,3,17,26.54,6.88
11.25,74.25,2021,3,17,29.09,6.56
11.25,74.75,2021,3,17,29.18,6.56
11.25,75.25,2021,3,17,29.29,6.82
11.25,75.75,2021,3,17,28.88,6.82
11.25,76.25,2021,3,17,26.82,6.79
11.25,76.75,2021,3,17,25.63,6.79
11.25,77.25,2021,3,17,26.98,6.86
11.75,74.25,2021,3,17,29.06,6.56
11.75,74.75,2021,3,17,29.22,6.56
11.75,75.25,2021,3,17,29,6.82
11.75,75.75,2021,3,17,28.05,6.82
11.75,76.25,2021,3,17,26.14,6.79
11.75,76.75,2021,3,17,25.66,6.79
11.75,77.25,2021,3,17,26.81,6.86
12.25,74.25,2021,3,17,29.01,6.68
12.25,74.75,2021,3,17,29.28,6.68
12.25,75.25,2021,3,17,28.71,6.67
12.25,75.75,2021,3,17,27.37,6.67
12.25,76.25,2021,3,17,26.46,6.82
12.25,76.75,2021,3,17,26.88,6.82
12.25,77.25,2021,3,17,27.08,6.7
12.75,74.25,2021,3,17,29.18,6.68
12.75,74.75,2021,3,17,29.46,6.68
12.75,75.25,2021,3,17,28.48,6.67
12.75,75.75,2021,3,17,26.69,6.67
12.75,76.25,2021,3,17,26.28,6.82
12.75,76.75,2021,3,17,27.14,6.82
12.75,77.25,2021,3,17,26.94,6.7
8.25,74.25,2021,3,18,28.66,5.98
8.25,74.75,2021,3,18,28.59,5.98
8.25,75.25,2021,3,18,28.62,6.11
8.25,75.75,2021,3,18,28.74,6.11
8.25,76.25,2021,3,18,28.83,5.57
8.25,76.75,2021,3,18,28.61,5.57
8.25,77.25,2021,3,18,27.85,5.48
8.75,74.25,2021,3,18,28.85,5.98
8.75,74.75,2021,3,18,28.78,5.98
8.75,75.25,2021,3,18,28.78,6.11
8.75,75.75,2021,3,18,28.93,6.11
8.75,76.25,2021,3,18,29.3,5.57
8.75,76.75,2021,3,18,28.44,5.57
8.75,77.25,2021,3,18,27.19,5.48
9.25,74.25,2021,3,18,29.06,6.06
9.25,74.75,2021,3,18,29.01,6.06
9.25,75.25,2021,3,18,28.97,6.12
9.25,75.75,2021,3,18,29.16,6.12
9.25,76.25,2021,3,18,29.91,5.76
9.25,76.75,2021,3,18,27.79,5.76
9.25,77.25,2021,3,18,26.35,5.79
9.75,74.25,2021,3,18,29.24,6.06
9.75,74.75,2021,3,18,29.19,6.06
9.75,75.25,2021,3,18,29.15,6.12
9.75,75.75,2021,3,18,29.4,6.12
9.75,76.25,2021,3,18,30.48,5.76
9.75,76.75,2021,3,18,26.64,5.76
9.75,77.25,2021,3,18,24.77,5.79
10.25,74.25,2021,3,18,29.34,6.01
10.25,74.75,2021,3,18,29.28,6.01
10.25,75.25,2021,3,18,29.28,6.12
10.25,75.75,2021,3,18,29.53,6.12
10.25,76.25,2021,3,18,30.38,6.37
10.25,76.75,2021,3,18,26.3,6.37
10.25,77.25,2021,3,18,24.56,6.41
10.75,74.25,2021,3,18,29.38,6.01
10.75,74.75,2021,3,18,29.36,6.01
10.75,75.25,2021,3,18,29.41,6.12
10.75,75.75,2021,3,18,29.35,6.12
10.75,76.25,2021,3,18,28.79,6.37
10.75,76.75,2021,3,18,26.49,6.37
10.75,77.25,2021,3,18,26.07,6.41
11.25,74.25,2021,3,18,29.39,5.89
11.25,74.75,2021,3,18,29.46,5.89
11.25,75.25,2021,3,18,29.36,6.15
11.25,75.75,2021,3,18,28.6,6.15
11.25,76.25,2021,3,18,26.44,6.55
11.25,76.75,2021,3,18,25.56,6.55
11.25,77.25,2021,3,18,26.74,6.43
11.75,74.25,2021,3,18,29.39,5.89
11.75,74.75,2021,3,18,29.51,5.89
11.75,75.25,2021,3,18,28.99,6.15
11.75,75.75,2021,3,18,27.58,6.15
11.75,76.25,2021,3,18,25.44,6.55
11.75,76.75,2021,3,18,25.29,6.55
11.75,77.25,2021,3,18,26.5,6.43
12.25,74.25,2021,3,18,29.39,5.93
12.25,74.75,2021,3,18,29.59,5.93
12.25,75.25,2021,3,18,28.69,5.97
12.25,75.75,2021,3,18,26.87,5.97
12.25,76.25,2021,3,18,25.62,6.33
12.25,76.75,2021,3,18,26.21,6.33
12.25,77.25,2021,3,18,26.5,6.39
12.75,74.25,2021,3,18,29.5,5.93
12.75,74.75,2021,3,18,29.71,5.93
12.75,75.25,2021,3,18,28.54,5.97
12.75,75.75,2021,3,18,26.45,5.97
12.75,76.25,2021,3,18,25.69,6.33
12.75,76.75,2021,3,18,26.49,6.33
12.75,77.25,2021,3,18,26.23,6.39
8.25,74.25,2021,3,19,28.22,3.75
8.25,74.75,2021,3,19,27.97,3.75
8.25,75.25,2021,3,19,27.75,2.75
8.25,75.75,2021,3,19,27.57,2.75
8.25,76.25,2021,3,19,27.41,4.24
8.25,76.75,2021,3,19,27.8,4.24
8.25,77.25,2021,3,19,27.36,5.48
8.75,74.25,2021,3,19,28.61,3.75
8.75,74.75,2021,3,19,28.34,3.75
8.75,75.25,2021,3,19,28.06,2.75
8.75,75.75,2021,3,19,27.87,2.75
8.75,76.25,2021,3,19,27.85,4.24
8.75,76.75,2021,3,19,27.91,4.24
8.75,77.25,2021,3,19,26.93,5.48
9.25,74.25,2021,3,19,28.82,5.45
9.25,74.75,2021,3,19,28.59,5.45
9.25,75.25,2021,3,19,28.32,5.02
9.25,75.75,2021,3,19,28.17,5.02
9.25,76.25,2021,3,19,28.47,5.27
9.25,76.75,2021,3,19,27.36,5.27
9.25,77.25,2021,3,19,26.48,6.01
9.75,74.25,2021,3,19,28.96,5.45
9.75,74.75,2021,3,19,28.78,5.45
9.75,75.25,2021,3,19,28.59,5.02
9.75,75.75,2021,3,19,28.6,5.02
9.75,76.25,2021,3,19,29.15,5.27
9.75,76.75,2021,3,19,26.33,5.27
9.75,77.25,2021,3,19,25.14,6.01
10.25,74.25,2021,3,19,29.08,6.09
10.25,74.75,2021,3,19,28.97,6.09
10.25,75.25,2021,3,19,28.9,6.12
10.25,75.75,2021,3,19,28.98,6.12
10.25,76.25,2021,3,19,29.37,6.57
10.25,76.75,2021,3,19,25.89,6.57
10.25,77.25,2021,3,19,24.77,6.68
10.75,74.25,2021,3,19,29.15,6.09
10.75,74.75,2021,3,19,29.11,6.09
10.75,75.25,2021,3,19,29.14,6.12
10.75,75.75,2021,3,19,28.96,6.12
10.75,76.25,2021,3,19,27.98,6.57
10.75,76.75,2021,3,19,25.64,6.57
10.75,77.25,2021,3,19,25.67,6.68
11.25,74.25,2021,3,19,29.21,5.99
11.25,74.75,2021,3,19,29.24,5.99
11.25,75.25,2021,3,19,29.15,6.41
11.25,75.75,2021,3,19,28.34,6.41
11.25,76.25,2021,3,19,25.72,6.9
11.25,76.75,2021,3,19,24.38,6.9
11.25,77.25,2021,3,19,25.7,6.99
11.75,74.25,2021,3,19,29.26,5.99
11.75,74.75,2021,3,19,29.33,5.99
11.75,75.25,2021,3,19,28.87,6.41
11.75,75.75,2021,3,19,27.5,6.41
11.75,76.25,2021,3,19,25.01,6.9
11.75,76.75,2021,3,19,24.26,6.9
11.75,77.25,2021,3,19,25.24,6.99
12.25,74.25,2021,3,19,29.3,6.28
12.25,74.75,2021,3,19,29.46,6.28
12.25,75.25,2021,3,19,28.66,6.43
12.25,75.75,2021,3,19,26.99,6.43
12.25,76.25,2021,3,19,25.64,7.04
12.25,76.75,2021,3,19,25.66,7.04
12.25,77.25,2021,3,19,25.5,7.15
12.75,74.25,2021,3,19,29.41,6.28
12.75,74.75,2021,3,19,29.65,6.28
12.75,75.25,2021,3,19,28.6,6.43
12.75,75.75,2021,3,19,26.65,6.43
12.75,76.25,2021,3,19,25.98,7.04
12.75,76.75,2021,3,19,26.44,7.04
12.75,77.25,2021,3,19,25.82,7.15
8.25,74.25,2021,3,20,28.21,5.13
8.25,74.75,2021,3,20,28.06,5.13
8.25,75.25,2021,3,20,27.8,5.42
8.25,75.75,2021,3,20,27.51,5.42
8.25,76.25,2021,3,20,27.35,5.37
8.25,76.75,2021,3,20,27.75,5.37
8.25,77.25,2021,3,20,27.87,5.38
8.75,74.25,2021,3,20,28.27,5.13
8.75,74.75,2021,3,20,28.07,5.13
8.75,75.25,2021,3,20,27.82,5.42
8.75,75.75,2021,3,20,27.64,5.42
8.75,76.25,2021,3,20,27.67,5.37
8.75,76.75,2021,3,20,27.97,5.37
8.75,77.25,2021,3,20,27.97,5.38
9.25,74.25,2021,3,20,28.26,5.28
9.25,74.75,2021,3,20,27.99,5.28
9.25,75.25,2021,3,20,27.77,4.66
9.25,75.75,2021,3,20,27.79,4.66
9.25,76.25,2021,3,20,28.36,5.42
9.25,76.75,2021,3,20,27.52,5.42
9.25,77.25,2021,3,20,27.39,5.47
9.75,74.25,2021,3,20,28.35,5.28
9.75,74.75,2021,3,20,28.08,5.28
9.75,75.25,2021,3,20,27.88,4.66
9.75,75.75,2021,3,20,28.01,4.66
9.75,76.25,2021,3,20,29,5.42
9.75,76.75,2021,3,20,26.57,5.42
9.75,77.25,2021,3,20,25.92,5.47
10.25,74.25,2021,3,20,28.67,5.74
10.25,74.75,2021,3,20,28.36,5.74
10.25,75.25,2021,3,20,28.17,4.39
10.25,75.75,2021,3,20,28.33,4.39
10.25,76.25,2021,3,20,29.23,5.11
10.25,76.75,2021,3,20,26.64,5.11
10.25,77.25,2021,3,20,25.78,5.76
10.75,74.25,2021,3,20,29.02,5.74
10.75,74.75,2021,3,20,28.72,5.74
10.75,75.25,2021,3,20,28.57,4.39
10.75,75.75,2021,3,20,28.51,4.39
10.75,76.25,2021,3,20,28.21,5.11
10.75,76.75,2021,3,20,26.98,5.11
10.75,77.25,2021,3,20,27.04,5.76
11.25,74.25,2021,3,20,29.3,6.05
11.25,74.75,2021,3,20,29.09,6.05
11.25,75.25,2021,3,20,28.8,5.88
11.25,75.75,2021,3,20,28.03,5.88
11.25,76.25,2021,3,20,26.02,5.92
11.25,76.75,2021,3,20,25.6,5.92
11.25,77.25,2021,3,20,27.07,6.67
11.75,74.25,2021,3,20,29.44,6.05
11.75,74.75,2021,3,20,29.32,6.05
11.75,75.25,2021,3,20,28.61,5.88
11.75,75.75,2021,3,20,27.12,5.88
11.75,76.25,2021,3,20,25.02,5.92
11.75,76.75,2021,3,20,24.95,5.92
11.75,77.25,2021,3,20,26.35,6.67
12.25,74.25,2021,3,20,29.49,6.25
12.25,74.75,2021,3,20,29.47,6.25
12.25,75.25,2021,3,20,28.43,5.72
12.25,75.75,2021,3,20,26.58,5.72
12.25,76.25,2021,3,20,25.39,6.27
12.25,76.75,2021,3,20,25.87,6.27
12.25,77.25,2021,3,20,26.33,6.68
12.75,74.25,2021,3,20,29.58,6.25
12.75,74.75,2021,3,20,29.62,6.25
12.75,75.25,2021,3,20,28.35,5.72
12.75,75.75,2021,3,20,26.23,5.72
12.75,76.25,2021,3,20,25.53,6.27
12.75,76.75,2021,3,20,26.34,6.27
12.75,77.25,2021,3,20,26.31,6.68
8.25,74.25,2021,3,21,28.6,6.46
8.25,74.75,2021,3,21,28.57,6.46
8.25,75.25,2021,3,21,28.51,6.6
8.25,75.75,2021,3,21,28.41,6.6
8.25,76.25,2021,3,21,28.17,6.54
8.25,76.75,2021,3,21,28.62,6.54
8.25,77.25,2021,3,21,28.53,6.16
8.75,74.25,2021,3,21,28.66,6.46
8.75,74.75,2021,3,21,28.5,6.46
8.75,75.25,2021,3,21,28.42,6.6
8.75,75.75,2021,3,21,28.43,6.6
8.75,76.25,2021,3,21,28.54,6.54
8.75,76.75,2021,3,21,28.9,6.54
8.75,77.25,2021,3,21,28.55,6.16
9.25,74.25,2021,3,21,28.75,6.34
9.25,74.75,2021,3,21,28.55,6.34
9.25,75.25,2021,3,21,28.45,6.65
9.25,75.75,2021,3,21,28.58,6.65
9.25,76.25,2021,3,21,29.24,6.47
9.25,76.75,2021,3,21,28.19,6.47
9.25,77.25,2021,3,21,27.75,6.16
9.75,74.25,2021,3,21,28.91,6.34
9.75,74.75,2021,3,21,28.72,6.34
9.75,75.25,2021,3,21,28.62,6.65
9.75,75.75,2021,3,21,28.85,6.65
9.75,76.25,2021,3,21,29.84,6.47
9.75,76.75,2021,3,21,26.99,6.47
9.75,77.25,2021,3,21,26,6.16
10.25,74.25,2021,3,21,29.06,6.33
10.25,74.75,2021,3,21,28.89,6.33
10.25,75.25,2021,3,21,28.83,6.45
10.25,75.75,2021,3,21,29.08,6.45
10.25,76.25,2021,3,21,29.92,6.41
10.25,76.75,2021,3,21,26.89,6.41
10.25,77.25,2021,3,21,25.75,6.29
10.75,74.25,2021,3,21,29.08,6.33
10.75,74.75,2021,3,21,28.96,6.33
10.75,75.25,2021,3,21,29.01,6.45
10.75,75.75,2021,3,21,29.12,6.45
10.75,76.25,2021,3,21,28.87,6.41
10.75,76.75,2021,3,21,27.26,6.41
10.75,77.25,2021,3,21,27.24,6.29
11.25,74.25,2021,3,21,29.02,6.48
11.25,74.75,2021,3,21,29.02,6.48
11.25,75.25,2021,3,21,29.02,6.59
11.25,75.75,2021,3,21,28.59,6.59
11.25,76.25,2021,3,21,26.88,6.47
11.25,76.75,2021,3,21,26.2,6.47
11.25,77.25,2021,3,21,27.61,6.94
11.75,74.25,2021,3,21,28.95,6.48
11.75,74.75,2021,3,21,29.06,6.48
11.75,75.25,2021,3,21,28.78,6.59
11.75,75.75,2021,3,21,27.79,6.59
11.75,76.25,2021,3,21,26.07,6.47
11.75,76.75,2021,3,21,25.9,6.47
11.75,77.25,2021,3,21,27.12,6.94
12.25,74.25,2021,3,21,28.92,6.47
12.25,74.75,2021,3,21,29.16,6.47
12.25,75.25,2021,3,21,28.62,6.59
12.25,75.75,2021,3,21,27.34,6.59
12.25,76.25,2021,3,21,26.39,6.93
12.25,76.75,2021,3,21,26.95,6.93
12.25,77.25,2021,3,21,27.17,7.12
12.75,74.25,2021,3,21,29.02,6.47
12.75,74.75,2021,3,21,29.3,6.47
12.75,75.25,2021,3,21,28.48,6.59
12.75,75.75,2021,3,21,26.87,6.59
12.75,76.25,2021,3,21,26.31,6.93
12.75,76.75,2021,3,21,27.26,6.93
12.75,77.25,2021,3,21,27.03,7.12
8.25,74.25,2021,3,22,28.73,5.8
8.25,74.75,2021,3,22,28.74,5.8
8.25,75.25,2021,3,22,28.69,6.04
8.25,75.75,2021,3,22,28.63,6.04
8.25,76.25,2021,3,22,28.58,6.24
8.25,76.75,2021,3,22,29,6.24
8.25,77.25,2021,3,22,28.56,5.19
8.75,74.25,2021,3,22,28.76,5.8
8.75,74.75,2021,3,22,28.75,5.8
8.75,75.25,2021,3,22,28.72,6.04
8.75,75.75,2021,3,22,28.77,6.04
8.75,76.25,2021,3,22,29.03,6.24
8.75,76.75,2021,3,22,28.97,6.24
8.75,77.25,2021,3,22,28.19,5.19
9.25,74.25,2021,3,22,28.8,6.09
9.25,74.75,2021,3,22,28.76,6.09
9.25,75.25,2021,3,22,28.73,6.15
9.25,75.75,2021,3,22,28.92,6.15
9.25,76.25,2021,3,22,29.67,6.28
9.25,76.75,2021,3,22,28.07,6.28
9.25,77.25,2021,3,22,27.37,6.07
9.75,74.25,2021,3,22,28.81,6.09
9.75,74.75,2021,3,22,28.76,6.09
9.75,75.25,2021,3,22,28.75,6.15
9.75,75.75,2021,3,22,29.04,6.15
9.75,76.25,2021,3,22,30.09,6.28
9.75,76.75,2021,3,22,26.66,6.28
9.75,77.25,2021,3,22,25.63,6.07
10.25,74.25,2021,3,22,28.83,5.83
10.25,74.75,2021,3,22,28.78,5.83
10.25,75.25,2021,3,22,28.84,6.15
10.25,75.75,2021,3,22,29.17,6.15
10.25,76.25,2021,3,22,30.05,6.19
10.25,76.75,2021,3,22,26.36,6.19
10.25,77.25,2021,3,22,25.24,6.46
10.75,74.25,2021,3,22,28.88,5.83
10.75,74.75,2021,3,22,28.88,5.83
10.75,75.25,2021,3,22,29.04,6.15
10.75,75.75,2021,3,22,29.19,6.15
10.75,76.25,2021,3,22,28.84,6.19
10.75,76.75,2021,3,22,26.72,6.19
10.75,77.25,2021,3,22,26.71,6.46
11.25,74.25,2021,3,22,28.95,6.25
11.25,74.75,2021,3,22,29.03,6.25
11.25,75.25,2021,3,22,29.15,6.39
11.25,75.75,2021,3,22,28.77,6.39
11.25,76.25,2021,3,22,26.88,6.25
11.25,76.75,2021,3,22,25.94,6.25
11.25,77.25,2021,3,22,27.43,7.09
11.75,74.25,2021,3,22,29,6.25
11.75,74.75,2021,3,22,29.16,6.25
11.75,75.25,2021,3,22,29,6.39
11.75,75.75,2021,3,22,28.15,6.39
11.75,76.25,2021,3,22,26.42,6.25
11.75,76.75,2021,3,22,26.12,6.25
11.75,77.25,2021,3,22,27.37,7.09
12.25,74.25,2021,3,22,29.08,6.52
12.25,74.75,2021,3,22,29.37,6.52
12.25,75.25,2021,3,22,28.92,6.45
12.25,75.75,2021,3,22,27.77,6.45
12.25,76.25,2021,3,22,27.05,6.8
12.25,76.75,2021,3,22,27.5,6.8
12.25,77.25,2021,3,22,27.7,7.17
12.75,74.25,2021,3,22,29.25,6.52
12.75,74.75,2021,3,22,29.66,6.52
12.75,75.25,2021,3,22,28.94,6.45
12.75,75.75,2021,3,22,27.41,6.45
12.75,76.25,2021,3,22,27.06,6.8
12.75,76.75,2021,3,22,27.86,6.8
12.75,77.25,2021,3,22,27.65,7.17
8.25,74.25,2021,3,23,28.63,6.4
8.25,74.75,2021,3,23,28.51,6.4
8.25,75.25,2021,3,23,28.46,6.51
8.25,75.75,2021,3,23,28.55,6.51
8.25,76.25,2021,3,23,28.7,6.46
8.25,76.75,2021,3,23,28.66,6.46
8.25,77.25,2021,3,23,28.08,5.98
8.75,74.25,2021,3,23,28.7,6.4
8.75,74.75,2021,3,23,28.55,6.4
8.75,75.25,2021,3,23,28.5,6.51
8.75,75.75,2021,3,23,28.7,6.51
8.75,76.25,2021,3,23,29.15,6.46
8.75,76.75,2021,3,23,28.51,6.46
8.75,77.25,2021,3,23,27.66,5.98
9.25,74.25,2021,3,23,28.76,6.08
9.25,74.75,2021,3,23,28.59,6.08
9.25,75.25,2021,3,23,28.49,6.44
9.25,75.75,2021,3,23,28.74,6.44
9.25,76.25,2021,3,23,29.73,6.78
9.25,76.75,2021,3,23,27.9,6.78
9.25,77.25,2021,3,23,27.18,6.61
9.75,74.25,2021,3,23,28.82,6.08
9.75,74.75,2021,3,23,28.66,6.08
9.75,75.25,2021,3,23,28.55,6.44
9.75,75.75,2021,3,23,28.84,6.44
9.75,76.25,2021,3,23,30.12,6.78
9.75,76.75,2021,3,23,27.05,6.78
9.75,77.25,2021,3,23,25.94,6.61
10.25,74.25,2021,3,23,28.88,6.37
10.25,74.75,2021,3,23,28.78,6.37
10.25,75.25,2021,3,23,28.78,6.56
10.25,75.75,2021,3,23,29.13,6.56
10.25,76.25,2021,3,23,30.24,6.61
10.25,76.75,2021,3,23,27.15,6.61
10.25,77.25,2021,3,23,25.94,6.81
10.75,74.25,2021,3,23,28.96,6.37
10.75,74.75,2021,3,23,28.94,6.37
10.75,75.25,2021,3,23,29.08,6.56
10.75,75.75,2021,3,23,29.32,6.56
10.75,76.25,2021,3,23,29.29,6.61
10.75,76.75,2021,3,23,27.47,6.61
10.75,77.25,2021,3,23,27.37,6.81
11.25,74.25,2021,3,23,29.09,6.62
11.25,74.75,2021,3,23,29.11,6.62
11.25,75.25,2021,3,23,29.22,6.94
11.25,75.75,2021,3,23,28.97,6.94
11.25,76.25,2021,3,23,27.39,6.95
11.25,76.75,2021,3,23,26.51,6.95
11.25,77.25,2021,3,23,27.89,7.04
11.75,74.25,2021,3,23,29.19,6.62
11.75,74.75,2021,3,23,29.3,6.62
11.75,75.25,2021,3,23,29.16,6.94
11.75,75.75,2021,3,23,28.45,6.94
11.75,76.25,2021,3,23,26.93,6.95
11.75,76.75,2021,3,23,26.56,6.95
11.75,77.25,2021,3,23,27.73,7.04
12.25,74.25,2021,3,23,29.26,6.68
12.25,74.75,2021,3,23,29.56,6.68
12.25,75.25,2021,3,23,29.19,6.77
12.25,75.75,2021,3,23,28.2,6.77
12.25,76.25,2021,3,23,27.63,7.02
12.25,76.75,2021,3,23,27.92,7.02
12.25,77.25,2021,3,23,28,7.17
12.75,74.25,2021,3,23,29.42,6.68
12.75,74.75,2021,3,23,29.87,6.68
12.75,75.25,2021,3,23,29.26,6.77
12.75,75.75,2021,3,23,27.92,6.77
12.75,76.25,2021,3,23,27.74,7.02
12.75,76.75,2021,3,23,28.41,7.02
12.75,77.25,2021,3,23,28.04,7.17
8.25,74.25,2021,3,24,28.14,6.05
8.25,74.75,2021,3,24,28.03,6.05
8.25,75.25,2021,3,24,27.98,5.47
8.25,75.75,2021,3,24,27.94,5.47
8.25,76.25,2021,3,24,27.87,5.63
8.25,76.75,2021,3,24,27.96,5.63
8.25,77.25,2021,3,24,27.42,5.16
8.75,74.25,2021,3,24,28.14,6.05
8.75,74.75,2021,3,24,28.04,6.05
8.75,75.25,2021,3,24,28.1,5.47
8.75,75.75,2021,3,24,28.33,5.47
8.75,76.25,2021,3,24,28.66,5.63
8.75,76.75,2021,3,24,27.82,5.63
8.75,77.25,2021,3,24,26.83,5.16
9.25,74.25,2021,3,24,28.26,6.43
9.25,74.75,2021,3,24,28.12,6.43
9.25,75.25,2021,3,24,28.13,6.44
9.25,75.75,2021,3,24,28.45,6.44
9.25,76.25,2021,3,24,29.32,6.37
9.25,76.75,2021,3,24,27.18,6.37
9.25,77.25,2021,3,24,26.33,6.25
9.75,74.25,2021,3,24,28.54,6.43
9.75,74.75,2021,3,24,28.38,6.43
9.75,75.25,2021,3,24,28.29,6.44
9.75,75.75,2021,3,24,28.55,6.44
9.75,76.25,2021,3,24,29.52,6.37
9.75,76.75,2021,3,24,26.34,6.37
9.75,77.25,2021,3,24,25.3,6.25
10.25,74.25,2021,3,24,28.77,5.37
10.25,74.75,2021,3,24,28.67,5.37
10.25,75.25,2021,3,24,28.62,6.48
10.25,75.75,2021,3,24,28.81,6.48
10.25,76.25,2021,3,24,29.58,6.49
10.25,76.75,2021,3,24,26.76,6.49
10.25,77.25,2021,3,24,25.78,6.5
10.75,74.25,2021,3,24,28.91,5.37
10.75,74.75,2021,3,24,28.89,5.37
10.75,75.25,2021,3,24,28.9,6.48
10.75,75.75,2021,3,24,28.9,6.48
10.75,76.25,2021,3,24,28.8,6.49
10.75,76.75,2021,3,24,27.63,6.49
10.75,77.25,2021,3,24,27.69,6.5
11.25,74.25,2021,3,24,29.04,4.76
11.25,74.75,2021,3,24,29.07,4.76
11.25,75.25,2021,3,24,28.99,5.96
11.25,75.75,2021,3,24,28.49,5.96
11.25,76.25,2021,3,24,27.05,6.63
11.25,76.75,2021,3,24,26.88,6.63
11.25,77.25,2021,3,24,28.36,6.83
11.75,74.25,2021,3,24,29.16,4.76
11.75,74.75,2021,3,24,29.23,4.76
11.75,75.25,2021,3,24,28.89,5.96
11.75,75.75,2021,3,24,27.99,5.96
11.75,76.25,2021,3,24,26.67,6.63
11.75,76.75,2021,3,24,26.87,6.63
11.75,77.25,2021,3,24,28.1,6.83
12.25,74.25,2021,3,24,29.27,6.21
12.25,74.75,2021,3,24,29.46,6.21
12.25,75.25,2021,3,24,28.95,6.27
12.25,75.75,2021,3,24,27.92,6.27
12.25,76.25,2021,3,24,27.52,6.81
12.25,76.75,2021,3,24,28.23,6.81
12.25,77.25,2021,3,24,28.32,6.9
12.75,74.25,2021,3,24,29.44,6.21
12.75,74.75,2021,3,24,29.71,6.21
12.75,75.25,2021,3,24,29.06,6.27
12.75,75.75,2021,3,24,27.88,6.27
12.75,76.25,2021,3,24,27.92,6.81
12.75,76.75,2021,3,24,28.79,6.81
12.75,77.25,2021,3,24,28.4,6.9
8.25,74.25,2021,3,25,27.83,4.25
8.25,74.75,2021,3,25,27.62,4.25
8.25,75.25,2021,3,25,27.49,4.86
8.25,75.75,2021,3,25,27.49,4.86
8.25,76.25,2021,3,25,27.76,5.04
8.25,76.75,2021,3,25,28.36,5.04
8.25,77.25,2021,3,25,28.12,5.06
8.75,74.25,2021,3,25,28.05,4.25
8.75,74.75,2021,3,25,27.79,4.25
8.75,75.25,2021,3,25,27.6,4.86
8.75,75.75,2021,3,25,27.59,4.86
8.75,76.25,2021,3,25,27.93,5.04
8.75,76.75,2021,3,25,28.01,5.04
8.75,77.25,2021,3,25,27.6,5.06
9.25,74.25,2021,3,25,28.29,4.39
9.25,74.75,2021,3,25,28.05,4.39
9.25,75.25,2021,3,25,27.84,5.09
9.25,75.75,2021,3,25,27.79,5.09
9.25,76.25,2021,3,25,28.1,5.28
9.25,76.75,2021,3,25,26.86,5.28
9.25,77.25,2021,3,25,26.79,5.42
9.75,74.25,2021,3,25,28.51,4.39
9.75,74.75,2021,3,25,28.31,4.39
9.75,75.25,2021,3,25,28.09,5.09
9.75,75.75,2021,3,25,27.94,5.09
9.75,76.25,2021,3,25,28.01,5.28
9.75,76.75,2021,3,25,25.56,5.28
9.75,77.25,2021,3,25,25.4,5.42
10.25,74.25,2021,3,25,28.67,4.7
10.25,74.75,2021,3,25,28.52,4.7
10.25,75.25,2021,3,25,28.29,5.01
10.25,75.75,2021,3,25,28.08,5.01
10.25,76.25,2021,3,25,28.01,5.34
10.25,76.75,2021,3,25,25.68,5.34
10.25,77.25,2021,3,25,25.54,5.68
10.75,74.25,2021,3,25,28.79,4.7
10.75,74.75,2021,3,25,28.66,4.7
10.75,75.25,2021,3,25,28.46,5.01
10.75,75.75,2021,3,25,28.11,5.01
10.75,76.25,2021,3,25,27.49,5.34
10.75,76.75,2021,3,25,26.53,5.34
10.75,77.25,2021,3,25,27.23,5.68
11.25,74.25,2021,3,25,28.94,4.82
11.25,74.75,2021,3,25,28.82,4.82
11.25,75.25,2021,3,25,28.52,5.17
11.25,75.75,2021,3,25,27.76,5.17
11.25,76.25,2021,3,25,26.17,5.72
11.25,76.75,2021,3,25,26.04,5.72
11.25,77.25,2021,3,25,27.95,6.26
11.75,74.25,2021,3,25,29.17,4.82
11.75,74.75,2021,3,25,29.01,4.82
11.75,75.25,2021,3,25,28.4,5.17
11.75,75.75,2021,3,25,27.3,5.17
11.75,76.25,2021,3,25,26.07,5.72
11.75,76.75,2021,3,25,26.3,5.72
11.75,77.25,2021,3,25,27.91,6.26
12.25,74.25,2021,3,25,29.42,5.62
12.25,74.75,2021,3,25,29.22,5.62
12.25,75.25,2021,3,25,28.35,5.42
12.25,75.75,2021,3,25,27.23,5.42
12.25,76.25,2021,3,25,27.21,5.67
12.25,76.75,2021,3,25,27.96,5.67
12.25,77.25,2021,3,25,28.31,6.05
12.75,74.25,2021,3,25,29.66,5.62
12.75,74.75,2021,3,25,29.44,5.62
12.75,75.25,2021,3,25,28.42,5.42
12.75,75.75,2021,3,25,27.25,5.42
12.75,76.25,2021,3,25,27.83,5.67
12.75,76.75,2021,3,25,28.75,5.67
12.75,77.25,2021,3,25,28.4,6.05
8.25,74.25,2021,3,26,29.05,6.28
8.25,74.75,2021,3,26,29,6.28
8.25,75.25,2021,3,26,28.97,6.2
8.25,75.75,2021,3,26,29.03,6.2
8.25,76.25,2021,3,26,29.28,6.47
8.25,76.75,2021,3,26,29.15,6.47
8.25,77.25,2021,3,26,28.5,5.61
8.75,74.25,2021,3,26,29.23,6.28
8.75,74.75,2021,3,26,29.21,6.28
8.75,75.25,2021,3,26,29.17,6.2
8.75,75.75,2021,3,26,29.21,6.2
8.75,76.25,2021,3,26,29.49,6.47
8.75,76.75,2021,3,26,28.6,6.47
8.75,77.25,2021,3,26,27.75,5.61
9.25,74.25,2021,3,26,29.26,6.36
9.25,74.75,2021,3,26,29.24,6.36
9.25,75.25,2021,3,26,29.22,6.3
9.25,75.75,2021,3,26,29.33,6.3
9.25,76.25,2021,3,26,29.86,6.41
9.25,76.75,2021,3,26,27.71,6.41
9.25,77.25,2021,3,26,26.9,6.55
9.75,74.25,2021,3,26,29.3,6.36
9.75,74.75,2021,3,26,29.27,6.36
9.75,75.25,2021,3,26,29.24,6.3
9.75,75.75,2021,3,26,29.37,6.3
9.75,76.25,2021,3,26,30.03,6.41
9.75,76.75,2021,3,26,26.52,6.41
9.75,77.25,2021,3,26,25.46,6.55
10.25,74.25,2021,3,26,29.36,6.19
10.25,74.75,2021,3,26,29.35,6.19
10.25,75.25,2021,3,26,29.39,6.38
10.25,75.75,2021,3,26,29.56,6.38
10.25,76.25,2021,3,26,30.1,6.66
10.25,76.75,2021,3,26,26.68,6.66
10.25,77.25,2021,3,26,25.67,6.72
10.75,74.25,2021,3,26,29.48,6.19
10.75,74.75,2021,3,26,29.47,6.19
10.75,75.25,2021,3,26,29.59,6.38
10.75,75.75,2021,3,26,29.64,6.38
10.75,76.25,2021,3,26,29.29,6.66
10.75,76.75,2021,3,26,27.45,6.66
10.75,77.25,2021,3,26,27.48,6.72
11.25,74.25,2021,3,26,29.64,6.48
11.25,74.75,2021,3,26,29.62,6.48
11.25,75.25,2021,3,26,29.64,6.66
11.25,75.75,2021,3,26,29.25,6.66
11.25,76.25,2021,3,26,27.64,6.73
11.25,76.75,2021,3,26,26.86,6.73
11.25,77.25,2021,3,26,28.25,6.8
11.75,74.25,2021,3,26,29.8,6.48
11.75,74.75,2021,3,26,29.82,6.48
11.75,75.25,2021,3,26,29.57,6.66
11.75,75.75,2021,3,26,28.8,6.66
11.75,76.25,2021,3,26,27.4,6.73
11.75,76.75,2021,3,26,27.13,6.73
11.75,77.25,2021,3,26,28.27,6.8
12.25,74.25,2021,3,26,29.97,6.65
12.25,74.75,2021,3,26,30.13,6.65
12.25,75.25,2021,3,26,29.66,6.67
12.25,75.75,2021,3,26,28.69,6.67
12.25,76.25,2021,3,26,28.21,6.92
12.25,76.75,2021,3,26,28.6,6.92
12.25,77.25,2021,3,26,28.72,6.87
12.75,74.25,2021,3,26,30.2,6.65
12.75,74.75,2021,3,26,30.45,6.65
12.75,75.25,2021,3,26,29.78,6.67
12.75,75.75,2021,3,26,28.55,6.67
12.75,76.25,2021,3,26,28.46,6.92
12.75,76.75,2021,3,26,29.17,6.92
12.75,77.25,2021,3,26,28.87,6.87
8.25,74.25,2021,3,27,28.47,6.46
8.25,74.75,2021,3,27,28.4,6.46
8.25,75.25,2021,3,27,28.3,6.28
8.25,75.75,2021,3,27,28.26,6.28
8.25,76.25,2021,3,27,28.42,5.97
8.25,76.75,2021,3,27,28.43,5.97
8.25,77.25,2021,3,27,27.91,5.2
8.75,74.25,2021,3,27,28.64,6.46
8.75,74.75,2021,3,27,28.56,6.46
8.75,75.25,2021,3,27,28.43,6.28
8.75,75.75,2021,3,27,28.41,6.28
8.75,76.25,2021,3,27,28.89,5.97
8.75,76.75,2021,3,27,28.18,5.97
8.75,77.25,2021,3,27,27.28,5.2
9.25,74.25,2021,3,27,28.84,6.41
9.25,74.75,2021,3,27,28.73,6.41
9.25,75.25,2021,3,27,28.58,6.26
9.25,75.75,2021,3,27,28.63,6.26
9.25,76.25,2021,3,27,29.5,6.38
9.25,76.75,2021,3,27,27.66,6.38
9.25,77.25,2021,3,27,26.91,5.54
9.75,74.25,2021,3,27,29.07,6.41
9.75,74.75,2021,3,27,28.88,6.41
9.75,75.25,2021,3,27,28.72,6.26
9.75,75.75,2021,3,27,28.87,6.26
9.75,76.25,2021,3,27,29.89,6.38
9.75,76.75,2021,3,27,26.9,6.38
9.75,77.25,2021,3,27,25.98,5.54
10.25,74.25,2021,3,27,29.28,6.44
10.25,74.75,2021,3,27,29.07,6.44
10.25,75.25,2021,3,27,28.96,6.41
10.25,75.75,2021,3,27,29.16,6.41
10.25,76.25,2021,3,27,30.03,6.2
10.25,76.75,2021,3,27,27.28,6.2
10.25,77.25,2021,3,27,26.39,6.14
10.75,74.25,2021,3,27,29.41,6.44
10.75,74.75,2021,3,27,29.29,6.44
10.75,75.25,2021,3,27,29.29,6.41
10.75,75.75,2021,3,27,29.35,6.41
10.75,76.25,2021,3,27,29.26,6.2
10.75,76.75,2021,3,27,28.06,6.2
10.75,77.25,2021,3,27,28.18,6.14
11.25,74.25,2021,3,27,29.49,6.42
11.25,74.75,2021,3,27,29.49,6.42
11.25,75.25,2021,3,27,29.46,6.63
11.25,75.75,2021,3,27,29.03,6.63
11.25,76.25,2021,3,27,27.5,6.47
11.25,76.75,2021,3,27,27.19,6.47
11.25,77.25,2021,3,27,28.73,6.31
11.75,74.25,2021,3,27,29.62,6.42
11.75,74.75,2021,3,27,29.74,6.42
11.75,75.25,2021,3,27,29.41,6.63
11.75,75.75,2021,3,27,28.43,6.63
11.75,76.25,2021,3,27,26.87,6.47
11.75,76.75,2021,3,27,26.79,6.47
11.75,77.25,2021,3,27,28.19,6.31
12.25,74.25,2021,3,27,29.87,6.54
12.25,74.75,2021,3,27,30.13,6.54
12.25,75.25,2021,3,27,29.56,6.72
12.25,75.75,2021,3,27,28.28,6.72
12.25,76.25,2021,3,27,27.4,6.63
12.25,76.75,2021,3,27,27.62,6.63
12.25,77.25,2021,3,27,27.86,6.49
12.75,74.25,2021,3,27,30.15,6.54
12.75,74.75,2021,3,27,30.5,6.54
12.75,75.25,2021,3,27,29.79,6.72
12.75,75.75,2021,3,27,28.34,6.72
12.75,76.25,2021,3,27,27.81,6.63
12.75,76.75,2021,3,27,28.12,6.63
12.75,77.25,2021,3,27,27.63,6.49
8.25,74.25,2021,3,28,28.59,6.21
8.25,74.75,2021,3,28,28.46,6.21
8.25,75.25,2021,3,28,28.35,6.45
8.25,75.75,2021,3,28,28.27,6.45
8.25,76.25,2021,3,28,28.21,6.4
8.25,76.75,2021,3,28,28.22,6.4
8.25,77.25,2021,3,28,27.88,5.81
8.75,74.25,2021,3,28,28.65,6.21
8.75,74.75,2021,3,28,28.52,6.21
8.75,75.25,2021,3,28,28.37,6.45
8.75,75.75,2021,3,28,28.27,6.45
8.75,76.25,2021,3,28,28.4,6.4
8.75,76.75,2021,3,28,28.03,6.4
8.75,77.25,2021,3,28,27.65,5.81
9.25,74.25,2021,3,28,28.76,5.25
9.25,74.75,2021,3,28,28.61,5.25
9.25,75.25,2021,3,28,28.4,6.04
9.25,75.75,2021,3,28,28.34,6.04
9.25,76.25,2021,3,28,28.87,5.66
9.25,76.75,2021,3,28,27.29,5.66
9.25,77.25,2021,3,28,27.02,6.2
9.75,74.25,2021,3,28,28.8,5.25
9.75,74.75,2021,3,28,28.69,5.25
9.75,75.25,2021,3,28,28.56,6.04
9.75,75.75,2021,3,28,28.57,6.04
9.75,76.25,2021,3,28,29.14,5.66
9.75,76.75,2021,3,28,26.2,5.66
9.75,77.25,2021,3,28,25.64,6.2
10.25,74.25,2021,3,28,28.86,4.79
10.25,74.75,2021,3,28,28.77,4.79
10.25,75.25,2021,3,28,28.74,4.83
10.25,75.75,2021,3,28,28.87,4.83
10.25,76.25,2021,3,28,29.28,5.16
10.25,76.75,2021,3,28,26.46,5.16
10.25,77.25,2021,3,28,25.84,5.74
10.75,74.25,2021,3,28,29.02,4.79
10.75,74.75,2021,3,28,28.9,4.79
10.75,75.25,2021,3,28,28.9,4.83
10.75,75.75,2021,3,28,28.95,4.83
10.75,76.25,2021,3,28,28.76,5.16
10.75,76.75,2021,3,28,27.59,5.16
10.75,77.25,2021,3,28,27.94,5.74
11.25,74.25,2021,3,28,29.16,5.12
11.25,74.75,2021,3,28,29.09,5.12
11.25,75.25,2021,3,28,28.98,4.86
11.25,75.75,2021,3,28,28.55,4.86
11.25,76.25,2021,3,28,27.29,4.76
11.25,76.75,2021,3,28,27.2,4.76
11.25,77.25,2021,3,28,28.9,5.44
11.75,74.25,2021,3,28,29.33,5.12
11.75,74.75,2021,3,28,29.32,5.12
11.75,75.25,2021,3,28,28.94,4.86
11.75,75.75,2021,3,28,28.04,4.86
11.75,76.25,2021,3,28,26.8,4.76
11.75,76.75,2021,3,28,26.99,4.76
11.75,77.25,2021,3,28,28.49,5.44
12.25,74.25,2021,3,28,29.56,5.38
12.25,74.75,2021,3,28,29.66,5.38
12.25,75.25,2021,3,28,29.07,4.85
12.25,75.75,2021,3,28,27.97,4.85
12.25,76.25,2021,3,28,27.49,5.28
12.25,76.75,2021,3,28,27.9,5.28
12.25,77.25,2021,3,28,28.15,5.04
12.75,74.25,2021,3,28,29.78,5.38
12.75,74.75,2021,3,28,29.99,5.38
12.75,75.25,2021,3,28,29.25,4.85
12.75,75.75,2021,3,28,28.03,4.85
12.75,76.25,2021,3,28,28.16,5.28
12.75,76.75,2021,3,28,28.5,5.28
12.75,77.25,2021,3,28,27.82,5.04
8.25,74.25,2021,3,29,28.77,6.52
8.25,74.75,2021,3,29,28.78,6.52
8.25,75.25,2021,3,29,28.74,6.62
8.25,75.75,2021,3,29,28.67,6.62
8.25,76.25,2021,3,29,28.6,6.72
8.25,76.75,2021,3,29,28.39,6.72
8.25,77.25,2021,3,29,28,6.08
8.75,74.25,2021,3,29,28.72,6.52
8.75,74.75,2021,3,29,28.69,6.52
8.75,75.25,2021,3,29,28.64,6.62
8.75,75.75,2021,3,29,28.58,6.62
8.75,76.25,2021,3,29,28.57,6.72
8.75,76.75,2021,3,29,27.93,6.72
8.75,77.25,2021,3,29,27.59,6.08
9.25,74.25,2021,3,29,28.56,6.4
9.25,74.75,2021,3,29,28.51,6.4
9.25,75.25,2021,3,29,28.47,6.49
9.25,75.75,2021,3,29,28.52,6.49
9.25,76.25,2021,3,29,28.81,6.41
9.25,76.75,2021,3,29,27.28,6.41
9.25,77.25,2021,3,29,27.11,6.46
9.75,74.25,2021,3,29,28.44,6.4
9.75,74.75,2021,3,29,28.36,6.4
9.75,75.25,2021,3,29,28.34,6.49
9.75,75.75,2021,3,29,28.46,6.49
9.75,76.25,2021,3,29,28.93,6.41
9.75,76.75,2021,3,29,26.49,6.41
9.75,77.25,2021,3,29,26.2,6.46
10.25,74.25,2021,3,29,28.48,5.91
10.25,74.75,2021,3,29,28.37,5.91
10.25,75.25,2021,3,29,28.32,5.9
10.25,75.75,2021,3,29,28.44,5.9
10.25,76.25,2021,3,29,28.9,5.75
10.25,76.75,2021,3,29,26.84,5.75
10.25,77.25,2021,3,29,26.66,5.79
10.75,74.25,2021,3,29,28.67,5.91
10.75,74.75,2021,3,29,28.5,5.91
10.75,75.25,2021,3,29,28.43,5.9
10.75,75.75,2021,3,29,28.43,5.9
10.75,76.25,2021,3,29,28.33,5.75
10.75,76.75,2021,3,29,27.76,5.75
10.75,77.25,2021,3,29,28.59,5.79
11.25,74.25,2021,3,29,28.93,5.71
11.25,74.75,2021,3,29,28.75,5.71
11.25,75.25,2021,3,29,28.6,5.87
11.25,75.75,2021,3,29,28.24,5.87
11.25,76.25,2021,3,29,27.15,5.59
11.25,76.75,2021,3,29,27.33,5.59
11.25,77.25,2021,3,29,29.36,5.55
11.75,74.25,2021,3,29,29.2,5.71
11.75,74.75,2021,3,29,29.09,5.71
11.75,75.25,2021,3,29,28.72,5.87
11.75,75.75,2021,3,29,27.99,5.87
11.75,76.25,2021,3,29,26.99,5.59
11.75,76.75,2021,3,29,27.38,5.59
11.75,77.25,2021,3,29,29,5.55
12.25,74.25,2021,3,29,29.38,5.65
12.25,74.75,2021,3,29,29.42,5.65
12.25,75.25,2021,3,29,28.89,5.4
12.25,75.75,2021,3,29,27.99,5.4
12.25,76.25,2021,3,29,27.78,5.68
12.25,76.75,2021,3,29,28.55,5.68
12.25,77.25,2021,3,29,28.99,5.39
12.75,74.25,2021,3,29,29.58,5.65
12.75,74.75,2021,3,29,29.75,5.65
12.75,75.25,2021,3,29,29.11,5.4
12.75,75.75,2021,3,29,28.05,5.4
12.75,76.25,2021,3,29,28.28,5.68
12.75,76.75,2021,3,29,29.04,5.68
12.75,77.25,2021,3,29,28.88,5.39
8.25,74.25,2021,3,30,29.45,6.45
8.25,74.75,2021,3,30,29.46,6.45
8.25,75.25,2021,3,30,29.36,6.76
8.25,75.75,2021,3,30,29.22,6.76
8.25,76.25,2021,3,30,29.15,6.75
8.25,76.75,2021,3,30,28.79,6.75
8.25,77.25,2021,3,30,28.48,6.45
8.75,74.25,2021,3,30,29.34,6.45
8.75,74.75,2021,3,30,29.38,6.45
8.75,75.25,2021,3,30,29.34,6.76
8.75,75.75,2021,3,30,29.24,6.76
8.75,76.25,2021,3,30,29.15,6.75
8.75,76.75,2021,3,30,27.91,6.75
8.75,77.25,2021,3,30,27.78,6.45
9.25,74.25,2021,3,30,29.2,6.63
9.25,74.75,2021,3,30,29.21,6.63
9.25,75.25,2021,3,30,29.19,6.74
9.25,75.75,2021,3,30,29.14,6.74
9.25,76.25,2021,3,30,29.09,6.88
9.25,76.75,2021,3,30,27.05,6.88
9.25,77.25,2021,3,30,27.48,6.69
9.75,74.25,2021,3,30,29.06,6.63
9.75,74.75,2021,3,30,29.05,6.63
9.75,75.25,2021,3,30,29.05,6.74
9.75,75.75,2021,3,30,29,6.74
9.75,76.25,2021,3,30,28.84,6.88
9.75,76.75,2021,3,30,26.44,6.88
9.75,77.25,2021,3,30,26.72,6.69
10.25,74.25,2021,3,30,28.89,6.31
10.25,74.75,2021,3,30,28.88,6.31
10.25,75.25,2021,3,30,28.92,6.19
10.25,75.75,2021,3,30,28.93,6.19
10.25,76.25,2021,3,30,28.76,6.39
10.25,76.75,2021,3,30,27.01,6.39
10.25,77.25,2021,3,30,27.2,6.56
10.75,74.25,2021,3,30,28.79,6.31
10.75,74.75,2021,3,30,28.74,6.31
10.75,75.25,2021,3,30,28.76,6.19
10.75,75.75,2021,3,30,28.7,6.19
10.75,76.25,2021,3,30,28.25,6.39
10.75,76.75,2021,3,30,28.16,6.39
10.75,77.25,2021,3,30,29.35,6.56
11.25,74.25,2021,3,30,28.84,6.24
11.25,74.75,2021,3,30,28.74,6.24
11.25,75.25,2021,3,30,28.58,6.3
11.25,75.75,2021,3,30,28.17,6.3
11.25,76.25,2021,3,30,27.24,6.24
11.25,76.75,2021,3,30,28.09,6.24
11.25,77.25,2021,3,30,30.46,6.12
11.75,74.25,2021,3,30,29.01,6.24
11.75,74.75,2021,3,30,28.86,6.24
11.75,75.25,2021,3,30,28.4,6.3
11.75,75.75,2021,3,30,27.73,6.3
11.75,76.25,2021,3,30,27.34,6.24
11.75,76.75,2021,3,30,28.35,6.24
11.75,77.25,2021,3,30,30.23,6.12
12.25,74.25,2021,3,30,29.21,6.18
12.25,74.75,2021,3,30,29.02,6.18
12.25,75.25,2021,3,30,28.34,6.05
12.25,75.75,2021,3,30,27.63,6.05
12.25,76.25,2021,3,30,28.27,6
12.25,76.75,2021,3,30,29.41,6
12.25,77.25,2021,3,30,30.08,6.21
12.75,74.25,2021,3,30,29.34,6.18
12.75,74.75,2021,3,30,29.17,6.18
12.75,75.25,2021,3,30,28.38,6.05
12.75,75.75,2021,3,30,27.61,6.05
12.75,76.25,2021,3,30,28.61,6
12.75,76.75,2021,3,30,29.75,6
12.75,77.25,2021,3,30,29.78,6.21
8.25,74.25,2021,3,31,29.2,7
8.25,74.75,2021,3,31,29.23,7
8.25,75.25,2021,3,31,29.2,6.86
8.25,75.75,2021,3,31,29.13,6.86
8.25,76.25,2021,3,31,29.06,6.65
8.25,76.75,2021,3,31,29,6.65
8.25,77.25,2021,3,31,29.04,6.68
8.75,74.25,2021,3,31,29.26,7
8.75,74.75,2021,3,31,29.25,7
8.75,75.25,2021,3,31,29.23,6.86
8.75,75.75,2021,3,31,29.2,6.86
8.75,76.25,2021,3,31,29.23,6.65
8.75,76.75,2021,3,31,28.57,6.65
8.75,77.25,2021,3,31,28.83,6.68
9.25,74.25,2021,3,31,29.33,6.7
9.25,74.75,2021,3,31,29.28,6.7
9.25,75.25,2021,3,31,29.24,6.59
9.25,75.75,2021,3,31,29.25,6.59
9.25,76.25,2021,3,31,29.39,6.49
9.25,76.75,2021,3,31,27.76,6.49
9.25,77.25,2021,3,31,28.36,6.71
9.75,74.25,2021,3,31,29.34,6.7
9.75,74.75,2021,3,31,29.29,6.7
9.75,75.25,2021,3,31,29.26,6.59
9.75,75.75,2021,3,31,29.28,6.59
9.75,76.25,2021,3,31,29.35,6.49
9.75,76.75,2021,3,31,27,6.49
9.75,77.25,2021,3,31,27.59,6.71
10.25,74.25,2021,3,31,29.25,6.35
10.25,74.75,2021,3,31,29.23,6.35
10.25,75.25,2021,3,31,29.27,6.37
10.25,75.75,2021,3,31,29.32,6.37
10.25,76.25,2021,3,31,29.33,5.81
10.25,76.75,2021,3,31,27.47,5.81
10.25,77.25,2021,3,31,28.22,6.66
10.75,74.25,2021,3,31,29.22,6.35
10.75,74.75,2021,3,31,29.22,6.35
10.75,75.25,2021,3,31,29.3,6.37
10.75,75.75,2021,3,31,29.27,6.37
10.75,76.25,2021,3,31,28.8,5.81
10.75,76.75,2021,3,31,28.63,5.81
10.75,77.25,2021,3,31,30.34,6.66
11.25,74.25,2021,3,31,29.3,5.83
11.25,74.75,2021,3,31,29.32,5.83
11.25,75.25,2021,3,31,29.26,5.44
11.25,75.75,2021,3,31,28.86,5.44
11.25,76.25,2021,3,31,27.75,5.98
11.25,76.75,2021,3,31,28.74,5.98
11.25,77.25,2021,3,31,31.44,6.73
11.75,74.25,2021,3,31,29.42,5.83
11.75,74.75,2021,3,31,29.39,5.83
11.75,75.25,2021,3,31,28.99,5.44
11.75,75.75,2021,3,31,28.33,5.44
11.75,76.25,2021,3,31,27.99,5.98
11.75,76.75,2021,3,31,29.43,5.98
11.75,77.25,2021,3,31,31.61,6.73
12.25,74.25,2021,3,31,29.47,5.78
12.25,74.75,2021,3,31,29.36,5.78
12.25,75.25,2021,3,31,28.71,5.35
12.25,75.75,2021,3,31,28.14,5.35
12.25,76.25,2021,3,31,29.25,6.49
12.25,76.75,2021,3,31,30.97,6.49
12.25,77.25,2021,3,31,31.92,6.56
12.75,74.25,2021,3,31,29.49,5.78
12.75,74.75,2021,3,31,29.4,5.78
12.75,75.25,2021,3,31,28.68,5.35
12.75,75.75,2021,3,31,28.17,5.35
12.75,76.25,2021,3,31,29.92,6.49
12.75,76.75,2021,3,31,31.44,6.49
12.75,77.25,2021,3,31,31.57,6.56